
[STUDENT] aligned <- runs/iteration_round_1/M3_alpha0p1/checkpoint.pt
[load] loaded student state from runs/iteration_round_1/M3_alpha0p1/checkpoint.pt
  [dataset] breeds_super13
[data] loading ALL imagenet-val bytes (50000 images) into memory ...
[data] loaded 50000 image byte-strings (6.71 GB in-memory)
extract:   0%|          | 0/6 [00:00<?, ?it/s]extract:  17%|█▋        | 1/6 [00:00<00:04,  1.18it/s]extract:  33%|███▎      | 2/6 [00:01<00:02,  1.61it/s]extract:  50%|█████     | 3/6 [00:01<00:01,  1.83it/s]extract:  67%|██████▋   | 4/6 [00:02<00:01,  1.85it/s]extract:  83%|████████▎ | 5/6 [00:02<00:00,  1.83it/s]extract: 100%|██████████| 6/6 [00:03<00:00,  1.88it/s]extract: 100%|██████████| 6/6 [00:03<00:00,  1.79it/s]
extract:   0%|          | 0/49 [00:00<?, ?it/s]extract:   2%|▏         | 1/49 [00:00<00:22,  2.14it/s]extract:   4%|▍         | 2/49 [00:00<00:22,  2.10it/s]extract:   6%|▌         | 3/49 [00:01<00:22,  2.08it/s]extract:   8%|▊         | 4/49 [00:01<00:21,  2.09it/s]extract:  10%|█         | 5/49 [00:02<00:21,  2.05it/s]extract:  12%|█▏        | 6/49 [00:02<00:21,  2.00it/s]extract:  14%|█▍        | 7/49 [00:03<00:21,  1.99it/s]extract:  16%|█▋        | 8/49 [00:04<00:22,  1.86it/s]extract:  18%|█▊        | 9/49 [00:04<00:21,  1.88it/s]extract:  20%|██        | 10/49 [00:05<00:20,  1.88it/s]extract:  22%|██▏       | 11/49 [00:05<00:18,  2.00it/s]extract:  24%|██▍       | 12/49 [00:06<00:19,  1.92it/s]extract:  27%|██▋       | 13/49 [00:06<00:19,  1.86it/s]extract:  29%|██▊       | 14/49 [00:07<00:18,  1.85it/s]extract:  31%|███       | 15/49 [00:07<00:17,  1.92it/s]extract:  33%|███▎      | 16/49 [00:08<00:16,  1.95it/s]extract:  35%|███▍      | 17/49 [00:08<00:16,  1.97it/s]extract:  37%|███▋      | 18/49 [00:09<00:15,  2.03it/s]extract:  39%|███▉      | 19/49 [00:09<00:14,  2.08it/s]extract:  41%|████      | 20/49 [00:10<00:14,  2.06it/s]extract:  43%|████▎     | 21/49 [00:10<00:14,  1.99it/s]extract:  45%|████▍     | 22/49 [00:11<00:13,  2.00it/s]extract:  47%|████▋     | 23/49 [00:11<00:13,  1.95it/s]extract:  49%|████▉     | 24/49 [00:12<00:12,  1.99it/s]extract:  51%|█████     | 25/49 [00:12<00:12,  1.92it/s]extract:  53%|█████▎    | 26/49 [00:13<00:11,  1.96it/s]extract:  55%|█████▌    | 27/49 [00:13<00:11,  1.98it/s]extract:  57%|█████▋    | 28/49 [00:14<00:11,  1.90it/s]extract:  59%|█████▉    | 29/49 [00:14<00:10,  1.90it/s]extract:  61%|██████    | 30/49 [00:15<00:10,  1.84it/s]extract:  63%|██████▎   | 31/49 [00:15<00:09,  1.83it/s]extract:  65%|██████▌   | 32/49 [00:16<00:09,  1.87it/s]extract:  67%|██████▋   | 33/49 [00:17<00:08,  1.83it/s]extract:  69%|██████▉   | 34/49 [00:17<00:08,  1.84it/s]extract:  71%|███████▏  | 35/49 [00:18<00:08,  1.69it/s]extract:  73%|███████▎  | 36/49 [00:18<00:07,  1.75it/s]extract:  76%|███████▌  | 37/49 [00:19<00:06,  1.78it/s]extract:  78%|███████▊  | 38/49 [00:19<00:06,  1.72it/s]extract:  80%|███████▉  | 39/49 [00:20<00:05,  1.76it/s]extract:  82%|████████▏ | 40/49 [00:21<00:05,  1.79it/s]extract:  84%|████████▎ | 41/49 [00:21<00:04,  1.86it/s]extract:  86%|████████▌ | 42/49 [00:22<00:03,  1.91it/s]extract:  88%|████████▊ | 43/49 [00:22<00:03,  1.95it/s]extract:  90%|████████▉ | 44/49 [00:22<00:02,  2.02it/s]extract:  92%|█████████▏| 45/49 [00:23<00:01,  2.01it/s]extract:  94%|█████████▍| 46/49 [00:23<00:01,  2.00it/s]extract:  96%|█████████▌| 47/49 [00:24<00:01,  1.83it/s]extract:  98%|█████████▊| 48/49 [00:25<00:00,  1.87it/s]extract: 100%|██████████| 49/49 [00:25<00:00,  2.14it/s]extract: 100%|██████████| 49/49 [00:25<00:00,  1.93it/s]
    -> {'top1_accuracy': 0.442159383033419, 'ci95_low': 0.42528116966580976, 'ci95_high': 0.4606442802056555, 'n_test': 3112, 'n_train_per_class': 1, 'n_classes': 13, 'correct_per_example': [0, 0, 0, 0, 0, 0, 0, 1, 0, 1, 0, 0, 1, 0, 0, 0, 0, 0, 0, 0, 0, 0, 0, 0, 1, 1, 1, 0, 0, 0, 1, 0, 0, 0, 0, 0, 0, 0, 0, 0, 0, 0, 0, 0, 0, 0, 0, 1, 0, 0, 1, 1, 0, 1, 0, 1, 0, 0, 0, 0, 0, 0, 0, 0, 1, 0, 0, 0, 0, 0, 0, 0, 0, 0, 0, 0, 0, 0, 0, 0, 0, 0, 1, 1, 0, 0, 1, 1, 0, 0, 0, 0, 0, 1, 0, 0, 1, 1, 0, 1, 0, 0, 1, 0, 0, 0, 1, 0, 0, 0, 1, 0, 1, 0, 0, 0, 0, 0, 0, 1, 0, 0, 1, 0, 0, 0, 0, 0, 0, 0, 1, 0, 1, 0, 0, 1, 0, 0, 0, 0, 1, 0, 0, 0, 0, 0, 0, 0, 0, 0, 0, 0, 0, 0, 0, 0, 0, 0, 0, 0, 0, 0, 0, 0, 0, 0, 0, 1, 1, 1, 0, 0, 0, 1, 0, 0, 1, 1, 1, 1, 1, 1, 0, 0, 0, 0, 0, 0, 0, 0, 0, 1, 0, 1, 1, 0, 0, 1, 0, 1, 1, 1, 0, 0, 0, 1, 0, 0, 0, 0, 0, 0, 0, 0, 0, 0, 0, 0, 0, 0, 1, 0, 0, 0, 0, 0, 0, 0, 1, 0, 0, 0, 0, 0, 0, 1, 0, 0, 1, 0, 0, 0, 0, 0, 0, 0, 0, 0, 0, 0, 0, 0, 0, 0, 0, 0, 0, 0, 0, 0, 0, 0, 0, 0, 0, 0, 0, 0, 0, 0, 0, 0, 0, 0, 0, 0, 0, 0, 0, 0, 0, 0, 0, 0, 0, 0, 0, 0, 0, 0, 0, 0, 0, 0, 0, 0, 0, 0, 0, 0, 0, 0, 0, 0, 0, 0, 0, 0, 0, 0, 0, 0, 0, 0, 0, 0, 0, 0, 0, 0, 0, 0, 0, 0, 0, 0, 0, 0, 0, 0, 0, 0, 0, 0, 0, 0, 0, 0, 0, 0, 0, 0, 0, 0, 0, 0, 0, 0, 0, 0, 0, 0, 0, 0, 0, 0, 0, 0, 0, 0, 0, 0, 0, 0, 0, 0, 0, 0, 0, 0, 0, 0, 0, 0, 0, 0, 0, 0, 0, 0, 0, 0, 0, 0, 1, 1, 1, 1, 1, 1, 1, 1, 1, 1, 1, 1, 1, 1, 1, 1, 1, 1, 1, 1, 1, 1, 1, 1, 1, 1, 1, 1, 1, 1, 1, 1, 1, 0, 1, 1, 1, 1, 0, 1, 1, 1, 1, 1, 1, 1, 1, 1, 1, 1, 1, 1, 1, 1, 1, 1, 1, 1, 1, 1, 1, 1, 1, 1, 1, 1, 1, 1, 1, 1, 1, 1, 1, 1, 1, 1, 1, 1, 0, 1, 1, 1, 1, 1, 1, 1, 1, 1, 1, 1, 1, 1, 1, 1, 1, 1, 1, 1, 1, 1, 1, 1, 1, 1, 1, 1, 1, 0, 1, 1, 1, 1, 1, 1, 1, 1, 1, 1, 1, 1, 1, 1, 1, 1, 1, 1, 1, 1, 1, 1, 1, 1, 1, 1, 1, 1, 1, 1, 1, 1, 1, 1, 1, 1, 1, 1, 1, 0, 1, 1, 1, 1, 1, 1, 1, 1, 1, 1, 1, 1, 1, 1, 1, 1, 1, 1, 1, 1, 0, 1, 1, 1, 0, 1, 1, 1, 1, 1, 1, 1, 1, 1, 1, 1, 0, 0, 0, 0, 0, 0, 1, 1, 1, 1, 1, 1, 1, 1, 1, 1, 1, 1, 1, 1, 1, 1, 1, 1, 0, 1, 0, 0, 0, 0, 0, 0, 0, 0, 0, 0, 1, 0, 0, 0, 1, 1, 1, 1, 1, 1, 1, 1, 0, 1, 0, 1, 0, 1, 1, 0, 1, 1, 1, 1, 1, 1, 1, 1, 0, 0, 0, 0, 0, 0, 0, 0, 1, 1, 1, 1, 1, 1, 1, 1, 0, 0, 0, 0, 0, 1, 0, 0, 1, 1, 1, 1, 1, 1, 1, 1, 1, 0, 1, 1, 1, 1, 0, 1, 1, 1, 1, 1, 1, 1, 1, 1, 0, 0, 0, 0, 0, 0, 0, 0, 1, 1, 1, 1, 1, 1, 1, 1, 1, 0, 1, 0, 1, 1, 1, 1, 1, 1, 1, 1, 1, 0, 1, 1, 1, 1, 1, 1, 1, 1, 1, 1, 1, 1, 1, 1, 1, 1, 1, 1, 0, 0, 1, 0, 0, 1, 0, 0, 0, 0, 0, 0, 0, 0, 0, 0, 1, 1, 0, 1, 1, 1, 1, 1, 0, 0, 0, 0, 1, 1, 1, 1, 1, 1, 1, 1, 1, 1, 1, 1, 0, 0, 0, 1, 0, 0, 0, 0, 1, 1, 1, 1, 1, 1, 0, 1, 1, 0, 0, 0, 0, 0, 0, 0, 0, 0, 0, 0, 0, 0, 0, 0, 1, 1, 1, 1, 1, 1, 1, 0, 1, 1, 1, 1, 1, 1, 0, 1, 0, 0, 1, 0, 0, 0, 0, 0, 1, 1, 1, 0, 1, 1, 1, 1, 1, 1, 1, 1, 1, 1, 1, 1, 1, 1, 1, 1, 1, 1, 1, 1, 0, 0, 0, 1, 0, 1, 0, 0, 1, 1, 1, 1, 1, 1, 1, 1, 1, 1, 1, 1, 1, 1, 1, 1, 1, 0, 0, 0, 0, 0, 1, 0, 1, 1, 1, 1, 1, 1, 1, 1, 0, 0, 0, 0, 0, 1, 0, 0, 1, 1, 0, 1, 1, 1, 1, 0, 0, 0, 0, 0, 0, 0, 0, 0, 1, 0, 0, 1, 1, 1, 1, 1, 1, 0, 0, 1, 1, 1, 1, 0, 1, 1, 0, 0, 0, 1, 1, 0, 1, 1, 1, 1, 1, 1, 1, 1, 1, 1, 1, 0, 0, 0, 0, 0, 1, 1, 1, 1, 1, 1, 0, 1, 1, 1, 1, 1, 1, 1, 1, 1, 0, 0, 1, 0, 1, 1, 1, 1, 1, 0, 0, 0, 0, 1, 1, 0, 1, 1, 1, 1, 1, 1, 1, 1, 1, 1, 1, 1, 1, 1, 1, 1, 1, 1, 1, 1, 1, 1, 1, 1, 1, 1, 1, 1, 1, 1, 1, 1, 1, 0, 0, 0, 0, 0, 0, 0, 1, 1, 0, 1, 1, 1, 1, 1, 1, 1, 1, 1, 1, 1, 1, 1, 1, 1, 1, 1, 1, 1, 1, 1, 1, 1, 1, 1, 1, 1, 1, 1, 0, 0, 1, 0, 1, 1, 0, 1, 1, 1, 1, 1, 1, 1, 1, 1, 1, 0, 0, 0, 0, 1, 0, 0, 1, 1, 0, 1, 1, 0, 0, 0, 0, 0, 1, 0, 0, 0, 1, 0, 1, 1, 1, 1, 1, 1, 1, 1, 1, 0, 1, 0, 0, 0, 1, 0, 0, 0, 1, 0, 0, 0, 0, 0, 1, 1, 1, 1, 1, 1, 0, 1, 1, 1, 1, 1, 1, 1, 1, 1, 0, 0, 0, 0, 1, 1, 0, 0, 1, 1, 1, 1, 1, 1, 1, 1, 0, 1, 1, 0, 0, 0, 0, 0, 1, 1, 1, 1, 1, 1, 1, 1, 1, 0, 1, 1, 1, 1, 1, 1, 1, 1, 1, 1, 1, 1, 1, 1, 1, 1, 1, 1, 1, 1, 1, 1, 1, 1, 1, 1, 1, 1, 1, 1, 1, 1, 1, 1, 1, 1, 1, 1, 1, 1, 1, 1, 1, 1, 1, 1, 1, 1, 1, 1, 0, 1, 1, 1, 0, 0, 1, 0, 0, 1, 1, 0, 1, 1, 1, 0, 1, 1, 1, 1, 1, 1, 0, 1, 1, 1, 1, 0, 1, 1, 1, 1, 0, 1, 0, 1, 1, 1, 1, 1, 1, 1, 1, 1, 0, 0, 0, 0, 0, 0, 0, 0, 0, 0, 0, 0, 0, 0, 1, 0, 1, 1, 1, 1, 1, 1, 0, 1, 0, 0, 0, 0, 0, 0, 0, 0, 1, 1, 1, 1, 1, 1, 1, 0, 1, 1, 1, 1, 1, 1, 1, 1, 1, 1, 1, 1, 1, 1, 1, 1, 0, 1, 0, 0, 0, 0, 1, 0, 0, 0, 1, 1, 1, 1, 1, 1, 1, 1, 1, 0, 1, 1, 1, 1, 1, 1, 1, 1, 0, 1, 1, 1, 1, 1, 1, 1, 1, 1, 1, 1, 1, 0, 0, 0, 1, 1, 1, 1, 1, 1, 1, 1, 1, 1, 1, 1, 1, 1, 1, 1, 1, 1, 1, 1, 1, 1, 1, 1, 1, 1, 0, 1, 1, 1, 1, 1, 1, 0, 1, 1, 0, 0, 0, 0, 0, 0, 0, 0, 1, 1, 1, 1, 0, 1, 1, 1, 1, 0, 0, 1, 1, 1, 1, 1, 1, 1, 1, 1, 1, 1, 1, 1, 1, 1, 1, 1, 1, 1, 0, 1, 0, 0, 0, 0, 0, 0, 0, 0, 0, 0, 0, 0, 0, 0, 0, 0, 0, 0, 0, 0, 0, 0, 0, 0, 0, 0, 0, 0, 1, 0, 0, 1, 0, 0, 0, 0, 0, 0, 0, 0, 0, 0, 0, 0, 0, 0, 0, 0, 0, 0, 0, 1, 1, 0, 1, 0, 1, 0, 0, 1, 1, 0, 0, 0, 0, 1, 1, 1, 0, 1, 0, 1, 0, 0, 0, 0, 0, 0, 0, 0, 0, 0, 0, 0, 0, 0, 0, 0, 0, 0, 0, 0, 0, 0, 0, 0, 0, 0, 0, 0, 0, 0, 0, 0, 0, 0, 0, 0, 0, 0, 0, 0, 0, 0, 0, 0, 0, 0, 0, 0, 0, 0, 0, 0, 0, 0, 0, 0, 0, 0, 0, 0, 0, 0, 0, 0, 0, 0, 0, 0, 0, 0, 0, 0, 0, 1, 0, 0, 0, 1, 0, 0, 0, 0, 0, 0, 0, 0, 0, 0, 0, 0, 0, 0, 0, 0, 0, 0, 1, 0, 1, 0, 0, 0, 1, 0, 0, 0, 0, 0, 0, 0, 0, 0, 1, 0, 1, 0, 0, 0, 0, 0, 0, 0, 0, 0, 0, 0, 0, 0, 0, 0, 0, 0, 0, 0, 0, 0, 1, 0, 1, 0, 0, 0, 0, 1, 0, 0, 0, 0, 0, 0, 0, 0, 0, 0, 0, 0, 0, 0, 0, 0, 0, 0, 0, 0, 0, 0, 0, 0, 0, 0, 0, 1, 0, 0, 0, 0, 0, 0, 0, 0, 0, 0, 0, 0, 0, 0, 0, 0, 0, 0, 0, 0, 0, 0, 0, 0, 0, 0, 0, 0, 0, 0, 0, 0, 0, 0, 0, 0, 0, 0, 0, 0, 0, 0, 0, 0, 0, 0, 0, 0, 0, 0, 0, 0, 1, 1, 1, 0, 0, 0, 0, 0, 0, 0, 0, 0, 0, 0, 0, 0, 1, 0, 1, 0, 0, 1, 0, 0, 0, 0, 0, 0, 0, 0, 0, 0, 0, 1, 0, 0, 0, 0, 0, 0, 0, 0, 0, 1, 0, 0, 0, 0, 1, 0, 1, 1, 0, 0, 0, 0, 0, 1, 0, 0, 0, 0, 0, 0, 0, 0, 0, 0, 0, 0, 1, 0, 0, 0, 0, 0, 0, 0, 0, 0, 0, 0, 0, 1, 1, 1, 0, 1, 0, 0, 0, 0, 0, 0, 0, 0, 0, 0, 0, 0, 0, 0, 0, 0, 0, 0, 0, 1, 0, 0, 0, 0, 0, 0, 0, 0, 0, 0, 0, 0, 1, 1, 0, 1, 0, 0, 0, 0, 1, 0, 1, 1, 1, 1, 1, 0, 0, 1, 0, 0, 1, 0, 0, 0, 1, 1, 1, 1, 1, 1, 1, 1, 0, 1, 1, 0, 1, 1, 1, 1, 1, 1, 1, 0, 1, 1, 1, 1, 1, 1, 0, 0, 0, 0, 0, 1, 1, 1, 1, 1, 1, 1, 0, 1, 0, 1, 1, 1, 0, 0, 1, 1, 0, 1, 0, 1, 1, 1, 1, 0, 0, 1, 1, 0, 1, 1, 1, 1, 1, 1, 0, 1, 1, 1, 1, 1, 1, 1, 1, 1, 1, 1, 0, 1, 0, 1, 0, 1, 1, 0, 1, 1, 0, 1, 1, 1, 1, 1, 1, 1, 1, 1, 0, 0, 1, 1, 1, 1, 0, 0, 0, 0, 0, 0, 0, 0, 1, 0, 0, 1, 1, 1, 1, 1, 1, 1, 1, 1, 1, 1, 1, 1, 0, 1, 0, 0, 0, 0, 0, 1, 1, 1, 1, 1, 1, 0, 0, 1, 0, 1, 1, 0, 0, 1, 1, 0, 1, 1, 0, 1, 0, 1, 0, 0, 0, 0, 1, 1, 1, 1, 1, 1, 1, 0, 0, 0, 0, 1, 0, 0, 1, 0, 0, 0, 1, 0, 1, 1, 0, 0, 0, 1, 1, 1, 1, 1, 1, 0, 1, 0, 0, 1, 1, 0, 0, 0, 0, 0, 0, 0, 0, 0, 1, 1, 1, 1, 1, 1, 1, 1, 1, 1, 0, 1, 1, 1, 0, 1, 1, 1, 1, 1, 1, 1, 1, 1, 0, 1, 1, 1, 1, 0, 1, 1, 1, 1, 1, 1, 1, 1, 1, 1, 1, 1, 1, 1, 1, 1, 1, 1, 1, 1, 1, 1, 1, 1, 1, 1, 1, 1, 1, 1, 1, 1, 1, 1, 1, 1, 1, 1, 0, 1, 1, 1, 1, 1, 1, 0, 1, 1, 1, 0, 1, 1, 0, 1, 1, 1, 1, 0, 1, 1, 0, 1, 1, 1, 1, 1, 1, 1, 1, 1, 1, 1, 1, 1, 1, 1, 1, 1, 1, 1, 0, 1, 1, 1, 1, 1, 1, 1, 1, 0, 1, 1, 0, 1, 0, 0, 0, 1, 1, 1, 1, 0, 0, 1, 1, 1, 1, 1, 0, 1, 0, 0, 1, 1, 0, 0, 0, 1, 1, 1, 1, 0, 1, 0, 0, 0, 0, 1, 1, 1, 0, 0, 0, 1, 0, 0, 0, 0, 0, 0, 0, 0, 0, 0, 0, 0, 0, 0, 0, 0, 0, 0, 0, 1, 0, 0, 0, 0, 0, 0, 0, 0, 0, 0, 0, 0, 0, 0, 0, 0, 0, 0, 0, 0, 0, 0, 0, 0, 0, 0, 0, 0, 0, 0, 0, 0, 0, 0, 0, 0, 0, 0, 0, 0, 0, 0, 0, 0, 0, 0, 0, 0, 1, 0, 1, 0, 1, 1, 1, 1, 0, 0, 0, 0, 1, 0, 0, 0, 0, 0, 0, 0, 0, 0, 0, 0, 0, 0, 0, 0, 0, 0, 0, 0, 0, 0, 0, 0, 0, 0, 0, 0, 0, 0, 0, 0, 0, 0, 0, 0, 0, 0, 0, 0, 0, 0, 0, 0, 0, 0, 0, 0, 0, 0, 0, 0, 0, 0, 0, 0, 0, 0, 0, 0, 0, 0, 0, 0, 0, 0, 0, 0, 0, 1, 1, 1, 0, 1, 1, 1, 0, 0, 0, 0, 0, 0, 0, 0, 0, 0, 0, 0, 0, 0, 0, 0, 0, 0, 0, 0, 0, 0, 0, 0, 0, 0, 0, 0, 0, 0, 0, 0, 0, 0, 0, 0, 0, 0, 0, 0, 0, 0, 0, 0, 0, 0, 0, 0, 0, 0, 0, 0, 0, 0, 0, 0, 0, 0, 0, 0, 1, 0, 0, 0, 0, 0, 0, 0, 0, 0, 0, 0, 0, 0, 0, 0, 0, 0, 0, 0, 0, 0, 0, 0, 0, 0, 0, 0, 0, 0, 0, 0, 0, 0, 0, 0, 0, 0, 0, 0, 0, 0, 0, 0, 0, 0, 0, 0, 0, 0, 0, 0, 0, 0, 0, 0, 0, 0, 0, 0, 0, 0, 0, 0, 0, 0, 0, 0, 0, 0, 0, 0, 0, 1, 0, 0, 0, 0, 0, 0, 0, 0, 0, 0, 0, 0, 0, 0, 0, 0, 0, 0, 0, 0, 0, 0, 0, 0, 0, 0, 0, 0, 0, 0, 0, 0, 0, 0, 0, 0, 0, 0, 0, 0, 0, 0, 0, 0, 0, 0, 0, 0, 0, 0, 0, 0, 0, 0, 0, 0, 0, 0, 0, 0, 0, 0, 0, 0, 0, 0, 0, 0, 0, 0, 0, 0, 0, 0, 0, 0, 0, 0, 0, 0, 0, 0, 0, 0, 0, 0, 0, 0, 0, 0, 0, 0, 0, 0, 0, 0, 0, 0, 0, 0, 0, 0, 0, 0, 0, 0, 0, 0, 0, 0, 0, 0, 0, 0, 0, 0, 0, 0, 0, 0, 0, 0, 0, 0, 0, 0, 0, 0, 0, 0, 0, 0, 0, 0, 0, 0, 0, 0, 0, 0, 0, 0, 0, 0, 0, 0, 0, 1, 1, 0, 1, 1, 1, 1, 0, 1, 1, 1, 1, 0, 1, 1, 0, 0, 0, 0, 0, 0, 0, 0, 1, 1, 1, 1, 1, 1, 1, 1, 0, 0, 1, 0, 1, 0, 0, 0, 0, 0, 0, 0, 1, 0, 1, 0, 0, 0, 0, 0, 0, 0, 0, 0, 1, 0, 1, 0, 1, 1, 0, 1, 1, 1, 1, 1, 0, 1, 1, 0, 0, 0, 0, 0, 0, 1, 0, 0, 0, 0, 0, 0, 0, 0, 0, 0, 0, 0, 0, 0, 0, 0, 0, 0, 1, 1, 1, 1, 1, 1, 1, 1, 1, 1, 0, 1, 1, 0, 0, 1, 1, 1, 1, 0, 1, 1, 1, 1, 0, 0, 0, 1, 0, 0, 0, 1, 1, 1, 1, 1, 1, 1, 1, 1, 0, 0, 0, 1, 0, 0, 0, 1, 1, 0, 1, 0, 0, 1, 1, 1, 1, 1, 1, 1, 1, 1, 1, 1, 1, 1, 1, 1, 1, 1, 1, 1, 1, 0, 1, 1, 1, 1, 1, 1, 0, 1, 0, 1, 0, 0, 0, 1, 0, 0, 0, 0, 0, 1, 1, 0, 1, 1, 1, 1, 0, 1, 1, 1, 0, 0, 0, 0, 0, 0, 0, 0, 1, 0, 0, 0, 0, 0, 0, 0, 0, 0, 0, 0, 0, 0, 0, 0, 0, 0, 0, 0, 0, 0, 0, 0, 0, 0, 0, 0, 0, 0, 0, 0, 0, 1, 0, 0, 0, 0, 0, 0, 0, 0, 0, 0, 0, 0, 0, 0, 0, 0, 0, 0, 0, 0, 0, 0, 0, 0, 0, 0, 0, 0, 0, 0, 0, 0, 0, 0, 0, 0, 0, 0, 0, 0, 0, 0, 0, 0, 0, 0, 0, 1, 0, 0, 0, 0, 0, 0, 0, 0, 0, 0, 0, 0, 0, 0, 0, 0, 0, 0, 0, 0, 0, 0, 1, 1, 1, 1, 1, 1, 1, 1, 1, 1, 1, 1, 1, 1, 1, 1, 1, 1, 1, 1, 1, 1, 1, 1, 1, 1, 1, 1, 1, 1, 1, 1, 1, 1, 1, 1, 1, 1, 1, 1, 1, 1, 1, 1, 1, 1, 1, 1, 1, 1, 1, 1, 1, 1, 1, 1, 1, 1, 1, 1, 1, 0, 1, 1, 1, 1, 1, 1, 1, 1, 1, 1, 0, 1, 1, 1, 1, 0, 1, 0, 1, 1, 0, 1, 0, 0, 1, 1, 1, 1, 1, 1, 1, 1, 1, 1, 1, 1, 1, 1, 1, 1, 1, 1, 1, 1, 1, 1, 1, 1, 1, 1]}
  [dataset] breeds_super26
extract:   0%|          | 0/7 [00:00<?, ?it/s]extract:  14%|█▍        | 1/7 [00:00<00:03,  1.80it/s]extract:  29%|██▊       | 2/7 [00:01<00:02,  1.96it/s]extract:  43%|████▎     | 3/7 [00:01<00:01,  2.03it/s]extract:  57%|█████▋    | 4/7 [00:01<00:01,  2.11it/s]extract:  71%|███████▏  | 5/7 [00:02<00:00,  2.11it/s]extract:  86%|████████▌ | 6/7 [00:02<00:00,  2.14it/s]extract: 100%|██████████| 7/7 [00:03<00:00,  2.30it/s]extract: 100%|██████████| 7/7 [00:03<00:00,  2.16it/s]
extract:   0%|          | 0/57 [00:00<?, ?it/s]extract:   2%|▏         | 1/57 [00:00<00:32,  1.74it/s]extract:   4%|▎         | 2/57 [00:01<00:29,  1.88it/s]extract:   5%|▌         | 3/57 [00:01<00:32,  1.65it/s]extract:   7%|▋         | 4/57 [00:02<00:30,  1.71it/s]extract:   9%|▉         | 5/57 [00:02<00:30,  1.68it/s]extract:  11%|█         | 6/57 [00:03<00:29,  1.72it/s]extract:  12%|█▏        | 7/57 [00:04<00:31,  1.60it/s]extract:  14%|█▍        | 8/57 [00:04<00:30,  1.61it/s]extract:  16%|█▌        | 9/57 [00:05<00:28,  1.67it/s]extract:  18%|█▊        | 10/57 [00:05<00:26,  1.75it/s]extract:  19%|█▉        | 11/57 [00:06<00:25,  1.80it/s]extract:  21%|██        | 12/57 [00:06<00:23,  1.90it/s]extract:  23%|██▎       | 13/57 [00:07<00:23,  1.84it/s]extract:  25%|██▍       | 14/57 [00:07<00:22,  1.88it/s]extract:  26%|██▋       | 15/57 [00:08<00:23,  1.80it/s]extract:  28%|██▊       | 16/57 [00:09<00:24,  1.70it/s]extract:  30%|██▉       | 17/57 [00:09<00:22,  1.77it/s]extract:  32%|███▏      | 18/57 [00:10<00:21,  1.85it/s]extract:  33%|███▎      | 19/57 [00:10<00:20,  1.82it/s]extract:  35%|███▌      | 20/57 [00:11<00:20,  1.83it/s]extract:  37%|███▋      | 21/57 [00:11<00:19,  1.80it/s]extract:  39%|███▊      | 22/57 [00:12<00:19,  1.81it/s]extract:  40%|████      | 23/57 [00:13<00:18,  1.79it/s]extract:  42%|████▏     | 24/57 [00:13<00:19,  1.69it/s]extract:  44%|████▍     | 25/57 [00:14<00:19,  1.60it/s]extract:  46%|████▌     | 26/57 [00:15<00:21,  1.47it/s]extract:  47%|████▋     | 27/57 [00:15<00:20,  1.44it/s]extract:  49%|████▉     | 28/57 [00:16<00:20,  1.44it/s]extract:  51%|█████     | 29/57 [00:17<00:18,  1.49it/s]extract:  53%|█████▎    | 30/57 [00:17<00:17,  1.59it/s]extract:  54%|█████▍    | 31/57 [00:18<00:15,  1.69it/s]extract:  56%|█████▌    | 32/57 [00:19<00:18,  1.34it/s]extract:  58%|█████▊    | 33/57 [00:19<00:16,  1.47it/s]extract:  60%|█████▉    | 34/57 [00:20<00:15,  1.47it/s]extract:  61%|██████▏   | 35/57 [00:21<00:13,  1.60it/s]extract:  63%|██████▎   | 36/57 [00:21<00:12,  1.66it/s]extract:  65%|██████▍   | 37/57 [00:22<00:11,  1.74it/s]extract:  67%|██████▋   | 38/57 [00:22<00:10,  1.75it/s]extract:  68%|██████▊   | 39/57 [00:23<00:09,  1.82it/s]extract:  70%|███████   | 40/57 [00:23<00:09,  1.84it/s]extract:  72%|███████▏  | 41/57 [00:24<00:08,  1.84it/s]extract:  74%|███████▎  | 42/57 [00:24<00:08,  1.81it/s]extract:  75%|███████▌  | 43/57 [00:25<00:07,  1.83it/s]extract:  77%|███████▋  | 44/57 [00:27<00:12,  1.00it/s]extract:  79%|███████▉  | 45/57 [00:30<00:18,  1.54s/it]extract:  81%|████████  | 46/57 [00:32<00:20,  1.85s/it]extract:  82%|████████▏ | 47/57 [00:35<00:19,  1.99s/it]extract:  84%|████████▍ | 48/57 [00:35<00:13,  1.55s/it]extract:  86%|████████▌ | 49/57 [00:36<00:09,  1.23s/it]extract:  88%|████████▊ | 50/57 [00:36<00:07,  1.06s/it]extract:  89%|████████▉ | 51/57 [00:37<00:05,  1.06it/s]extract:  91%|█████████ | 52/57 [00:37<00:04,  1.24it/s]extract:  93%|█████████▎| 53/57 [00:38<00:02,  1.39it/s]extract:  95%|█████████▍| 54/57 [00:39<00:01,  1.51it/s]extract:  96%|█████████▋| 55/57 [00:39<00:01,  1.51it/s]extract:  98%|█████████▊| 56/57 [00:40<00:00,  1.60it/s]extract: 100%|██████████| 57/57 [00:40<00:00,  1.42it/s]
    -> {'top1_accuracy': 0.3195991091314031, 'ci95_low': 0.3056792873051225, 'ci95_high': 0.33505707126948775, 'n_test': 3592, 'n_train_per_class': 1, 'n_classes': 26, 'correct_per_example': [1, 0, 0, 0, 1, 0, 1, 0, 0, 0, 0, 0, 0, 0, 0, 0, 0, 0, 1, 0, 0, 0, 0, 0, 0, 0, 0, 0, 0, 0, 0, 0, 0, 0, 0, 0, 0, 0, 0, 0, 0, 0, 0, 0, 0, 0, 0, 0, 0, 0, 0, 0, 0, 0, 0, 0, 0, 0, 0, 0, 0, 0, 0, 0, 0, 0, 0, 0, 0, 0, 0, 0, 1, 0, 1, 1, 1, 1, 0, 1, 0, 1, 0, 0, 1, 0, 0, 1, 1, 1, 0, 1, 0, 1, 1, 0, 0, 1, 0, 0, 0, 0, 1, 1, 0, 1, 0, 1, 0, 1, 1, 0, 1, 0, 0, 1, 0, 1, 1, 1, 1, 1, 1, 1, 1, 1, 1, 1, 0, 0, 0, 0, 0, 1, 1, 0, 1, 1, 0, 1, 0, 0, 0, 0, 0, 1, 1, 1, 1, 1, 0, 1, 1, 0, 0, 1, 0, 1, 1, 1, 1, 1, 1, 1, 0, 0, 1, 1, 1, 1, 1, 1, 1, 1, 0, 1, 1, 1, 1, 1, 1, 1, 0, 0, 1, 1, 1, 1, 1, 1, 1, 1, 0, 1, 1, 1, 0, 1, 0, 0, 0, 1, 0, 1, 1, 1, 1, 0, 1, 0, 1, 1, 0, 1, 0, 1, 1, 0, 1, 1, 1, 0, 1, 1, 1, 0, 1, 1, 0, 0, 1, 1, 1, 1, 1, 0, 1, 0, 1, 0, 0, 1, 0, 1, 0, 0, 1, 0, 1, 1, 1, 1, 0, 1, 1, 1, 1, 1, 1, 1, 0, 1, 1, 1, 1, 1, 1, 1, 1, 1, 1, 1, 1, 1, 1, 1, 1, 1, 0, 1, 0, 1, 1, 0, 1, 0, 0, 1, 0, 1, 1, 1, 0, 0, 1, 0, 1, 0, 1, 1, 1, 1, 0, 1, 0, 0, 1, 0, 0, 0, 1, 0, 0, 0, 0, 0, 0, 0, 0, 0, 0, 0, 1, 0, 0, 0, 0, 0, 1, 0, 0, 0, 0, 1, 0, 0, 0, 0, 1, 1, 1, 0, 0, 1, 0, 1, 1, 1, 1, 0, 0, 1, 0, 0, 1, 0, 1, 0, 1, 0, 0, 0, 1, 0, 0, 0, 1, 0, 0, 1, 0, 1, 1, 1, 1, 1, 1, 0, 1, 1, 1, 1, 0, 0, 1, 1, 1, 0, 0, 1, 1, 0, 0, 0, 0, 0, 1, 1, 0, 1, 1, 1, 0, 0, 0, 0, 1, 0, 1, 1, 1, 0, 1, 1, 0, 0, 0, 0, 0, 0, 1, 0, 0, 0, 0, 1, 0, 0, 1, 0, 1, 0, 1, 0, 1, 1, 1, 0, 0, 0, 1, 1, 1, 0, 1, 1, 1, 1, 1, 0, 1, 0, 1, 0, 1, 0, 0, 1, 0, 0, 0, 0, 0, 1, 1, 0, 1, 1, 1, 0, 0, 0, 0, 0, 1, 1, 1, 1, 0, 1, 0, 0, 0, 0, 0, 0, 0, 0, 0, 0, 0, 0, 0, 0, 0, 0, 0, 0, 0, 0, 0, 0, 0, 0, 0, 0, 0, 0, 0, 0, 0, 0, 0, 0, 0, 0, 0, 0, 0, 0, 0, 0, 0, 0, 0, 0, 0, 0, 0, 0, 0, 0, 0, 0, 0, 0, 0, 0, 0, 0, 0, 0, 0, 0, 0, 0, 0, 0, 0, 0, 0, 0, 0, 0, 0, 0, 0, 0, 0, 0, 0, 0, 0, 0, 0, 0, 0, 0, 0, 0, 0, 0, 0, 0, 0, 0, 0, 0, 0, 0, 0, 0, 0, 0, 0, 0, 0, 0, 0, 0, 0, 0, 0, 0, 0, 0, 0, 0, 0, 0, 0, 0, 0, 0, 0, 0, 0, 0, 0, 0, 0, 0, 0, 0, 0, 0, 0, 0, 0, 0, 0, 0, 0, 0, 0, 0, 0, 0, 0, 0, 0, 0, 0, 0, 0, 0, 0, 0, 0, 0, 0, 0, 0, 0, 0, 0, 0, 0, 0, 0, 0, 0, 0, 0, 0, 0, 0, 0, 0, 0, 0, 0, 0, 0, 0, 0, 0, 0, 0, 0, 0, 0, 1, 1, 1, 1, 1, 1, 1, 1, 1, 1, 0, 1, 0, 0, 1, 1, 1, 1, 1, 1, 1, 1, 1, 0, 0, 0, 0, 0, 0, 0, 0, 0, 0, 0, 0, 1, 0, 0, 0, 0, 0, 0, 0, 0, 0, 0, 0, 0, 0, 0, 0, 0, 0, 0, 0, 1, 0, 0, 0, 0, 0, 0, 0, 0, 0, 0, 1, 0, 0, 0, 0, 1, 0, 1, 0, 0, 1, 1, 1, 0, 1, 0, 0, 0, 0, 0, 0, 1, 0, 1, 0, 0, 0, 1, 1, 1, 0, 0, 0, 1, 0, 1, 0, 0, 0, 0, 0, 0, 0, 0, 0, 0, 0, 0, 0, 0, 1, 0, 0, 0, 0, 0, 0, 0, 0, 0, 0, 0, 1, 1, 0, 0, 0, 1, 1, 0, 1, 0, 1, 1, 1, 1, 1, 1, 1, 1, 1, 1, 1, 1, 1, 1, 0, 1, 0, 1, 0, 0, 0, 0, 0, 0, 0, 0, 0, 0, 1, 0, 1, 1, 1, 0, 0, 0, 0, 0, 1, 1, 0, 0, 0, 1, 1, 0, 1, 1, 1, 1, 1, 1, 1, 1, 1, 0, 0, 1, 0, 0, 0, 0, 0, 0, 0, 0, 0, 1, 1, 0, 1, 0, 1, 0, 0, 0, 1, 1, 0, 0, 1, 0, 1, 1, 0, 0, 1, 0, 1, 0, 1, 1, 1, 0, 1, 0, 0, 0, 1, 0, 1, 0, 0, 0, 0, 0, 0, 0, 0, 0, 0, 0, 0, 0, 0, 0, 0, 0, 1, 1, 0, 1, 1, 1, 1, 1, 0, 0, 0, 1, 0, 0, 0, 0, 0, 0, 0, 0, 0, 0, 0, 0, 0, 0, 1, 1, 0, 0, 0, 0, 0, 0, 0, 0, 1, 0, 0, 0, 0, 0, 0, 0, 0, 0, 1, 0, 0, 0, 0, 0, 0, 0, 0, 0, 0, 1, 0, 1, 0, 0, 0, 0, 0, 0, 0, 0, 0, 0, 0, 0, 1, 0, 0, 1, 1, 0, 0, 1, 0, 0, 0, 0, 0, 0, 0, 0, 0, 0, 0, 0, 0, 0, 0, 0, 1, 0, 0, 0, 0, 0, 0, 0, 1, 1, 0, 1, 0, 1, 1, 1, 1, 0, 0, 0, 0, 1, 0, 0, 0, 0, 1, 0, 1, 0, 0, 0, 0, 0, 0, 0, 0, 0, 0, 0, 0, 0, 0, 0, 0, 0, 0, 0, 1, 1, 1, 0, 0, 0, 0, 0, 1, 1, 1, 1, 1, 1, 1, 1, 0, 1, 1, 0, 1, 1, 1, 1, 0, 0, 0, 0, 0, 0, 0, 0, 1, 1, 1, 0, 1, 1, 1, 1, 0, 0, 0, 0, 0, 0, 0, 0, 1, 1, 0, 1, 1, 1, 0, 1, 0, 0, 0, 1, 0, 0, 0, 1, 0, 0, 1, 1, 1, 0, 0, 1, 1, 0, 0, 0, 0, 0, 0, 0, 0, 1, 0, 1, 0, 0, 1, 0, 1, 0, 1, 0, 1, 0, 1, 0, 0, 1, 1, 0, 0, 0, 0, 0, 1, 0, 0, 1, 0, 0, 1, 0, 1, 1, 1, 1, 1, 1, 1, 1, 1, 0, 0, 1, 0, 1, 0, 1, 1, 0, 0, 1, 0, 0, 0, 1, 0, 1, 0, 1, 1, 1, 1, 0, 0, 0, 1, 0, 0, 0, 0, 1, 1, 0, 0, 0, 0, 0, 0, 0, 0, 1, 1, 1, 1, 1, 1, 1, 0, 0, 0, 0, 0, 0, 0, 1, 0, 0, 0, 0, 1, 0, 0, 0, 0, 0, 1, 1, 0, 0, 0, 0, 0, 1, 0, 0, 0, 1, 1, 1, 0, 0, 0, 0, 0, 0, 0, 0, 0, 0, 0, 0, 0, 0, 0, 0, 1, 1, 1, 1, 0, 1, 0, 0, 0, 0, 0, 0, 1, 0, 1, 0, 0, 0, 0, 0, 0, 0, 0, 0, 0, 1, 0, 1, 1, 1, 0, 1, 0, 0, 0, 0, 0, 0, 0, 0, 0, 1, 0, 0, 0, 1, 0, 1, 0, 1, 0, 1, 0, 0, 1, 1, 0, 0, 0, 0, 0, 0, 0, 0, 0, 0, 0, 0, 0, 1, 0, 0, 0, 0, 0, 1, 1, 0, 1, 0, 0, 0, 0, 0, 0, 0, 0, 0, 0, 0, 0, 0, 1, 0, 0, 0, 0, 0, 0, 0, 0, 0, 0, 1, 1, 0, 1, 0, 0, 0, 0, 1, 0, 0, 0, 0, 0, 0, 0, 0, 0, 0, 0, 0, 0, 0, 0, 0, 0, 0, 0, 0, 0, 0, 0, 0, 0, 0, 0, 0, 0, 1, 0, 0, 1, 0, 1, 1, 1, 0, 1, 1, 0, 0, 1, 0, 1, 0, 0, 0, 0, 0, 0, 1, 0, 0, 0, 0, 1, 0, 1, 0, 1, 1, 1, 1, 0, 1, 0, 1, 1, 1, 1, 1, 1, 1, 1, 1, 0, 1, 1, 1, 0, 1, 0, 1, 1, 1, 1, 1, 1, 1, 1, 1, 1, 1, 0, 0, 0, 0, 0, 1, 0, 0, 0, 0, 0, 0, 0, 0, 0, 0, 0, 0, 1, 0, 0, 0, 0, 0, 1, 0, 1, 1, 0, 0, 1, 0, 0, 0, 1, 1, 1, 1, 1, 1, 0, 0, 0, 1, 1, 0, 0, 0, 0, 0, 0, 0, 0, 0, 0, 0, 0, 0, 0, 0, 0, 0, 0, 0, 0, 0, 0, 0, 0, 0, 1, 0, 0, 0, 0, 1, 0, 1, 0, 0, 0, 0, 1, 1, 1, 1, 1, 1, 1, 1, 0, 0, 0, 0, 0, 0, 0, 0, 0, 1, 0, 0, 0, 0, 0, 0, 0, 0, 0, 0, 0, 0, 1, 0, 0, 0, 0, 0, 0, 0, 0, 0, 0, 0, 0, 1, 0, 1, 1, 0, 1, 0, 1, 0, 0, 1, 0, 0, 0, 0, 0, 0, 1, 0, 1, 0, 0, 0, 0, 0, 0, 1, 0, 0, 0, 0, 0, 0, 1, 0, 0, 0, 0, 0, 0, 0, 0, 1, 0, 0, 0, 1, 0, 0, 0, 0, 1, 0, 0, 0, 1, 1, 0, 0, 0, 1, 0, 0, 0, 0, 0, 0, 0, 0, 0, 0, 0, 0, 0, 0, 0, 0, 1, 0, 1, 1, 1, 1, 1, 1, 0, 0, 0, 0, 0, 0, 0, 0, 1, 0, 1, 1, 0, 1, 1, 1, 0, 1, 0, 0, 0, 0, 0, 0, 0, 0, 0, 1, 0, 1, 1, 0, 0, 0, 0, 0, 0, 0, 0, 0, 1, 1, 0, 0, 1, 0, 0, 1, 0, 1, 0, 0, 0, 0, 0, 1, 0, 0, 0, 0, 1, 0, 1, 0, 0, 0, 1, 0, 1, 1, 0, 0, 1, 1, 1, 1, 1, 1, 0, 1, 0, 0, 0, 1, 0, 1, 0, 0, 1, 0, 0, 0, 0, 1, 0, 0, 0, 1, 0, 0, 0, 0, 0, 1, 0, 0, 0, 0, 0, 0, 0, 0, 1, 1, 1, 1, 1, 1, 0, 0, 0, 0, 0, 0, 0, 0, 0, 0, 0, 1, 1, 1, 0, 0, 1, 0, 0, 0, 0, 0, 0, 0, 0, 0, 1, 1, 0, 0, 0, 0, 0, 1, 0, 0, 0, 0, 0, 1, 0, 0, 0, 0, 1, 0, 0, 0, 1, 0, 1, 0, 1, 1, 1, 0, 0, 1, 0, 0, 0, 0, 1, 0, 0, 0, 0, 0, 0, 0, 0, 0, 0, 0, 0, 0, 0, 0, 0, 0, 0, 0, 1, 0, 1, 1, 0, 0, 0, 1, 1, 0, 1, 0, 0, 0, 0, 1, 0, 0, 0, 0, 0, 0, 0, 0, 0, 0, 0, 0, 0, 1, 0, 1, 0, 0, 0, 1, 1, 0, 0, 1, 1, 1, 1, 1, 1, 1, 1, 1, 0, 0, 1, 0, 1, 1, 0, 1, 0, 0, 0, 0, 1, 0, 0, 0, 0, 0, 0, 0, 0, 0, 0, 0, 0, 0, 0, 0, 0, 0, 0, 0, 0, 0, 0, 0, 0, 0, 0, 1, 1, 0, 0, 1, 0, 0, 1, 0, 0, 0, 0, 1, 0, 0, 1, 0, 0, 1, 1, 0, 0, 0, 0, 0, 1, 1, 1, 1, 1, 0, 1, 1, 1, 0, 1, 0, 1, 0, 1, 1, 1, 1, 0, 1, 1, 1, 1, 1, 0, 0, 1, 1, 1, 1, 1, 1, 0, 0, 1, 1, 0, 0, 1, 1, 0, 0, 0, 1, 0, 0, 1, 0, 1, 1, 0, 0, 1, 1, 1, 1, 1, 1, 1, 0, 1, 0, 1, 1, 0, 1, 1, 1, 1, 1, 1, 1, 1, 1, 0, 1, 1, 0, 1, 0, 1, 0, 0, 1, 1, 0, 1, 0, 1, 1, 1, 1, 0, 1, 1, 1, 1, 1, 0, 1, 0, 1, 1, 0, 0, 0, 0, 1, 0, 1, 1, 1, 1, 1, 0, 1, 0, 1, 1, 1, 1, 1, 1, 1, 1, 1, 1, 0, 1, 1, 1, 1, 1, 1, 1, 1, 1, 1, 1, 1, 1, 0, 1, 0, 1, 0, 1, 0, 1, 1, 1, 1, 1, 1, 1, 1, 1, 1, 1, 1, 1, 1, 1, 0, 1, 1, 0, 1, 0, 0, 1, 0, 1, 1, 1, 0, 1, 1, 1, 1, 0, 1, 1, 1, 0, 1, 1, 0, 0, 0, 1, 0, 0, 0, 1, 1, 0, 1, 1, 1, 0, 0, 1, 0, 1, 0, 0, 1, 1, 1, 1, 1, 0, 1, 1, 1, 1, 1, 0, 1, 0, 0, 1, 0, 1, 1, 1, 1, 1, 1, 1, 1, 0, 0, 0, 0, 0, 0, 0, 0, 0, 0, 0, 0, 0, 0, 0, 0, 0, 1, 1, 1, 1, 1, 1, 1, 0, 0, 0, 0, 0, 0, 0, 0, 0, 0, 0, 0, 0, 0, 0, 0, 1, 1, 1, 1, 1, 1, 1, 1, 1, 1, 1, 1, 0, 1, 0, 1, 0, 0, 0, 0, 0, 0, 0, 0, 1, 0, 1, 0, 1, 1, 0, 0, 1, 1, 1, 0, 0, 1, 1, 1, 1, 1, 1, 1, 1, 0, 1, 1, 1, 1, 1, 1, 1, 0, 1, 0, 0, 1, 0, 0, 1, 1, 1, 0, 1, 1, 1, 0, 1, 1, 1, 1, 0, 1, 1, 1, 1, 1, 1, 1, 1, 1, 1, 0, 1, 0, 0, 0, 1, 1, 0, 0, 0, 0, 0, 1, 0, 0, 0, 0, 0, 0, 0, 0, 1, 0, 0, 0, 1, 1, 0, 0, 0, 0, 0, 0, 0, 0, 0, 0, 0, 0, 0, 0, 0, 0, 0, 0, 0, 0, 0, 0, 0, 0, 0, 0, 0, 0, 0, 0, 0, 0, 0, 0, 0, 1, 0, 0, 0, 1, 1, 0, 0, 0, 0, 0, 0, 0, 0, 0, 1, 0, 0, 0, 0, 0, 0, 0, 0, 0, 0, 0, 0, 0, 0, 0, 0, 0, 1, 1, 0, 0, 0, 0, 0, 0, 0, 0, 0, 0, 0, 0, 0, 0, 0, 0, 0, 0, 0, 0, 0, 0, 0, 0, 0, 0, 0, 0, 1, 0, 0, 0, 0, 0, 0, 0, 0, 0, 0, 0, 0, 0, 0, 0, 0, 0, 0, 0, 0, 0, 0, 0, 0, 0, 0, 0, 0, 0, 0, 0, 0, 0, 0, 0, 0, 0, 0, 0, 0, 0, 0, 0, 0, 0, 0, 0, 0, 0, 0, 0, 0, 0, 0, 0, 0, 0, 0, 0, 0, 0, 0, 0, 0, 0, 0, 0, 1, 0, 0, 0, 1, 0, 0, 0, 0, 0, 0, 0, 1, 0, 0, 0, 0, 1, 0, 1, 0, 0, 0, 0, 0, 0, 0, 0, 0, 0, 0, 1, 0, 0, 0, 0, 0, 0, 0, 0, 0, 0, 0, 0, 0, 0, 0, 0, 0, 0, 0, 0, 0, 0, 0, 0, 0, 0, 0, 1, 0, 0, 0, 0, 0, 0, 0, 0, 0, 0, 0, 0, 1, 0, 0, 0, 1, 0, 0, 1, 1, 0, 0, 1, 0, 0, 0, 0, 0, 0, 0, 0, 0, 0, 0, 0, 0, 0, 0, 0, 0, 1, 0, 0, 0, 0, 0, 0, 0, 1, 0, 0, 0, 1, 0, 0, 0, 0, 0, 0, 0, 0, 0, 1, 0, 0, 0, 0, 0, 0, 0, 0, 0, 0, 0, 0, 0, 0, 0, 0, 0, 0, 0, 0, 0, 0, 0, 0, 0, 0, 0, 0, 0, 0, 0, 0, 0, 0, 0, 0, 0, 0, 0, 0, 0, 1, 0, 0, 0, 0, 0, 0, 0, 0, 0, 0, 0, 0, 0, 0, 0, 0, 0, 1, 0, 0, 0, 0, 0, 0, 0, 0, 0, 0, 0, 0, 0, 0, 0, 0, 0, 0, 0, 0, 0, 0, 0, 0, 0, 0, 0, 0, 0, 0, 0, 0, 0, 0, 0, 0, 0, 0, 0, 0, 0, 0, 0, 0, 0, 0, 1, 1, 1, 1, 1, 1, 0, 0, 0, 0, 0, 0, 0, 0, 0, 0, 0, 0, 0, 0, 0, 0, 0, 0, 0, 0, 0, 0, 0, 0, 0, 0, 0, 0, 0, 0, 0, 0, 0, 0, 0, 0, 0, 0, 0, 0, 0, 0, 0, 0, 0, 0, 0, 0, 0, 0, 0, 0, 0, 0, 0, 0, 0, 0, 0, 0, 0, 0, 0, 0, 0, 0, 0, 0, 0, 0, 0, 0, 0, 0, 0, 0, 0, 0, 0, 0, 0, 0, 0, 0, 0, 0, 0, 0, 0, 0, 0, 0, 0, 0, 0, 0, 0, 0, 0, 0, 0, 0, 0, 0, 0, 0, 0, 0, 0, 0, 0, 0, 0, 0, 0, 0, 0, 0, 0, 0, 0, 0, 0, 1, 1, 0, 0, 0, 0, 0, 0, 0, 0, 0, 0, 0, 0, 0, 0, 0, 0, 0, 0, 0, 0, 0, 0, 0, 0, 0, 0, 0, 0, 0, 0, 0, 0, 0, 0, 0, 0, 1, 0, 0, 0, 0, 0, 0, 0, 0, 0, 0, 0, 0, 0, 0, 1, 1, 1, 0, 1, 1, 1, 1, 0, 0, 0, 0, 0, 0, 0, 0, 0, 0, 0, 0, 0, 0, 0, 0, 1, 1, 0, 0, 0, 0, 0, 0, 0, 0, 0, 0, 0, 0, 0, 0, 0, 0, 0, 0, 0, 0, 0, 0, 0, 0, 0, 0, 1, 0, 0, 0, 0, 0, 0, 0, 0, 0, 0, 0, 0, 1, 0, 1, 0, 0, 0, 0, 0, 1, 0, 0, 0, 1, 0, 1, 0, 1, 0, 0, 0, 1, 1, 0, 0, 0, 0, 0, 0, 0, 0, 1, 0, 0, 0, 0, 0, 1, 0, 0, 0, 0, 0, 0, 0, 1, 0, 1, 0, 0, 0, 0, 0, 0, 0, 0, 0, 0, 0, 0, 0, 0, 0, 0, 0, 0, 1, 0, 0, 0, 0, 0, 0, 0, 1, 0, 0, 1, 0, 0, 0, 0, 0, 0, 0, 0, 0, 0, 0, 0, 0, 0, 0, 0, 0, 0, 0, 0, 0, 0, 0, 0, 0, 0, 0, 0, 0, 0, 0, 0, 0, 0, 0, 0, 0, 0, 1, 0, 0, 0, 0, 0, 0, 0, 0, 0, 0, 0, 1, 0, 0, 0, 0, 0, 0, 0, 0, 0, 0, 1, 0, 0, 0, 0, 0, 1, 0, 1, 1, 0, 0, 1, 0, 1, 0, 1, 0, 1, 0, 0, 0, 1, 0, 0, 0, 0, 0, 0, 1, 1, 1, 1, 1, 1, 1, 1, 0, 1, 1, 1, 1, 0, 0, 0, 0, 0, 0, 0, 0, 1, 1, 1, 1, 1, 1, 1, 0, 1, 1, 1, 1, 1, 0, 0, 1, 0, 1, 1, 1, 0, 1, 1, 1, 0, 1, 1, 0, 0, 0, 0, 0, 0, 0, 0, 0, 0, 0, 0, 1, 0, 0, 1, 0, 0, 1, 1, 0, 1, 0, 0, 1, 1, 0, 0, 0, 0, 0, 0, 1, 1, 1, 0, 0, 0, 1, 0, 1, 1, 0, 0, 0, 0, 0, 0, 1, 1, 1, 1, 1, 1, 1, 1, 1, 1, 1, 1, 1, 0, 1, 1, 1, 1, 1, 1, 1, 0, 1, 1, 1, 1, 1, 1, 1, 1, 1, 1, 1, 1, 1, 1, 1, 1, 1, 1, 0, 1, 0, 1, 1, 0, 0, 0, 1, 0, 0, 0, 0, 0, 0, 0, 1, 1, 1, 1, 1, 1, 1, 1, 1, 1, 1, 1, 1, 1, 1, 1, 0, 0, 0, 0, 0, 0, 0, 0, 0, 0, 0, 0, 1, 0, 1, 0, 0, 1, 1, 0, 0, 0, 0, 1, 0, 0, 0, 1, 1, 0, 0, 0, 0, 0, 0, 1, 1, 1, 1, 0, 0, 0, 0, 0, 0, 1, 0, 0, 0, 1, 0, 0, 1, 0, 1, 1, 1, 0, 1, 0, 0, 0, 1, 1, 0, 1, 0, 0, 0, 0, 1, 0, 0, 0, 0, 0, 0, 0, 0, 0, 1, 1, 0, 1, 0, 1, 0, 1, 0, 0, 0, 0, 0, 0, 0, 0, 0, 0, 0, 0, 0, 0, 0, 0, 0, 0, 0, 0, 1, 0, 1, 0, 1, 1, 1, 0, 0, 1, 1, 1, 1, 0, 0, 1, 0, 0, 1, 1, 1, 1, 1, 1, 0, 1, 1, 0, 1, 0, 1, 1, 1, 1, 1, 0, 1, 1, 0, 0, 1, 1, 1, 1, 0, 0, 0, 0, 0, 0, 0, 0, 0, 1, 1, 1, 0, 1, 0, 1, 1, 0, 0, 0, 0, 0, 0, 0, 0, 0, 0, 0, 0, 0, 0, 0, 0, 1, 1, 1, 0, 1, 1, 1, 1, 1, 0, 1, 1, 0, 0, 1, 1, 1, 1, 0, 1, 1, 1, 1, 1, 1, 1, 1, 1, 1, 1, 1]}
  [dataset] imagenet_val_20_easy
extract:   0%|          | 0/1 [00:00<?, ?it/s]extract: 100%|██████████| 1/1 [00:00<00:00,  4.14it/s]extract: 100%|██████████| 1/1 [00:00<00:00,  4.14it/s]
extract:   0%|          | 0/8 [00:00<?, ?it/s]extract:  12%|█▎        | 1/8 [00:00<00:04,  1.51it/s]extract:  25%|██▌       | 2/8 [00:01<00:03,  1.76it/s]extract:  38%|███▊      | 3/8 [00:01<00:02,  1.84it/s]extract:  50%|█████     | 4/8 [00:02<00:02,  1.81it/s]extract:  62%|██████▎   | 5/8 [00:02<00:01,  1.85it/s]extract:  75%|███████▌  | 6/8 [00:03<00:01,  1.74it/s]extract:  88%|████████▊ | 7/8 [00:03<00:00,  1.79it/s]extract: 100%|██████████| 8/8 [00:04<00:00,  1.84it/s]extract: 100%|██████████| 8/8 [00:04<00:00,  1.80it/s]
    -> {'top1_accuracy': 0.608, 'ci95_low': 0.57, 'ci95_high': 0.65, 'n_test': 500, 'n_train_per_class': 1, 'n_classes': 20, 'correct_per_example': [0, 1, 0, 0, 1, 0, 1, 0, 0, 0, 1, 0, 0, 0, 1, 0, 1, 0, 0, 0, 0, 0, 0, 1, 0, 0, 0, 0, 0, 1, 0, 0, 1, 0, 0, 1, 0, 0, 1, 0, 1, 0, 1, 1, 0, 0, 0, 0, 0, 0, 1, 1, 1, 1, 0, 0, 1, 0, 0, 0, 0, 0, 1, 1, 0, 0, 1, 0, 1, 0, 0, 0, 0, 1, 1, 0, 0, 1, 0, 1, 1, 0, 1, 0, 1, 1, 1, 0, 0, 1, 0, 1, 1, 1, 0, 0, 1, 0, 0, 0, 0, 1, 1, 0, 0, 0, 1, 0, 0, 1, 0, 0, 0, 1, 1, 0, 0, 0, 1, 0, 0, 0, 1, 0, 0, 0, 1, 0, 1, 1, 0, 0, 0, 0, 0, 0, 1, 0, 0, 0, 0, 1, 1, 0, 0, 0, 1, 0, 0, 0, 0, 1, 0, 0, 1, 0, 1, 1, 1, 1, 0, 0, 1, 1, 1, 1, 0, 0, 1, 1, 1, 1, 1, 1, 0, 1, 1, 1, 1, 1, 1, 1, 1, 1, 1, 1, 1, 1, 1, 1, 1, 1, 1, 1, 1, 1, 1, 0, 1, 1, 0, 0, 1, 1, 1, 1, 1, 1, 1, 1, 0, 1, 1, 1, 1, 0, 1, 0, 0, 1, 1, 1, 1, 1, 1, 1, 1, 1, 1, 1, 1, 1, 1, 1, 1, 1, 1, 1, 1, 1, 1, 1, 1, 1, 1, 1, 1, 1, 1, 1, 1, 1, 1, 1, 1, 1, 1, 1, 1, 1, 1, 1, 0, 0, 1, 1, 1, 0, 1, 1, 1, 1, 0, 1, 1, 0, 0, 0, 0, 1, 0, 0, 1, 0, 0, 0, 0, 0, 0, 0, 1, 0, 1, 0, 1, 1, 0, 0, 0, 1, 1, 1, 1, 1, 0, 1, 0, 1, 0, 1, 0, 0, 1, 1, 0, 0, 1, 0, 1, 0, 1, 0, 1, 0, 0, 1, 0, 1, 1, 1, 1, 1, 1, 1, 1, 1, 0, 0, 1, 1, 1, 1, 0, 1, 1, 1, 1, 1, 1, 1, 1, 1, 0, 1, 1, 1, 0, 0, 1, 0, 1, 1, 1, 1, 1, 0, 1, 1, 0, 1, 0, 1, 0, 1, 0, 1, 1, 1, 1, 1, 1, 1, 1, 1, 1, 1, 1, 1, 1, 1, 1, 1, 1, 1, 1, 1, 1, 1, 0, 1, 0, 0, 0, 0, 0, 0, 0, 0, 0, 0, 0, 0, 0, 0, 0, 0, 0, 0, 0, 0, 0, 0, 0, 0, 0, 1, 1, 1, 1, 1, 1, 1, 1, 1, 1, 1, 1, 1, 1, 1, 1, 1, 1, 1, 1, 0, 1, 1, 1, 1, 0, 1, 1, 1, 0, 1, 1, 1, 0, 1, 1, 0, 1, 1, 0, 1, 0, 1, 1, 1, 1, 1, 1, 0, 1, 1, 1, 1, 1, 1, 1, 1, 1, 1, 1, 1, 1, 1, 1, 1, 1, 1, 1, 1, 1, 1, 1, 1, 0, 1]}
  [dataset] imagenet_val_20_hard
extract:   0%|          | 0/1 [00:00<?, ?it/s]extract: 100%|██████████| 1/1 [00:00<00:00,  4.96it/s]extract: 100%|██████████| 1/1 [00:00<00:00,  4.95it/s]
extract:   0%|          | 0/8 [00:00<?, ?it/s]extract:  12%|█▎        | 1/8 [00:00<00:03,  1.77it/s]extract:  25%|██▌       | 2/8 [00:01<00:03,  1.91it/s]extract:  38%|███▊      | 3/8 [00:01<00:02,  1.99it/s]extract:  50%|█████     | 4/8 [00:02<00:02,  1.89it/s]extract:  62%|██████▎   | 5/8 [00:02<00:01,  1.96it/s]extract:  75%|███████▌  | 6/8 [00:03<00:01,  1.98it/s]extract:  88%|████████▊ | 7/8 [00:03<00:00,  2.01it/s]extract: 100%|██████████| 8/8 [00:03<00:00,  2.14it/s]extract: 100%|██████████| 8/8 [00:03<00:00,  2.02it/s]
    -> {'top1_accuracy': 0.518, 'ci95_low': 0.474, 'ci95_high': 0.562, 'n_test': 500, 'n_train_per_class': 1, 'n_classes': 20, 'correct_per_example': [0, 1, 1, 1, 1, 1, 1, 1, 1, 1, 1, 1, 1, 1, 1, 1, 1, 0, 0, 1, 1, 1, 1, 1, 0, 0, 0, 0, 1, 0, 1, 0, 0, 1, 0, 0, 1, 0, 0, 0, 1, 1, 1, 0, 0, 1, 1, 0, 0, 0, 0, 0, 0, 1, 0, 0, 0, 0, 0, 0, 0, 0, 1, 0, 0, 0, 0, 0, 0, 0, 1, 0, 0, 0, 0, 0, 0, 0, 1, 1, 0, 0, 0, 1, 0, 0, 1, 1, 0, 0, 1, 0, 0, 0, 0, 0, 1, 1, 0, 0, 0, 0, 0, 0, 0, 0, 1, 0, 0, 1, 0, 1, 1, 0, 0, 1, 1, 0, 1, 1, 1, 0, 1, 1, 1, 1, 1, 0, 1, 0, 1, 1, 0, 1, 0, 1, 1, 0, 0, 1, 0, 1, 0, 1, 1, 0, 1, 1, 0, 1, 0, 1, 1, 0, 0, 0, 0, 1, 1, 0, 0, 0, 0, 0, 1, 0, 1, 0, 1, 0, 0, 1, 1, 1, 1, 0, 0, 0, 0, 1, 0, 0, 0, 1, 0, 0, 1, 1, 0, 1, 0, 1, 0, 0, 0, 1, 0, 0, 1, 0, 1, 1, 1, 0, 0, 0, 0, 1, 1, 0, 1, 1, 0, 1, 1, 0, 1, 0, 1, 1, 1, 1, 1, 0, 0, 0, 1, 1, 0, 1, 0, 0, 0, 0, 0, 1, 1, 1, 1, 0, 1, 0, 1, 0, 1, 0, 1, 0, 0, 0, 0, 1, 1, 0, 1, 0, 0, 1, 0, 0, 1, 0, 0, 1, 0, 0, 0, 0, 0, 1, 0, 1, 0, 1, 0, 0, 0, 0, 0, 0, 1, 1, 0, 0, 0, 1, 1, 0, 0, 0, 0, 0, 1, 1, 1, 1, 1, 1, 0, 0, 0, 0, 0, 0, 1, 0, 0, 1, 0, 1, 0, 1, 0, 1, 1, 0, 1, 1, 0, 0, 0, 0, 1, 1, 0, 0, 0, 1, 1, 1, 1, 0, 1, 1, 1, 1, 1, 1, 1, 1, 0, 0, 1, 1, 1, 0, 1, 1, 0, 0, 1, 0, 1, 1, 1, 1, 1, 1, 1, 1, 0, 0, 0, 1, 0, 1, 1, 1, 1, 1, 1, 0, 1, 1, 1, 0, 1, 1, 0, 1, 1, 1, 1, 1, 1, 1, 1, 1, 0, 1, 1, 1, 1, 1, 1, 1, 1, 1, 0, 0, 1, 0, 1, 0, 1, 0, 1, 1, 1, 1, 0, 0, 0, 0, 0, 1, 1, 0, 1, 0, 0, 1, 1, 0, 1, 0, 0, 1, 0, 0, 1, 1, 0, 1, 0, 1, 1, 1, 1, 1, 1, 0, 0, 0, 0, 1, 1, 1, 0, 1, 1, 0, 1, 1, 1, 1, 0, 1, 1, 1, 1, 1, 0, 1, 0, 1, 1, 1, 1, 1, 1, 0, 1, 0, 0, 1, 0, 1, 0, 1, 1, 0, 1, 1, 1, 1, 0, 1, 0, 1, 0, 0, 1, 1, 0, 1, 1, 1, 1, 0]}
  [dataset] fashion_mnist_ood
extract:   0%|          | 0/938 [00:00<?, ?it/s]extract:   0%|          | 1/938 [00:00<03:25,  4.56it/s]extract:   0%|          | 2/938 [00:00<03:24,  4.58it/s]extract:   0%|          | 3/938 [00:00<03:21,  4.64it/s]extract:   0%|          | 4/938 [00:00<03:20,  4.65it/s]extract:   1%|          | 5/938 [00:01<03:20,  4.65it/s]extract:   1%|          | 6/938 [00:01<03:26,  4.52it/s]extract:   1%|          | 7/938 [00:01<03:30,  4.43it/s]extract:   1%|          | 8/938 [00:01<03:29,  4.44it/s]extract:   1%|          | 9/938 [00:01<03:28,  4.46it/s]extract:   1%|          | 10/938 [00:02<03:26,  4.49it/s]extract:   1%|          | 11/938 [00:02<03:27,  4.47it/s]extract:   1%|▏         | 12/938 [00:02<03:31,  4.38it/s]extract:   1%|▏         | 13/938 [00:02<03:30,  4.40it/s]extract:   1%|▏         | 14/938 [00:03<03:26,  4.48it/s]extract:   2%|▏         | 15/938 [00:03<03:24,  4.52it/s]extract:   2%|▏         | 16/938 [00:03<03:22,  4.56it/s]extract:   2%|▏         | 17/938 [00:03<03:27,  4.44it/s]extract:   2%|▏         | 18/938 [00:04<03:25,  4.48it/s]extract:   2%|▏         | 19/938 [00:04<03:26,  4.44it/s]extract:   2%|▏         | 20/938 [00:04<03:27,  4.43it/s]extract:   2%|▏         | 21/938 [00:04<03:24,  4.49it/s]extract:   2%|▏         | 22/938 [00:04<03:19,  4.59it/s]extract:   2%|▏         | 23/938 [00:05<03:16,  4.65it/s]extract:   3%|▎         | 24/938 [00:05<03:17,  4.62it/s]extract:   3%|▎         | 25/938 [00:05<03:17,  4.62it/s]extract:   3%|▎         | 26/938 [00:05<03:15,  4.65it/s]extract:   3%|▎         | 27/938 [00:05<03:17,  4.60it/s]extract:   3%|▎         | 28/938 [00:06<03:29,  4.35it/s]extract:   3%|▎         | 29/938 [00:06<03:34,  4.23it/s]extract:   3%|▎         | 30/938 [00:06<03:37,  4.18it/s]extract:   3%|▎         | 31/938 [00:06<03:43,  4.05it/s]extract:   3%|▎         | 32/938 [00:07<03:48,  3.96it/s]extract:   4%|▎         | 33/938 [00:07<03:50,  3.93it/s]extract:   4%|▎         | 34/938 [00:07<03:50,  3.92it/s]extract:   4%|▎         | 35/938 [00:08<03:44,  4.02it/s]extract:   4%|▍         | 36/938 [00:08<03:44,  4.01it/s]extract:   4%|▍         | 37/938 [00:08<03:44,  4.02it/s]extract:   4%|▍         | 38/938 [00:08<03:43,  4.03it/s]extract:   4%|▍         | 39/938 [00:09<03:46,  3.97it/s]extract:   4%|▍         | 40/938 [00:09<03:48,  3.93it/s]extract:   4%|▍         | 41/938 [00:09<03:50,  3.90it/s]extract:   4%|▍         | 42/938 [00:09<03:48,  3.93it/s]extract:   5%|▍         | 43/938 [00:10<03:45,  3.97it/s]extract:   5%|▍         | 44/938 [00:10<03:46,  3.94it/s]extract:   5%|▍         | 45/938 [00:10<03:47,  3.93it/s]extract:   5%|▍         | 46/938 [00:10<03:41,  4.02it/s]extract:   5%|▌         | 47/938 [00:11<03:45,  3.96it/s]extract:   5%|▌         | 48/938 [00:11<03:48,  3.89it/s]extract:   5%|▌         | 49/938 [00:11<03:50,  3.86it/s]extract:   5%|▌         | 50/938 [00:11<03:51,  3.84it/s]extract:   5%|▌         | 51/938 [00:12<03:49,  3.86it/s]extract:   6%|▌         | 52/938 [00:12<03:47,  3.89it/s]extract:   6%|▌         | 53/938 [00:12<03:45,  3.92it/s]extract:   6%|▌         | 54/938 [00:12<03:43,  3.96it/s]extract:   6%|▌         | 55/938 [00:13<03:46,  3.91it/s]extract:   6%|▌         | 56/938 [00:13<03:47,  3.87it/s]extract:   6%|▌         | 57/938 [00:13<03:46,  3.89it/s]extract:   6%|▌         | 58/938 [00:13<03:45,  3.91it/s]extract:   6%|▋         | 59/938 [00:14<03:45,  3.90it/s]extract:   6%|▋         | 60/938 [00:14<03:44,  3.91it/s]extract:   7%|▋         | 61/938 [00:14<03:46,  3.87it/s]extract:   7%|▋         | 62/938 [00:14<04:06,  3.55it/s]extract:   7%|▋         | 63/938 [00:15<03:58,  3.67it/s]extract:   7%|▋         | 64/938 [00:15<03:49,  3.81it/s]extract:   7%|▋         | 65/938 [00:15<03:46,  3.85it/s]extract:   7%|▋         | 66/938 [00:15<03:45,  3.87it/s]extract:   7%|▋         | 67/938 [00:16<03:46,  3.84it/s]extract:   7%|▋         | 68/938 [00:16<03:46,  3.84it/s]extract:   7%|▋         | 69/938 [00:16<03:47,  3.81it/s]extract:   7%|▋         | 70/938 [00:17<03:44,  3.86it/s]extract:   8%|▊         | 71/938 [00:17<03:42,  3.90it/s]extract:   8%|▊         | 72/938 [00:17<03:38,  3.96it/s]extract:   8%|▊         | 73/938 [00:17<03:40,  3.93it/s]extract:   8%|▊         | 74/938 [00:18<03:40,  3.91it/s]extract:   8%|▊         | 75/938 [00:18<03:37,  3.97it/s]extract:   8%|▊         | 76/938 [00:18<03:38,  3.95it/s]extract:   8%|▊         | 77/938 [00:18<03:37,  3.96it/s]extract:   8%|▊         | 78/938 [00:19<03:35,  3.98it/s]extract:   8%|▊         | 79/938 [00:19<03:30,  4.08it/s]extract:   9%|▊         | 80/938 [00:19<03:31,  4.06it/s]extract:   9%|▊         | 81/938 [00:19<03:31,  4.05it/s]extract:   9%|▊         | 82/938 [00:20<03:33,  4.01it/s]extract:   9%|▉         | 83/938 [00:20<03:36,  3.94it/s]extract:   9%|▉         | 84/938 [00:20<03:37,  3.93it/s]extract:   9%|▉         | 85/938 [00:20<03:39,  3.88it/s]extract:   9%|▉         | 86/938 [00:21<03:34,  3.97it/s]extract:   9%|▉         | 87/938 [00:21<03:34,  3.96it/s]extract:   9%|▉         | 88/938 [00:21<03:33,  3.98it/s]extract:   9%|▉         | 89/938 [00:21<03:31,  4.01it/s]extract:  10%|▉         | 90/938 [00:22<03:30,  4.02it/s]extract:  10%|▉         | 91/938 [00:22<03:31,  4.01it/s]extract:  10%|▉         | 92/938 [00:22<03:33,  3.95it/s]extract:  10%|▉         | 93/938 [00:22<03:35,  3.91it/s]extract:  10%|█         | 94/938 [00:23<03:36,  3.90it/s]extract:  10%|█         | 95/938 [00:23<03:31,  3.98it/s]extract:  10%|█         | 96/938 [00:23<03:34,  3.93it/s]extract:  10%|█         | 97/938 [00:23<03:35,  3.90it/s]extract:  10%|█         | 98/938 [00:24<03:34,  3.91it/s]extract:  11%|█         | 99/938 [00:24<03:32,  3.94it/s]extract:  11%|█         | 100/938 [00:24<03:34,  3.91it/s]extract:  11%|█         | 101/938 [00:24<03:35,  3.88it/s]extract:  11%|█         | 102/938 [00:25<03:35,  3.88it/s]extract:  11%|█         | 103/938 [00:25<03:36,  3.86it/s]extract:  11%|█         | 104/938 [00:25<03:34,  3.89it/s]extract:  11%|█         | 105/938 [00:25<03:32,  3.91it/s]extract:  11%|█▏        | 106/938 [00:26<03:31,  3.93it/s]extract:  11%|█▏        | 107/938 [00:26<03:34,  3.88it/s]extract:  12%|█▏        | 108/938 [00:26<03:35,  3.86it/s]extract:  12%|█▏        | 109/938 [00:26<03:36,  3.83it/s]extract:  12%|█▏        | 110/938 [00:27<03:35,  3.84it/s]extract:  12%|█▏        | 111/938 [00:27<03:30,  3.93it/s]extract:  12%|█▏        | 112/938 [00:27<03:27,  3.98it/s]extract:  12%|█▏        | 113/938 [00:27<03:26,  3.99it/s]extract:  12%|█▏        | 114/938 [00:28<03:29,  3.94it/s]extract:  12%|█▏        | 115/938 [00:28<03:31,  3.88it/s]extract:  12%|█▏        | 116/938 [00:28<03:32,  3.86it/s]extract:  12%|█▏        | 117/938 [00:28<03:31,  3.88it/s]extract:  13%|█▎        | 118/938 [00:29<03:28,  3.93it/s]extract:  13%|█▎        | 119/938 [00:29<03:27,  3.94it/s]extract:  13%|█▎        | 120/938 [00:29<03:29,  3.91it/s]extract:  13%|█▎        | 121/938 [00:29<03:30,  3.88it/s]extract:  13%|█▎        | 122/938 [00:30<03:31,  3.85it/s]extract:  13%|█▎        | 123/938 [00:30<03:31,  3.85it/s]extract:  13%|█▎        | 124/938 [00:30<03:29,  3.89it/s]extract:  13%|█▎        | 125/938 [00:31<03:27,  3.93it/s]extract:  13%|█▎        | 126/938 [00:31<03:29,  3.88it/s]extract:  14%|█▎        | 127/938 [00:31<03:31,  3.84it/s]extract:  14%|█▎        | 128/938 [00:31<03:31,  3.83it/s]extract:  14%|█▍        | 129/938 [00:32<03:31,  3.83it/s]extract:  14%|█▍        | 130/938 [00:32<03:29,  3.86it/s]extract:  14%|█▍        | 131/938 [00:32<03:27,  3.89it/s]extract:  14%|█▍        | 132/938 [00:32<03:25,  3.93it/s]extract:  14%|█▍        | 133/938 [00:33<03:28,  3.86it/s]extract:  14%|█▍        | 134/938 [00:33<03:29,  3.84it/s]extract:  14%|█▍        | 135/938 [00:33<03:27,  3.87it/s]extract:  14%|█▍        | 136/938 [00:33<03:26,  3.88it/s]extract:  15%|█▍        | 137/938 [00:34<03:24,  3.93it/s]extract:  15%|█▍        | 138/938 [00:34<03:26,  3.88it/s]extract:  15%|█▍        | 139/938 [00:34<03:26,  3.88it/s]extract:  15%|█▍        | 140/938 [00:34<03:27,  3.85it/s]extract:  15%|█▌        | 141/938 [00:35<03:24,  3.90it/s]extract:  15%|█▌        | 142/938 [00:35<03:22,  3.93it/s]extract:  15%|█▌        | 143/938 [00:35<03:24,  3.89it/s]extract:  15%|█▌        | 144/938 [00:35<03:25,  3.87it/s]extract:  15%|█▌        | 145/938 [00:36<03:24,  3.87it/s]extract:  16%|█▌        | 146/938 [00:36<03:25,  3.85it/s]extract:  16%|█▌        | 147/938 [00:36<03:23,  3.89it/s]extract:  16%|█▌        | 148/938 [00:36<03:18,  3.97it/s]extract:  16%|█▌        | 149/938 [00:37<03:15,  4.03it/s]extract:  16%|█▌        | 150/938 [00:37<03:15,  4.03it/s]extract:  16%|█▌        | 151/938 [00:37<03:18,  3.97it/s]extract:  16%|█▌        | 152/938 [00:37<03:20,  3.93it/s]extract:  16%|█▋        | 153/938 [00:38<03:21,  3.90it/s]extract:  16%|█▋        | 154/938 [00:38<03:19,  3.93it/s]extract:  17%|█▋        | 155/938 [00:38<03:17,  3.97it/s]extract:  17%|█▋        | 156/938 [00:38<03:14,  4.01it/s]extract:  17%|█▋        | 157/938 [00:39<03:14,  4.01it/s]extract:  17%|█▋        | 158/938 [00:39<03:17,  3.96it/s]extract:  17%|█▋        | 159/938 [00:39<03:19,  3.91it/s]extract:  17%|█▋        | 160/938 [00:39<03:20,  3.89it/s]extract:  17%|█▋        | 161/938 [00:40<03:19,  3.89it/s]extract:  17%|█▋        | 162/938 [00:40<03:16,  3.94it/s]extract:  17%|█▋        | 163/938 [00:40<03:14,  3.99it/s]extract:  17%|█▋        | 164/938 [00:40<03:14,  3.98it/s]extract:  18%|█▊        | 165/938 [00:41<03:12,  4.01it/s]extract:  18%|█▊        | 166/938 [00:41<03:11,  4.04it/s]extract:  18%|█▊        | 167/938 [00:41<03:09,  4.06it/s]extract:  18%|█▊        | 168/938 [00:41<03:11,  4.02it/s]extract:  18%|█▊        | 169/938 [00:42<03:14,  3.95it/s]extract:  18%|█▊        | 170/938 [00:42<03:15,  3.93it/s]extract:  18%|█▊        | 171/938 [00:42<03:15,  3.92it/s]extract:  18%|█▊        | 172/938 [00:42<03:12,  3.99it/s]extract:  18%|█▊        | 173/938 [00:43<03:10,  4.01it/s]extract:  19%|█▊        | 174/938 [00:43<03:11,  3.99it/s]extract:  19%|█▊        | 175/938 [00:43<03:12,  3.95it/s]extract:  19%|█▉        | 176/938 [00:43<03:14,  3.92it/s]extract:  19%|█▉        | 177/938 [00:44<03:14,  3.91it/s]extract:  19%|█▉        | 178/938 [00:44<03:15,  3.89it/s]extract:  19%|█▉        | 179/938 [00:44<03:12,  3.94it/s]extract:  19%|█▉        | 180/938 [00:44<03:09,  4.00it/s]extract:  19%|█▉        | 181/938 [00:45<03:07,  4.03it/s]extract:  19%|█▉        | 182/938 [00:45<03:10,  3.96it/s]extract:  20%|█▉        | 183/938 [00:45<03:11,  3.95it/s]extract:  20%|█▉        | 184/938 [00:46<03:12,  3.91it/s]extract:  20%|█▉        | 185/938 [00:46<03:10,  3.95it/s]extract:  20%|█▉        | 186/938 [00:46<03:07,  4.00it/s]extract:  20%|█▉        | 187/938 [00:46<03:06,  4.03it/s]extract:  20%|██        | 188/938 [00:46<03:02,  4.10it/s]extract:  20%|██        | 189/938 [00:47<03:03,  4.08it/s]extract:  20%|██        | 190/938 [00:47<03:06,  4.01it/s]extract:  20%|██        | 191/938 [00:47<03:08,  3.96it/s]extract:  20%|██        | 192/938 [00:48<03:08,  3.95it/s]extract:  21%|██        | 193/938 [00:48<03:08,  3.95it/s]extract:  21%|██        | 194/938 [00:48<03:09,  3.94it/s]extract:  21%|██        | 195/938 [00:48<03:09,  3.92it/s]extract:  21%|██        | 196/938 [00:49<03:07,  3.96it/s]extract:  21%|██        | 197/938 [00:49<03:03,  4.04it/s]extract:  21%|██        | 198/938 [00:49<03:02,  4.07it/s]extract:  21%|██        | 199/938 [00:49<02:57,  4.15it/s]extract:  21%|██▏       | 200/938 [00:49<02:58,  4.13it/s]extract:  21%|██▏       | 201/938 [00:50<02:59,  4.10it/s]extract:  22%|██▏       | 202/938 [00:50<03:02,  4.03it/s]extract:  22%|██▏       | 203/938 [00:50<03:04,  3.98it/s]extract:  22%|██▏       | 204/938 [00:50<03:04,  3.98it/s]extract:  22%|██▏       | 205/938 [00:51<03:06,  3.94it/s]extract:  22%|██▏       | 206/938 [00:51<03:03,  3.98it/s]extract:  22%|██▏       | 207/938 [00:51<03:02,  4.00it/s]extract:  22%|██▏       | 208/938 [00:51<03:02,  4.01it/s]extract:  22%|██▏       | 209/938 [00:52<03:04,  3.96it/s]extract:  22%|██▏       | 210/938 [00:52<03:05,  3.92it/s]extract:  22%|██▏       | 211/938 [00:52<03:06,  3.90it/s]extract:  23%|██▎       | 212/938 [00:53<03:04,  3.94it/s]extract:  23%|██▎       | 213/938 [00:53<03:00,  4.01it/s]extract:  23%|██▎       | 214/938 [00:53<02:58,  4.05it/s]extract:  23%|██▎       | 215/938 [00:53<02:57,  4.07it/s]extract:  23%|██▎       | 216/938 [00:53<02:59,  4.01it/s]extract:  23%|██▎       | 217/938 [00:54<03:00,  4.00it/s]extract:  23%|██▎       | 218/938 [00:54<02:59,  4.01it/s]extract:  23%|██▎       | 219/938 [00:54<02:59,  4.01it/s]extract:  23%|██▎       | 220/938 [00:54<02:58,  4.02it/s]extract:  24%|██▎       | 221/938 [00:55<03:00,  3.96it/s]extract:  24%|██▎       | 222/938 [00:55<03:02,  3.92it/s]extract:  24%|██▍       | 223/938 [00:55<03:01,  3.93it/s]extract:  24%|██▍       | 224/938 [00:56<02:58,  3.99it/s]extract:  24%|██▍       | 225/938 [00:56<02:56,  4.04it/s]extract:  24%|██▍       | 226/938 [00:56<02:58,  3.98it/s]extract:  24%|██▍       | 227/938 [00:56<03:00,  3.94it/s]extract:  24%|██▍       | 228/938 [00:57<03:00,  3.93it/s]extract:  24%|██▍       | 229/938 [00:57<03:01,  3.91it/s]extract:  25%|██▍       | 230/938 [00:57<02:59,  3.94it/s]extract:  25%|██▍       | 231/938 [00:57<02:58,  3.97it/s]extract:  25%|██▍       | 232/938 [00:58<02:59,  3.92it/s]extract:  25%|██▍       | 233/938 [00:58<03:00,  3.91it/s]extract:  25%|██▍       | 234/938 [00:58<02:55,  4.01it/s]extract:  25%|██▌       | 235/938 [00:58<02:54,  4.03it/s]extract:  25%|██▌       | 236/938 [00:59<02:56,  3.98it/s]extract:  25%|██▌       | 237/938 [00:59<02:58,  3.93it/s]extract:  25%|██▌       | 238/938 [00:59<02:56,  3.96it/s]extract:  25%|██▌       | 239/938 [00:59<02:55,  3.98it/s]extract:  26%|██▌       | 240/938 [01:00<02:57,  3.94it/s]extract:  26%|██▌       | 241/938 [01:00<02:58,  3.91it/s]extract:  26%|██▌       | 242/938 [01:00<02:56,  3.93it/s]extract:  26%|██▌       | 243/938 [01:00<02:54,  3.99it/s]extract:  26%|██▌       | 244/938 [01:01<02:55,  3.95it/s]extract:  26%|██▌       | 245/938 [01:01<02:57,  3.91it/s]extract:  26%|██▌       | 246/938 [01:01<02:55,  3.95it/s]extract:  26%|██▋       | 247/938 [01:01<02:53,  3.98it/s]extract:  26%|██▋       | 248/938 [01:02<02:56,  3.92it/s]extract:  27%|██▋       | 249/938 [01:02<02:57,  3.88it/s]extract:  27%|██▋       | 250/938 [01:02<02:52,  3.98it/s]extract:  27%|██▋       | 251/938 [01:02<02:52,  3.99it/s]extract:  27%|██▋       | 252/938 [01:03<02:51,  3.99it/s]extract:  27%|██▋       | 253/938 [01:03<02:50,  4.01it/s]extract:  27%|██▋       | 254/938 [01:03<02:52,  3.96it/s]extract:  27%|██▋       | 255/938 [01:03<02:54,  3.92it/s]extract:  27%|██▋       | 256/938 [01:04<02:54,  3.91it/s]extract:  27%|██▋       | 257/938 [01:04<02:52,  3.94it/s]extract:  28%|██▊       | 258/938 [01:04<02:51,  3.97it/s]extract:  28%|██▊       | 259/938 [01:04<02:50,  3.98it/s]extract:  28%|██▊       | 260/938 [01:05<02:52,  3.93it/s]extract:  28%|██▊       | 261/938 [01:05<02:52,  3.91it/s]extract:  28%|██▊       | 262/938 [01:05<02:53,  3.90it/s]extract:  28%|██▊       | 263/938 [01:05<02:52,  3.92it/s]extract:  28%|██▊       | 264/938 [01:06<02:48,  4.01it/s]extract:  28%|██▊       | 265/938 [01:06<02:47,  4.02it/s]extract:  28%|██▊       | 266/938 [01:06<02:50,  3.94it/s]extract:  28%|██▊       | 267/938 [01:06<02:51,  3.92it/s]extract:  29%|██▊       | 268/938 [01:07<02:52,  3.89it/s]extract:  29%|██▊       | 269/938 [01:07<02:48,  3.97it/s]extract:  29%|██▉       | 270/938 [01:07<02:48,  3.96it/s]extract:  29%|██▉       | 271/938 [01:07<02:49,  3.94it/s]extract:  29%|██▉       | 272/938 [01:08<02:50,  3.90it/s]extract:  29%|██▉       | 273/938 [01:08<02:51,  3.87it/s]extract:  29%|██▉       | 274/938 [01:08<02:49,  3.91it/s]extract:  29%|██▉       | 275/938 [01:08<02:49,  3.92it/s]extract:  29%|██▉       | 276/938 [01:09<02:49,  3.90it/s]extract:  30%|██▉       | 277/938 [01:09<02:50,  3.88it/s]extract:  30%|██▉       | 278/938 [01:09<02:51,  3.84it/s]extract:  30%|██▉       | 279/938 [01:09<02:49,  3.89it/s]extract:  30%|██▉       | 280/938 [01:10<02:47,  3.94it/s]extract:  30%|██▉       | 281/938 [01:10<02:48,  3.89it/s]extract:  30%|███       | 282/938 [01:10<02:49,  3.87it/s]extract:  30%|███       | 283/938 [01:11<02:49,  3.87it/s]extract:  30%|███       | 284/938 [01:11<02:48,  3.88it/s]extract:  30%|███       | 285/938 [01:11<02:47,  3.90it/s]extract:  30%|███       | 286/938 [01:11<02:44,  3.96it/s]extract:  31%|███       | 287/938 [01:12<02:44,  3.96it/s]extract:  31%|███       | 288/938 [01:12<02:47,  3.87it/s]extract:  31%|███       | 289/938 [01:12<02:48,  3.85it/s]extract:  31%|███       | 290/938 [01:12<02:47,  3.87it/s]extract:  31%|███       | 291/938 [01:13<02:45,  3.92it/s]extract:  31%|███       | 292/938 [01:13<04:48,  2.24it/s]extract:  31%|███       | 293/938 [01:14<04:04,  2.64it/s]extract:  31%|███▏      | 294/938 [01:14<03:32,  3.04it/s]extract:  31%|███▏      | 295/938 [01:14<03:09,  3.40it/s]extract:  32%|███▏      | 296/938 [01:14<02:53,  3.69it/s]extract:  32%|███▏      | 297/938 [01:15<02:43,  3.93it/s]extract:  32%|███▏      | 298/938 [01:15<02:32,  4.19it/s]extract:  32%|███▏      | 299/938 [01:15<02:25,  4.38it/s]extract:  32%|███▏      | 300/938 [01:15<02:20,  4.53it/s]extract:  32%|███▏      | 301/938 [01:15<02:18,  4.59it/s]extract:  32%|███▏      | 302/938 [01:16<02:18,  4.60it/s]extract:  32%|███▏      | 303/938 [01:16<02:23,  4.43it/s]extract:  32%|███▏      | 304/938 [01:16<02:25,  4.35it/s]extract:  33%|███▎      | 305/938 [01:16<02:25,  4.35it/s]extract:  33%|███▎      | 306/938 [01:17<02:27,  4.29it/s]extract:  33%|███▎      | 307/938 [01:17<02:31,  4.18it/s]extract:  33%|███▎      | 308/938 [01:17<02:33,  4.10it/s]extract:  33%|███▎      | 309/938 [01:17<02:35,  4.04it/s]extract:  33%|███▎      | 310/938 [01:18<02:33,  4.09it/s]extract:  33%|███▎      | 311/938 [01:18<02:33,  4.09it/s]extract:  33%|███▎      | 312/938 [01:18<02:30,  4.17it/s]extract:  33%|███▎      | 313/938 [01:18<02:30,  4.16it/s]extract:  33%|███▎      | 314/938 [01:18<02:32,  4.08it/s]extract:  34%|███▎      | 315/938 [01:19<02:34,  4.02it/s]extract:  34%|███▎      | 316/938 [01:19<02:32,  4.08it/s]extract:  34%|███▍      | 317/938 [01:19<02:33,  4.05it/s]extract:  34%|███▍      | 318/938 [01:19<02:34,  4.01it/s]extract:  34%|███▍      | 319/938 [01:20<02:35,  3.98it/s]extract:  34%|███▍      | 320/938 [01:20<02:35,  3.97it/s]extract:  34%|███▍      | 321/938 [01:20<02:33,  4.03it/s]extract:  34%|███▍      | 322/938 [01:20<02:31,  4.07it/s]extract:  34%|███▍      | 323/938 [01:21<02:27,  4.16it/s]extract:  35%|███▍      | 324/938 [01:21<02:27,  4.17it/s]extract:  35%|███▍      | 325/938 [01:21<02:26,  4.19it/s]extract:  35%|███▍      | 326/938 [01:21<02:26,  4.17it/s]extract:  35%|███▍      | 327/938 [01:22<02:29,  4.08it/s]extract:  35%|███▍      | 328/938 [01:22<02:30,  4.05it/s]extract:  35%|███▌      | 329/938 [01:22<02:31,  4.02it/s]extract:  35%|███▌      | 330/938 [01:22<02:31,  4.00it/s]extract:  35%|███▌      | 331/938 [01:23<02:32,  3.99it/s]extract:  35%|███▌      | 332/938 [01:23<02:31,  4.01it/s]extract:  36%|███▌      | 333/938 [01:23<02:33,  3.94it/s]extract:  36%|███▌      | 334/938 [01:23<02:34,  3.90it/s]extract:  36%|███▌      | 335/938 [01:24<02:33,  3.94it/s]extract:  36%|███▌      | 336/938 [01:24<02:33,  3.93it/s]extract:  36%|███▌      | 337/938 [01:24<02:36,  3.84it/s]extract:  36%|███▌      | 338/938 [01:24<02:35,  3.86it/s]extract:  36%|███▌      | 339/938 [01:25<02:37,  3.79it/s]extract:  36%|███▌      | 340/938 [01:25<02:34,  3.87it/s]extract:  36%|███▋      | 341/938 [01:25<02:30,  3.96it/s]extract:  36%|███▋      | 342/938 [01:25<02:27,  4.05it/s]extract:  37%|███▋      | 343/938 [01:26<02:24,  4.12it/s]extract:  37%|███▋      | 344/938 [01:26<02:22,  4.17it/s]extract:  37%|███▋      | 345/938 [01:26<02:32,  3.89it/s]extract:  37%|███▋      | 346/938 [01:27<02:34,  3.83it/s]extract:  37%|███▋      | 347/938 [01:27<02:32,  3.87it/s]extract:  37%|███▋      | 348/938 [01:27<02:29,  3.95it/s]extract:  37%|███▋      | 349/938 [01:27<02:28,  3.96it/s]extract:  37%|███▋      | 350/938 [01:28<02:33,  3.84it/s]extract:  37%|███▋      | 351/938 [01:28<02:30,  3.90it/s]extract:  38%|███▊      | 352/938 [01:28<02:26,  4.01it/s]extract:  38%|███▊      | 353/938 [01:28<02:29,  3.91it/s]extract:  38%|███▊      | 354/938 [01:29<02:27,  3.97it/s]extract:  38%|███▊      | 355/938 [01:29<02:26,  3.97it/s]extract:  38%|███▊      | 356/938 [01:29<02:25,  4.01it/s]extract:  38%|███▊      | 357/938 [01:29<02:21,  4.09it/s]extract:  38%|███▊      | 358/938 [01:30<02:23,  4.05it/s]extract:  38%|███▊      | 359/938 [01:30<02:23,  4.03it/s]extract:  38%|███▊      | 360/938 [01:30<02:25,  3.97it/s]extract:  38%|███▊      | 361/938 [01:30<02:44,  3.50it/s]extract:  39%|███▊      | 362/938 [01:31<02:40,  3.60it/s]extract:  39%|███▊      | 363/938 [01:31<02:37,  3.66it/s]extract:  39%|███▉      | 364/938 [01:31<02:29,  3.85it/s]extract:  39%|███▉      | 365/938 [01:31<02:29,  3.82it/s]extract:  39%|███▉      | 366/938 [01:32<02:31,  3.76it/s]extract:  39%|███▉      | 367/938 [01:32<02:35,  3.68it/s]extract:  39%|███▉      | 368/938 [01:32<02:32,  3.73it/s]extract:  39%|███▉      | 369/938 [01:32<02:25,  3.92it/s]extract:  39%|███▉      | 370/938 [01:33<02:19,  4.09it/s]extract:  40%|███▉      | 371/938 [01:33<02:16,  4.17it/s]extract:  40%|███▉      | 372/938 [01:33<02:17,  4.13it/s]extract:  40%|███▉      | 373/938 [01:33<02:15,  4.16it/s]extract:  40%|███▉      | 374/938 [01:34<02:13,  4.21it/s]extract:  40%|███▉      | 375/938 [01:34<02:15,  4.16it/s]extract:  40%|████      | 376/938 [01:34<02:14,  4.19it/s]extract:  40%|████      | 377/938 [01:34<02:27,  3.79it/s]extract:  40%|████      | 378/938 [01:35<02:28,  3.77it/s]extract:  40%|████      | 379/938 [01:35<02:26,  3.82it/s]extract:  41%|████      | 380/938 [01:35<02:27,  3.78it/s]extract:  41%|████      | 381/938 [01:36<02:36,  3.56it/s]extract:  41%|████      | 382/938 [01:36<02:40,  3.47it/s]extract:  41%|████      | 383/938 [01:36<03:04,  3.00it/s]extract:  41%|████      | 384/938 [01:37<03:01,  3.05it/s]extract:  41%|████      | 385/938 [01:37<03:11,  2.89it/s]extract:  41%|████      | 386/938 [01:37<03:21,  2.74it/s]extract:  41%|████▏     | 387/938 [01:38<03:01,  3.03it/s]extract:  41%|████▏     | 388/938 [01:38<02:46,  3.30it/s]extract:  41%|████▏     | 389/938 [01:38<02:43,  3.35it/s]extract:  42%|████▏     | 390/938 [01:38<02:34,  3.55it/s]extract:  42%|████▏     | 391/938 [01:39<02:29,  3.65it/s]extract:  42%|████▏     | 392/938 [01:39<02:28,  3.69it/s]extract:  42%|████▏     | 393/938 [01:39<02:25,  3.74it/s]extract:  42%|████▏     | 394/938 [01:39<02:21,  3.85it/s]extract:  42%|████▏     | 395/938 [01:40<02:28,  3.66it/s]extract:  42%|████▏     | 396/938 [01:40<02:29,  3.62it/s]extract:  42%|████▏     | 397/938 [01:40<02:31,  3.56it/s]extract:  42%|████▏     | 398/938 [01:41<02:29,  3.62it/s]extract:  43%|████▎     | 399/938 [01:41<02:23,  3.77it/s]extract:  43%|████▎     | 400/938 [01:41<02:15,  3.97it/s]extract:  43%|████▎     | 401/938 [01:41<02:10,  4.12it/s]extract:  43%|████▎     | 402/938 [01:42<02:10,  4.12it/s]extract:  43%|████▎     | 403/938 [01:42<02:07,  4.20it/s]extract:  43%|████▎     | 404/938 [01:42<02:04,  4.28it/s]extract:  43%|████▎     | 405/938 [01:42<02:08,  4.14it/s]extract:  43%|████▎     | 406/938 [01:42<02:06,  4.21it/s]extract:  43%|████▎     | 407/938 [01:43<02:04,  4.26it/s]extract:  43%|████▎     | 408/938 [01:43<02:05,  4.24it/s]extract:  44%|████▎     | 409/938 [01:43<02:07,  4.15it/s]extract:  44%|████▎     | 410/938 [01:43<02:12,  4.00it/s]extract:  44%|████▍     | 411/938 [01:44<02:14,  3.91it/s]extract:  44%|████▍     | 412/938 [01:44<02:20,  3.75it/s]extract:  44%|████▍     | 413/938 [01:44<02:17,  3.82it/s]extract:  44%|████▍     | 414/938 [01:45<02:17,  3.81it/s]extract:  44%|████▍     | 415/938 [01:45<02:16,  3.83it/s]extract:  44%|████▍     | 416/938 [01:45<02:16,  3.83it/s]extract:  44%|████▍     | 417/938 [01:46<03:07,  2.79it/s]extract:  45%|████▍     | 418/938 [01:46<02:53,  3.00it/s]extract:  45%|████▍     | 419/938 [01:46<02:41,  3.22it/s]extract:  45%|████▍     | 420/938 [01:46<02:25,  3.55it/s]extract:  45%|████▍     | 421/938 [01:47<02:16,  3.78it/s]extract:  45%|████▍     | 422/938 [01:47<02:10,  3.95it/s]extract:  45%|████▌     | 423/938 [01:47<02:03,  4.18it/s]extract:  45%|████▌     | 424/938 [01:47<02:00,  4.27it/s]extract:  45%|████▌     | 425/938 [01:47<01:58,  4.34it/s]extract:  45%|████▌     | 426/938 [01:48<01:55,  4.42it/s]extract:  46%|████▌     | 427/938 [01:48<01:56,  4.37it/s]extract:  46%|████▌     | 428/938 [01:48<01:55,  4.40it/s]extract:  46%|████▌     | 429/938 [01:48<01:56,  4.39it/s]extract:  46%|████▌     | 430/938 [01:49<01:56,  4.35it/s]extract:  46%|████▌     | 431/938 [01:49<02:20,  3.61it/s]extract:  46%|████▌     | 432/938 [01:49<02:27,  3.43it/s]extract:  46%|████▌     | 433/938 [01:50<02:21,  3.57it/s]extract:  46%|████▋     | 434/938 [01:50<02:14,  3.73it/s]extract:  46%|████▋     | 435/938 [01:50<02:05,  4.02it/s]extract:  46%|████▋     | 436/938 [01:50<02:01,  4.14it/s]extract:  47%|████▋     | 437/938 [01:50<01:57,  4.28it/s]extract:  47%|████▋     | 438/938 [01:51<01:56,  4.31it/s]extract:  47%|████▋     | 439/938 [01:51<01:54,  4.35it/s]extract:  47%|████▋     | 440/938 [01:51<01:56,  4.29it/s]extract:  47%|████▋     | 441/938 [01:51<01:53,  4.39it/s]extract:  47%|████▋     | 442/938 [01:52<01:53,  4.37it/s]extract:  47%|████▋     | 443/938 [01:52<01:56,  4.25it/s]extract:  47%|████▋     | 444/938 [01:52<01:55,  4.27it/s]extract:  47%|████▋     | 445/938 [01:52<01:57,  4.19it/s]extract:  48%|████▊     | 446/938 [01:53<02:01,  4.06it/s]extract:  48%|████▊     | 447/938 [01:53<01:55,  4.26it/s]extract:  48%|████▊     | 448/938 [01:53<01:52,  4.34it/s]extract:  48%|████▊     | 449/938 [01:53<01:52,  4.34it/s]extract:  48%|████▊     | 450/938 [01:53<01:51,  4.37it/s]extract:  48%|████▊     | 451/938 [01:54<01:50,  4.41it/s]extract:  48%|████▊     | 452/938 [01:54<01:51,  4.34it/s]extract:  48%|████▊     | 453/938 [01:54<01:51,  4.34it/s]extract:  48%|████▊     | 454/938 [01:54<01:49,  4.43it/s]extract:  49%|████▊     | 455/938 [01:55<01:48,  4.45it/s]extract:  49%|████▊     | 456/938 [01:55<01:47,  4.49it/s]extract:  49%|████▊     | 457/938 [01:55<01:48,  4.44it/s]extract:  49%|████▉     | 458/938 [01:55<01:48,  4.41it/s]extract:  49%|████▉     | 459/938 [01:56<01:53,  4.21it/s]extract:  49%|████▉     | 460/938 [01:56<01:54,  4.18it/s]extract:  49%|████▉     | 461/938 [01:56<01:56,  4.10it/s]extract:  49%|████▉     | 462/938 [01:56<01:58,  4.01it/s]extract:  49%|████▉     | 463/938 [01:57<02:00,  3.93it/s]extract:  49%|████▉     | 464/938 [01:57<02:03,  3.85it/s]extract:  50%|████▉     | 465/938 [01:57<02:02,  3.85it/s]extract:  50%|████▉     | 466/938 [01:57<02:01,  3.88it/s]extract:  50%|████▉     | 467/938 [01:58<01:59,  3.93it/s]extract:  50%|████▉     | 468/938 [01:58<02:00,  3.90it/s]extract:  50%|█████     | 469/938 [01:58<02:02,  3.84it/s]extract:  50%|█████     | 470/938 [01:58<02:01,  3.87it/s]extract:  50%|█████     | 471/938 [01:59<02:01,  3.85it/s]extract:  50%|█████     | 472/938 [01:59<02:00,  3.85it/s]extract:  50%|█████     | 473/938 [01:59<01:59,  3.88it/s]extract:  51%|█████     | 474/938 [01:59<01:57,  3.93it/s]extract:  51%|█████     | 475/938 [02:00<01:56,  3.98it/s]extract:  51%|█████     | 476/938 [02:00<01:58,  3.91it/s]extract:  51%|█████     | 477/938 [02:00<01:56,  3.97it/s]extract:  51%|█████     | 478/938 [02:00<01:57,  3.93it/s]extract:  51%|█████     | 479/938 [02:01<01:59,  3.84it/s]extract:  51%|█████     | 480/938 [02:01<02:11,  3.49it/s]extract:  51%|█████▏    | 481/938 [02:01<02:07,  3.60it/s]extract:  51%|█████▏    | 482/938 [02:02<02:09,  3.53it/s]extract:  51%|█████▏    | 483/938 [02:02<02:03,  3.69it/s]extract:  52%|█████▏    | 484/938 [02:02<02:11,  3.45it/s]extract:  52%|█████▏    | 485/938 [02:02<02:08,  3.54it/s]extract:  52%|█████▏    | 486/938 [02:03<02:04,  3.64it/s]extract:  52%|█████▏    | 487/938 [02:03<02:00,  3.76it/s]extract:  52%|█████▏    | 488/938 [02:03<02:00,  3.74it/s]extract:  52%|█████▏    | 489/938 [02:03<01:58,  3.77it/s]extract:  52%|█████▏    | 490/938 [02:04<01:57,  3.82it/s]extract:  52%|█████▏    | 491/938 [02:04<01:55,  3.86it/s]extract:  52%|█████▏    | 492/938 [02:04<02:01,  3.68it/s]extract:  53%|█████▎    | 493/938 [02:05<01:57,  3.77it/s]extract:  53%|█████▎    | 494/938 [02:05<01:55,  3.83it/s]extract:  53%|█████▎    | 495/938 [02:05<01:58,  3.75it/s]extract:  53%|█████▎    | 496/938 [02:05<01:56,  3.78it/s]extract:  53%|█████▎    | 497/938 [02:06<01:57,  3.76it/s]extract:  53%|█████▎    | 498/938 [02:06<01:54,  3.83it/s]extract:  53%|█████▎    | 499/938 [02:06<01:53,  3.87it/s]extract:  53%|█████▎    | 500/938 [02:06<01:54,  3.83it/s]extract:  53%|█████▎    | 501/938 [02:07<01:55,  3.80it/s]extract:  54%|█████▎    | 502/938 [02:07<01:55,  3.78it/s]extract:  54%|█████▎    | 503/938 [02:07<01:53,  3.84it/s]extract:  54%|█████▎    | 504/938 [02:07<01:53,  3.81it/s]extract:  54%|█████▍    | 505/938 [02:08<01:53,  3.81it/s]extract:  54%|█████▍    | 506/938 [02:08<01:53,  3.81it/s]extract:  54%|█████▍    | 507/938 [02:08<01:51,  3.86it/s]extract:  54%|█████▍    | 508/938 [02:08<01:49,  3.92it/s]extract:  54%|█████▍    | 509/938 [02:09<01:49,  3.93it/s]extract:  54%|█████▍    | 510/938 [02:09<01:50,  3.89it/s]extract:  54%|█████▍    | 511/938 [02:09<01:51,  3.84it/s]extract:  55%|█████▍    | 512/938 [02:09<01:51,  3.82it/s]extract:  55%|█████▍    | 513/938 [02:10<01:52,  3.78it/s]extract:  55%|█████▍    | 514/938 [02:10<01:50,  3.85it/s]extract:  55%|█████▍    | 515/938 [02:10<01:49,  3.86it/s]extract:  55%|█████▌    | 516/938 [02:11<01:47,  3.92it/s]extract:  55%|█████▌    | 517/938 [02:11<01:48,  3.88it/s]extract:  55%|█████▌    | 518/938 [02:11<01:48,  3.86it/s]extract:  55%|█████▌    | 519/938 [02:11<01:50,  3.81it/s]extract:  55%|█████▌    | 520/938 [02:12<01:43,  4.02it/s]extract:  56%|█████▌    | 521/938 [02:12<01:42,  4.08it/s]extract:  56%|█████▌    | 522/938 [02:12<01:38,  4.22it/s]extract:  56%|█████▌    | 523/938 [02:12<01:37,  4.27it/s]extract:  56%|█████▌    | 524/938 [02:12<01:33,  4.43it/s]extract:  56%|█████▌    | 525/938 [02:13<01:38,  4.20it/s]extract:  56%|█████▌    | 526/938 [02:13<01:34,  4.34it/s]extract:  56%|█████▌    | 527/938 [02:13<01:34,  4.36it/s]extract:  56%|█████▋    | 528/938 [02:13<01:32,  4.45it/s]extract:  56%|█████▋    | 529/938 [02:14<01:30,  4.51it/s]extract:  57%|█████▋    | 530/938 [02:14<01:31,  4.47it/s]extract:  57%|█████▋    | 531/938 [02:14<01:30,  4.50it/s]extract:  57%|█████▋    | 532/938 [02:14<01:29,  4.52it/s]extract:  57%|█████▋    | 533/938 [02:14<01:35,  4.26it/s]extract:  57%|█████▋    | 534/938 [02:15<01:36,  4.17it/s]extract:  57%|█████▋    | 535/938 [02:15<01:37,  4.15it/s]extract:  57%|█████▋    | 536/938 [02:15<01:38,  4.08it/s]extract:  57%|█████▋    | 537/938 [02:15<01:40,  4.00it/s]extract:  57%|█████▋    | 538/938 [02:16<01:40,  3.97it/s]extract:  57%|█████▋    | 539/938 [02:16<01:42,  3.90it/s]extract:  58%|█████▊    | 540/938 [02:16<01:39,  3.99it/s]extract:  58%|█████▊    | 541/938 [02:16<01:39,  3.99it/s]extract:  58%|█████▊    | 542/938 [02:17<01:39,  3.96it/s]extract:  58%|█████▊    | 543/938 [02:17<01:40,  3.94it/s]extract:  58%|█████▊    | 544/938 [02:17<01:40,  3.93it/s]extract:  58%|█████▊    | 545/938 [02:18<01:39,  3.95it/s]extract:  58%|█████▊    | 546/938 [02:18<01:38,  3.99it/s]extract:  58%|█████▊    | 547/938 [02:18<01:36,  4.06it/s]extract:  58%|█████▊    | 548/938 [02:18<01:35,  4.09it/s]extract:  59%|█████▊    | 549/938 [02:18<01:37,  4.01it/s]extract:  59%|█████▊    | 550/938 [02:19<01:37,  3.97it/s]extract:  59%|█████▊    | 551/938 [02:19<01:38,  3.94it/s]extract:  59%|█████▉    | 552/938 [02:19<01:36,  3.98it/s]extract:  59%|█████▉    | 553/938 [02:19<01:35,  4.05it/s]extract:  59%|█████▉    | 554/938 [02:20<01:33,  4.11it/s]extract:  59%|█████▉    | 555/938 [02:20<01:33,  4.09it/s]extract:  59%|█████▉    | 556/938 [02:20<01:34,  4.05it/s]extract:  59%|█████▉    | 557/938 [02:20<01:33,  4.09it/s]extract:  59%|█████▉    | 558/938 [02:21<01:32,  4.13it/s]extract:  60%|█████▉    | 559/938 [02:21<01:31,  4.12it/s]extract:  60%|█████▉    | 560/938 [02:21<01:33,  4.05it/s]extract:  60%|█████▉    | 561/938 [02:21<01:34,  4.01it/s]extract:  60%|█████▉    | 562/938 [02:22<01:34,  3.98it/s]extract:  60%|██████    | 563/938 [02:22<01:33,  4.03it/s]extract:  60%|██████    | 564/938 [02:22<01:34,  3.97it/s]extract:  60%|██████    | 565/938 [02:22<01:34,  3.94it/s]extract:  60%|██████    | 566/938 [02:23<01:35,  3.91it/s]extract:  60%|██████    | 567/938 [02:23<01:34,  3.94it/s]extract:  61%|██████    | 568/938 [02:23<01:32,  4.02it/s]extract:  61%|██████    | 569/938 [02:23<01:31,  4.05it/s]extract:  61%|██████    | 570/938 [02:24<01:30,  4.05it/s]extract:  61%|██████    | 571/938 [02:24<01:30,  4.06it/s]extract:  61%|██████    | 572/938 [02:24<01:29,  4.10it/s]extract:  61%|██████    | 573/938 [02:24<01:30,  4.02it/s]extract:  61%|██████    | 574/938 [02:25<01:31,  4.00it/s]extract:  61%|██████▏   | 575/938 [02:25<01:31,  3.96it/s]extract:  61%|██████▏   | 576/938 [02:25<01:31,  3.97it/s]extract:  62%|██████▏   | 577/938 [02:25<01:29,  4.02it/s]extract:  62%|██████▏   | 578/938 [02:26<01:30,  3.97it/s]extract:  62%|██████▏   | 579/938 [02:26<01:31,  3.94it/s]extract:  62%|██████▏   | 580/938 [02:26<01:31,  3.92it/s]extract:  62%|██████▏   | 581/938 [02:26<01:29,  3.98it/s]extract:  62%|██████▏   | 582/938 [02:27<01:28,  4.04it/s]extract:  62%|██████▏   | 583/938 [02:27<01:27,  4.05it/s]extract:  62%|██████▏   | 584/938 [02:27<01:26,  4.08it/s]extract:  62%|██████▏   | 585/938 [02:27<01:27,  4.02it/s]extract:  62%|██████▏   | 586/938 [02:28<01:28,  3.97it/s]extract:  63%|██████▎   | 587/938 [02:28<01:28,  3.94it/s]extract:  63%|██████▎   | 588/938 [02:28<01:27,  3.99it/s]extract:  63%|██████▎   | 589/938 [02:28<01:25,  4.07it/s]extract:  63%|██████▎   | 590/938 [02:29<01:24,  4.11it/s]extract:  63%|██████▎   | 591/938 [02:29<01:25,  4.08it/s]extract:  63%|██████▎   | 592/938 [02:29<01:26,  4.01it/s]extract:  63%|██████▎   | 593/938 [02:29<01:26,  3.97it/s]extract:  63%|██████▎   | 594/938 [02:30<01:27,  3.94it/s]extract:  63%|██████▎   | 595/938 [02:30<01:25,  3.99it/s]extract:  64%|██████▎   | 596/938 [02:30<01:23,  4.09it/s]extract:  64%|██████▎   | 597/938 [02:30<01:23,  4.07it/s]extract:  64%|██████▍   | 598/938 [02:31<01:24,  4.03it/s]extract:  64%|██████▍   | 599/938 [02:31<01:24,  3.99it/s]extract:  64%|██████▍   | 600/938 [02:31<01:24,  3.98it/s]extract:  64%|██████▍   | 601/938 [02:31<01:25,  3.94it/s]extract:  64%|██████▍   | 602/938 [02:32<01:24,  3.99it/s]extract:  64%|██████▍   | 603/938 [02:32<01:22,  4.05it/s]extract:  64%|██████▍   | 604/938 [02:32<01:22,  4.05it/s]extract:  64%|██████▍   | 605/938 [02:32<01:23,  4.00it/s]extract:  65%|██████▍   | 606/938 [02:33<01:24,  3.95it/s]extract:  65%|██████▍   | 607/938 [02:33<01:24,  3.94it/s]extract:  65%|██████▍   | 608/938 [02:33<01:24,  3.92it/s]extract:  65%|██████▍   | 609/938 [02:33<01:23,  3.95it/s]extract:  65%|██████▌   | 610/938 [02:34<01:21,  4.02it/s]extract:  65%|██████▌   | 611/938 [02:34<01:20,  4.04it/s]extract:  65%|██████▌   | 612/938 [02:34<01:22,  3.97it/s]extract:  65%|██████▌   | 613/938 [02:34<01:22,  3.93it/s]extract:  65%|██████▌   | 614/938 [02:35<01:23,  3.89it/s]extract:  66%|██████▌   | 615/938 [02:35<01:22,  3.93it/s]extract:  66%|██████▌   | 616/938 [02:35<01:20,  3.99it/s]extract:  66%|██████▌   | 617/938 [02:35<01:19,  4.05it/s]extract:  66%|██████▌   | 618/938 [02:36<01:18,  4.06it/s]extract:  66%|██████▌   | 619/938 [02:36<01:19,  3.99it/s]extract:  66%|██████▌   | 620/938 [02:36<01:20,  3.95it/s]extract:  66%|██████▌   | 621/938 [02:36<01:20,  3.94it/s]extract:  66%|██████▋   | 622/938 [02:37<01:20,  3.93it/s]extract:  66%|██████▋   | 623/938 [02:37<01:19,  3.96it/s]extract:  67%|██████▋   | 624/938 [02:37<01:17,  4.03it/s]extract:  67%|██████▋   | 625/938 [02:37<01:17,  4.06it/s]extract:  67%|██████▋   | 626/938 [02:38<01:17,  4.04it/s]extract:  67%|██████▋   | 627/938 [02:38<01:18,  3.97it/s]extract:  67%|██████▋   | 628/938 [02:38<01:18,  3.94it/s]extract:  67%|██████▋   | 629/938 [02:39<01:18,  3.91it/s]extract:  67%|██████▋   | 630/938 [02:39<01:18,  3.95it/s]extract:  67%|██████▋   | 631/938 [02:39<01:17,  3.96it/s]extract:  67%|██████▋   | 632/938 [02:39<01:18,  3.91it/s]extract:  67%|██████▋   | 633/938 [02:40<01:18,  3.89it/s]extract:  68%|██████▊   | 634/938 [02:40<01:17,  3.91it/s]extract:  68%|██████▊   | 635/938 [02:40<01:16,  3.95it/s]extract:  68%|██████▊   | 636/938 [02:40<01:16,  3.96it/s]extract:  68%|██████▊   | 637/938 [02:41<01:15,  4.00it/s]extract:  68%|██████▊   | 638/938 [02:41<01:15,  3.95it/s]extract:  68%|██████▊   | 639/938 [02:41<01:16,  3.92it/s]extract:  68%|██████▊   | 640/938 [02:41<01:16,  3.91it/s]extract:  68%|██████▊   | 641/938 [02:42<01:15,  3.91it/s]extract:  68%|██████▊   | 642/938 [02:42<01:14,  3.95it/s]extract:  69%|██████▊   | 643/938 [02:42<01:14,  3.97it/s]extract:  69%|██████▊   | 644/938 [02:42<01:14,  3.94it/s]extract:  69%|██████▉   | 645/938 [02:43<01:15,  3.90it/s]extract:  69%|██████▉   | 646/938 [02:43<01:14,  3.91it/s]extract:  69%|██████▉   | 647/938 [02:43<01:14,  3.88it/s]extract:  69%|██████▉   | 648/938 [02:43<01:14,  3.88it/s]extract:  69%|██████▉   | 649/938 [02:44<01:14,  3.87it/s]extract:  69%|██████▉   | 650/938 [02:44<01:13,  3.91it/s]extract:  69%|██████▉   | 651/938 [02:44<01:12,  3.93it/s]extract:  70%|██████▉   | 652/938 [02:44<01:13,  3.91it/s]extract:  70%|██████▉   | 653/938 [02:45<01:12,  3.91it/s]extract:  70%|██████▉   | 654/938 [02:45<01:13,  3.89it/s]extract:  70%|██████▉   | 655/938 [02:45<01:12,  3.91it/s]extract:  70%|██████▉   | 656/938 [02:45<01:11,  3.94it/s]extract:  70%|███████   | 657/938 [02:46<01:11,  3.91it/s]extract:  70%|███████   | 658/938 [02:46<01:12,  3.88it/s]extract:  70%|███████   | 659/938 [02:46<01:12,  3.86it/s]extract:  70%|███████   | 660/938 [02:46<01:11,  3.87it/s]extract:  70%|███████   | 661/938 [02:47<01:10,  3.91it/s]extract:  71%|███████   | 662/938 [02:47<01:09,  3.99it/s]extract:  71%|███████   | 663/938 [02:47<01:09,  3.94it/s]extract:  71%|███████   | 664/938 [02:47<01:10,  3.91it/s]extract:  71%|███████   | 665/938 [02:48<01:10,  3.88it/s]extract:  71%|███████   | 666/938 [02:48<01:10,  3.87it/s]extract:  71%|███████   | 667/938 [02:48<01:08,  3.94it/s]extract:  71%|███████   | 668/938 [02:48<01:08,  3.96it/s]extract:  71%|███████▏  | 669/938 [02:49<01:04,  4.17it/s]extract:  71%|███████▏  | 670/938 [02:49<01:04,  4.18it/s]extract:  72%|███████▏  | 671/938 [02:49<01:04,  4.15it/s]extract:  72%|███████▏  | 672/938 [02:49<01:05,  4.06it/s]extract:  72%|███████▏  | 673/938 [02:50<01:06,  3.99it/s]extract:  72%|███████▏  | 674/938 [02:50<01:06,  3.96it/s]extract:  72%|███████▏  | 675/938 [02:50<01:06,  3.95it/s]extract:  72%|███████▏  | 676/938 [02:50<01:05,  4.00it/s]extract:  72%|███████▏  | 677/938 [02:51<01:04,  4.06it/s]extract:  72%|███████▏  | 678/938 [02:51<01:03,  4.08it/s]extract:  72%|███████▏  | 679/938 [02:51<01:04,  4.01it/s]extract:  72%|███████▏  | 680/938 [02:51<01:05,  3.94it/s]extract:  73%|███████▎  | 681/938 [02:52<01:05,  3.90it/s]extract:  73%|███████▎  | 682/938 [02:52<01:05,  3.90it/s]extract:  73%|███████▎  | 683/938 [02:52<01:04,  3.93it/s]extract:  73%|███████▎  | 684/938 [02:52<01:03,  4.00it/s]extract:  73%|███████▎  | 685/938 [02:53<01:03,  3.95it/s]extract:  73%|███████▎  | 686/938 [02:53<01:04,  3.92it/s]extract:  73%|███████▎  | 687/938 [02:53<01:04,  3.89it/s]extract:  73%|███████▎  | 688/938 [02:53<01:03,  3.91it/s]extract:  73%|███████▎  | 689/938 [02:54<01:03,  3.95it/s]extract:  74%|███████▎  | 690/938 [02:54<01:03,  3.90it/s]extract:  74%|███████▎  | 691/938 [02:54<01:03,  3.88it/s]extract:  74%|███████▍  | 692/938 [02:54<01:03,  3.88it/s]extract:  74%|███████▍  | 693/938 [02:55<01:02,  3.92it/s]extract:  74%|███████▍  | 694/938 [02:55<01:01,  3.99it/s]extract:  74%|███████▍  | 695/938 [02:55<01:00,  4.01it/s]extract:  74%|███████▍  | 696/938 [02:55<01:01,  3.95it/s]extract:  74%|███████▍  | 697/938 [02:56<01:01,  3.91it/s]extract:  74%|███████▍  | 698/938 [02:56<01:01,  3.89it/s]extract:  75%|███████▍  | 699/938 [02:56<01:01,  3.90it/s]extract:  75%|███████▍  | 700/938 [02:57<01:00,  3.95it/s]extract:  75%|███████▍  | 701/938 [02:57<00:58,  4.03it/s]extract:  75%|███████▍  | 702/938 [02:57<00:58,  4.03it/s]extract:  75%|███████▍  | 703/938 [02:57<00:59,  3.98it/s]extract:  75%|███████▌  | 704/938 [02:58<00:59,  3.91it/s]extract:  75%|███████▌  | 705/938 [02:58<00:59,  3.91it/s]extract:  75%|███████▌  | 706/938 [02:58<00:59,  3.90it/s]extract:  75%|███████▌  | 707/938 [02:58<00:58,  3.92it/s]extract:  75%|███████▌  | 708/938 [02:59<00:57,  3.98it/s]extract:  76%|███████▌  | 709/938 [02:59<00:57,  4.00it/s]extract:  76%|███████▌  | 710/938 [02:59<00:57,  3.94it/s]extract:  76%|███████▌  | 711/938 [02:59<00:58,  3.90it/s]extract:  76%|███████▌  | 712/938 [03:00<00:58,  3.89it/s]extract:  76%|███████▌  | 713/938 [03:00<00:58,  3.88it/s]extract:  76%|███████▌  | 714/938 [03:00<00:57,  3.87it/s]extract:  76%|███████▌  | 715/938 [03:00<00:56,  3.91it/s]extract:  76%|███████▋  | 716/938 [03:01<00:55,  3.97it/s]extract:  76%|███████▋  | 717/938 [03:01<00:55,  3.97it/s]extract:  77%|███████▋  | 718/938 [03:02<01:46,  2.06it/s]extract:  77%|███████▋  | 719/938 [03:02<01:32,  2.38it/s]extract:  77%|███████▋  | 720/938 [03:02<01:21,  2.66it/s]extract:  77%|███████▋  | 721/938 [03:03<01:13,  2.96it/s]extract:  77%|███████▋  | 722/938 [03:03<01:08,  3.17it/s]extract:  77%|███████▋  | 723/938 [03:03<01:04,  3.33it/s]extract:  77%|███████▋  | 724/938 [03:03<01:01,  3.47it/s]extract:  77%|███████▋  | 725/938 [03:04<00:58,  3.61it/s]extract:  77%|███████▋  | 726/938 [03:04<00:56,  3.75it/s]extract:  78%|███████▊  | 727/938 [03:04<00:55,  3.77it/s]extract:  78%|███████▊  | 728/938 [03:04<00:55,  3.78it/s]extract:  78%|███████▊  | 729/938 [03:05<00:55,  3.80it/s]extract:  78%|███████▊  | 730/938 [03:05<00:53,  3.88it/s]extract:  78%|███████▊  | 731/938 [03:05<00:52,  3.91it/s]extract:  78%|███████▊  | 732/938 [03:05<00:53,  3.88it/s]extract:  78%|███████▊  | 733/938 [03:06<00:53,  3.87it/s]extract:  78%|███████▊  | 734/938 [03:06<00:53,  3.85it/s]extract:  78%|███████▊  | 735/938 [03:06<00:52,  3.88it/s]extract:  78%|███████▊  | 736/938 [03:06<00:50,  3.96it/s]extract:  79%|███████▊  | 737/938 [03:07<00:50,  4.00it/s]extract:  79%|███████▊  | 738/938 [03:07<00:50,  3.93it/s]extract:  79%|███████▉  | 739/938 [03:07<00:51,  3.90it/s]extract:  79%|███████▉  | 740/938 [03:08<00:51,  3.86it/s]extract:  79%|███████▉  | 741/938 [03:08<00:50,  3.93it/s]extract:  79%|███████▉  | 742/938 [03:08<00:49,  3.95it/s]extract:  79%|███████▉  | 743/938 [03:08<00:48,  4.02it/s]extract:  79%|███████▉  | 744/938 [03:09<00:48,  4.01it/s]extract:  79%|███████▉  | 745/938 [03:09<00:48,  3.96it/s]extract:  80%|███████▉  | 746/938 [03:09<00:45,  4.22it/s]extract:  80%|███████▉  | 747/938 [03:09<00:43,  4.43it/s]extract:  80%|███████▉  | 748/938 [03:09<00:42,  4.48it/s]extract:  80%|███████▉  | 749/938 [03:10<00:41,  4.50it/s]extract:  80%|███████▉  | 750/938 [03:10<00:41,  4.52it/s]extract:  80%|████████  | 751/938 [03:10<00:40,  4.56it/s]extract:  80%|████████  | 752/938 [03:10<00:40,  4.59it/s]extract:  80%|████████  | 753/938 [03:10<00:40,  4.60it/s]extract:  80%|████████  | 754/938 [03:11<00:39,  4.62it/s]extract:  80%|████████  | 755/938 [03:11<00:39,  4.59it/s]extract:  81%|████████  | 756/938 [03:11<00:39,  4.61it/s]extract:  81%|████████  | 757/938 [03:11<00:39,  4.62it/s]extract:  81%|████████  | 758/938 [03:12<00:38,  4.62it/s]extract:  81%|████████  | 759/938 [03:12<00:38,  4.62it/s]extract:  81%|████████  | 760/938 [03:12<00:38,  4.62it/s]extract:  81%|████████  | 761/938 [03:12<00:38,  4.60it/s]extract:  81%|████████  | 762/938 [03:12<00:40,  4.33it/s]extract:  81%|████████▏ | 763/938 [03:13<00:42,  4.16it/s]extract:  81%|████████▏ | 764/938 [03:13<00:42,  4.13it/s]extract:  82%|████████▏ | 765/938 [03:13<00:42,  4.08it/s]extract:  82%|████████▏ | 766/938 [03:13<00:42,  4.01it/s]extract:  82%|████████▏ | 767/938 [03:14<00:43,  3.95it/s]extract:  82%|████████▏ | 768/938 [03:14<00:43,  3.92it/s]extract:  82%|████████▏ | 769/938 [03:14<00:42,  3.95it/s]extract:  82%|████████▏ | 770/938 [03:14<00:41,  4.01it/s]extract:  82%|████████▏ | 771/938 [03:15<00:41,  4.00it/s]extract:  82%|████████▏ | 772/938 [03:15<00:42,  3.95it/s]extract:  82%|████████▏ | 773/938 [03:15<00:42,  3.89it/s]extract:  83%|████████▎ | 774/938 [03:16<00:42,  3.89it/s]extract:  83%|████████▎ | 775/938 [03:16<00:42,  3.86it/s]extract:  83%|████████▎ | 776/938 [03:16<00:41,  3.92it/s]extract:  83%|████████▎ | 777/938 [03:16<00:40,  4.00it/s]extract:  83%|████████▎ | 778/938 [03:17<00:39,  4.04it/s]extract:  83%|████████▎ | 779/938 [03:17<00:39,  4.01it/s]extract:  83%|████████▎ | 780/938 [03:17<00:39,  3.95it/s]extract:  83%|████████▎ | 781/938 [03:17<00:39,  3.93it/s]extract:  83%|████████▎ | 782/938 [03:18<00:40,  3.90it/s]extract:  83%|████████▎ | 783/938 [03:18<00:39,  3.94it/s]extract:  84%|████████▎ | 784/938 [03:18<00:38,  4.01it/s]extract:  84%|████████▎ | 785/938 [03:18<00:37,  4.03it/s]extract:  84%|████████▍ | 786/938 [03:19<00:38,  3.97it/s]extract:  84%|████████▍ | 787/938 [03:19<00:38,  3.96it/s]extract:  84%|████████▍ | 788/938 [03:19<00:38,  3.92it/s]extract:  84%|████████▍ | 789/938 [03:19<00:37,  3.95it/s]extract:  84%|████████▍ | 790/938 [03:20<00:37,  3.92it/s]extract:  84%|████████▍ | 791/938 [03:20<00:37,  3.88it/s]extract:  84%|████████▍ | 792/938 [03:20<00:37,  3.88it/s]extract:  85%|████████▍ | 793/938 [03:20<00:37,  3.90it/s]extract:  85%|████████▍ | 794/938 [03:21<00:35,  4.00it/s]extract:  85%|████████▍ | 795/938 [03:21<00:35,  4.00it/s]extract:  85%|████████▍ | 796/938 [03:21<00:35,  3.95it/s]extract:  85%|████████▍ | 797/938 [03:21<00:35,  3.95it/s]extract:  85%|████████▌ | 798/938 [03:22<00:35,  3.91it/s]extract:  85%|████████▌ | 799/938 [03:22<00:35,  3.92it/s]extract:  85%|████████▌ | 800/938 [03:22<00:35,  3.92it/s]extract:  85%|████████▌ | 801/938 [03:22<00:35,  3.91it/s]extract:  86%|████████▌ | 802/938 [03:23<00:34,  3.93it/s]extract:  86%|████████▌ | 803/938 [03:23<00:33,  3.99it/s]extract:  86%|████████▌ | 804/938 [03:23<00:33,  3.98it/s]extract:  86%|████████▌ | 805/938 [03:23<00:33,  3.96it/s]extract:  86%|████████▌ | 806/938 [03:24<00:33,  3.93it/s]extract:  86%|████████▌ | 807/938 [03:24<00:33,  3.90it/s]extract:  86%|████████▌ | 808/938 [03:24<00:33,  3.90it/s]extract:  86%|████████▌ | 809/938 [03:24<00:33,  3.88it/s]extract:  86%|████████▋ | 810/938 [03:25<00:32,  3.91it/s]extract:  86%|████████▋ | 811/938 [03:25<00:31,  3.97it/s]extract:  87%|████████▋ | 812/938 [03:25<00:31,  4.03it/s]extract:  87%|████████▋ | 813/938 [03:25<00:31,  4.02it/s]extract:  87%|████████▋ | 814/938 [03:26<00:31,  3.97it/s]extract:  87%|████████▋ | 815/938 [03:26<00:31,  3.94it/s]extract:  87%|████████▋ | 816/938 [03:26<00:31,  3.92it/s]extract:  87%|████████▋ | 817/938 [03:26<00:30,  3.96it/s]extract:  87%|████████▋ | 818/938 [03:27<00:29,  4.01it/s]extract:  87%|████████▋ | 819/938 [03:27<00:29,  4.01it/s]extract:  87%|████████▋ | 820/938 [03:27<00:29,  3.98it/s]extract:  88%|████████▊ | 821/938 [03:27<00:29,  3.92it/s]extract:  88%|████████▊ | 822/938 [03:28<00:29,  3.92it/s]extract:  88%|████████▊ | 823/938 [03:28<00:31,  3.70it/s]extract:  88%|████████▊ | 824/938 [03:28<00:30,  3.80it/s]extract:  88%|████████▊ | 825/938 [03:28<00:29,  3.80it/s]extract:  88%|████████▊ | 826/938 [03:29<00:29,  3.80it/s]extract:  88%|████████▊ | 827/938 [03:29<00:29,  3.82it/s]extract:  88%|████████▊ | 828/938 [03:29<00:28,  3.80it/s]extract:  88%|████████▊ | 829/938 [03:30<00:28,  3.80it/s]extract:  88%|████████▊ | 830/938 [03:30<00:27,  3.87it/s]extract:  89%|████████▊ | 831/938 [03:30<00:27,  3.87it/s]extract:  89%|████████▊ | 832/938 [03:30<00:27,  3.92it/s]extract:  89%|████████▉ | 833/938 [03:31<00:27,  3.88it/s]extract:  89%|████████▉ | 834/938 [03:31<00:27,  3.85it/s]extract:  89%|████████▉ | 835/938 [03:31<00:28,  3.64it/s]extract:  89%|████████▉ | 836/938 [03:31<00:26,  3.78it/s]extract:  89%|████████▉ | 837/938 [03:32<00:28,  3.60it/s]extract:  89%|████████▉ | 838/938 [03:32<00:27,  3.66it/s]extract:  89%|████████▉ | 839/938 [03:32<00:26,  3.71it/s]extract:  90%|████████▉ | 840/938 [03:32<00:26,  3.76it/s]extract:  90%|████████▉ | 841/938 [03:33<00:25,  3.85it/s]extract:  90%|████████▉ | 842/938 [03:33<00:24,  3.91it/s]extract:  90%|████████▉ | 843/938 [03:33<00:24,  3.87it/s]extract:  90%|████████▉ | 844/938 [03:33<00:24,  3.87it/s]extract:  90%|█████████ | 845/938 [03:34<00:24,  3.84it/s]extract:  90%|█████████ | 846/938 [03:34<00:23,  3.87it/s]extract:  90%|█████████ | 847/938 [03:34<00:23,  3.91it/s]extract:  90%|█████████ | 848/938 [03:35<00:22,  3.93it/s]extract:  91%|█████████ | 849/938 [03:35<00:22,  3.88it/s]extract:  91%|█████████ | 850/938 [03:35<00:22,  3.87it/s]extract:  91%|█████████ | 851/938 [03:35<00:22,  3.83it/s]extract:  91%|█████████ | 852/938 [03:36<00:22,  3.88it/s]extract:  91%|█████████ | 853/938 [03:36<00:21,  3.93it/s]extract:  91%|█████████ | 854/938 [03:36<00:21,  3.88it/s]extract:  91%|█████████ | 855/938 [03:36<00:21,  3.83it/s]extract:  91%|█████████▏| 856/938 [03:37<00:21,  3.87it/s]extract:  91%|█████████▏| 857/938 [03:37<00:21,  3.83it/s]extract:  91%|█████████▏| 858/938 [03:37<00:20,  3.86it/s]extract:  92%|█████████▏| 859/938 [03:37<00:20,  3.85it/s]extract:  92%|█████████▏| 860/938 [03:38<00:20,  3.83it/s]extract:  92%|█████████▏| 861/938 [03:38<00:20,  3.81it/s]extract:  92%|█████████▏| 862/938 [03:38<00:19,  3.81it/s]extract:  92%|█████████▏| 863/938 [03:38<00:19,  3.84it/s]extract:  92%|█████████▏| 864/938 [03:39<00:19,  3.89it/s]extract:  92%|█████████▏| 865/938 [03:39<00:18,  3.93it/s]extract:  92%|█████████▏| 866/938 [03:39<00:18,  3.89it/s]extract:  92%|█████████▏| 867/938 [03:39<00:18,  3.87it/s]extract:  93%|█████████▎| 868/938 [03:40<00:18,  3.86it/s]extract:  93%|█████████▎| 869/938 [03:40<00:17,  3.86it/s]extract:  93%|█████████▎| 870/938 [03:40<00:17,  3.94it/s]extract:  93%|█████████▎| 871/938 [03:40<00:16,  3.98it/s]extract:  93%|█████████▎| 872/938 [03:41<00:16,  3.95it/s]extract:  93%|█████████▎| 873/938 [03:41<00:16,  3.90it/s]extract:  93%|█████████▎| 874/938 [03:41<00:16,  3.90it/s]extract:  93%|█████████▎| 875/938 [03:41<00:16,  3.90it/s]extract:  93%|█████████▎| 876/938 [03:42<00:15,  3.96it/s]extract:  93%|█████████▎| 877/938 [03:42<00:15,  3.98it/s]extract:  94%|█████████▎| 878/938 [03:42<00:15,  3.94it/s]extract:  94%|█████████▎| 879/938 [03:42<00:15,  3.92it/s]extract:  94%|█████████▍| 880/938 [03:43<00:14,  3.89it/s]extract:  94%|█████████▍| 881/938 [03:43<00:14,  3.89it/s]extract:  94%|█████████▍| 882/938 [03:43<00:14,  3.94it/s]extract:  94%|█████████▍| 883/938 [03:43<00:13,  3.96it/s]extract:  94%|█████████▍| 884/938 [03:44<00:13,  3.97it/s]extract:  94%|█████████▍| 885/938 [03:44<00:13,  3.95it/s]extract:  94%|█████████▍| 886/938 [03:44<00:13,  3.91it/s]extract:  95%|█████████▍| 887/938 [03:45<00:12,  3.93it/s]extract:  95%|█████████▍| 888/938 [03:45<00:12,  3.89it/s]extract:  95%|█████████▍| 889/938 [03:45<00:12,  3.93it/s]extract:  95%|█████████▍| 890/938 [03:45<00:12,  3.99it/s]extract:  95%|█████████▍| 891/938 [03:46<00:11,  4.01it/s]extract:  95%|█████████▌| 892/938 [03:46<00:11,  3.96it/s]extract:  95%|█████████▌| 893/938 [03:46<00:11,  3.89it/s]extract:  95%|█████████▌| 894/938 [03:46<00:11,  3.88it/s]extract:  95%|█████████▌| 895/938 [03:47<00:10,  3.93it/s]extract:  96%|█████████▌| 896/938 [03:47<00:10,  3.98it/s]extract:  96%|█████████▌| 897/938 [03:47<00:10,  3.92it/s]extract:  96%|█████████▌| 898/938 [03:47<00:10,  3.91it/s]extract:  96%|█████████▌| 899/938 [03:48<00:09,  3.91it/s]extract:  96%|█████████▌| 900/938 [03:48<00:09,  3.88it/s]extract:  96%|█████████▌| 901/938 [03:48<00:09,  3.97it/s]extract:  96%|█████████▌| 902/938 [03:48<00:09,  3.99it/s]extract:  96%|█████████▋| 903/938 [03:49<00:08,  3.99it/s]extract:  96%|█████████▋| 904/938 [03:49<00:08,  3.96it/s]extract:  96%|█████████▋| 905/938 [03:49<00:08,  3.92it/s]extract:  97%|█████████▋| 906/938 [03:49<00:08,  3.89it/s]extract:  97%|█████████▋| 907/938 [03:50<00:07,  3.88it/s]extract:  97%|█████████▋| 908/938 [03:50<00:07,  3.94it/s]extract:  97%|█████████▋| 909/938 [03:50<00:07,  3.98it/s]extract:  97%|█████████▋| 910/938 [03:50<00:06,  4.00it/s]extract:  97%|█████████▋| 911/938 [03:51<00:06,  3.96it/s]extract:  97%|█████████▋| 912/938 [03:51<00:06,  3.92it/s]extract:  97%|█████████▋| 913/938 [03:51<00:06,  3.92it/s]extract:  97%|█████████▋| 914/938 [03:51<00:06,  3.90it/s]extract:  98%|█████████▊| 915/938 [03:52<00:05,  3.90it/s]extract:  98%|█████████▊| 916/938 [03:52<00:05,  3.94it/s]extract:  98%|█████████▊| 917/938 [03:52<00:05,  3.96it/s]extract:  98%|█████████▊| 918/938 [03:52<00:05,  3.91it/s]extract:  98%|█████████▊| 919/938 [03:53<00:04,  3.89it/s]extract:  98%|█████████▊| 920/938 [03:53<00:04,  3.87it/s]extract:  98%|█████████▊| 921/938 [03:53<00:04,  3.91it/s]extract:  98%|█████████▊| 922/938 [03:53<00:03,  4.00it/s]extract:  98%|█████████▊| 923/938 [03:54<00:03,  3.99it/s]extract:  99%|█████████▊| 924/938 [03:54<00:03,  3.94it/s]extract:  99%|█████████▊| 925/938 [03:54<00:03,  3.91it/s]extract:  99%|█████████▊| 926/938 [03:54<00:03,  3.92it/s]extract:  99%|█████████▉| 927/938 [03:55<00:02,  3.70it/s]extract:  99%|█████████▉| 928/938 [03:55<00:02,  3.80it/s]extract:  99%|█████████▉| 929/938 [03:55<00:02,  3.92it/s]extract:  99%|█████████▉| 930/938 [03:56<00:02,  3.77it/s]extract:  99%|█████████▉| 931/938 [03:56<00:01,  3.79it/s]extract:  99%|█████████▉| 932/938 [03:56<00:01,  3.79it/s]extract:  99%|█████████▉| 933/938 [03:56<00:01,  3.79it/s]extract: 100%|█████████▉| 934/938 [03:57<00:01,  3.52it/s]extract: 100%|█████████▉| 935/938 [03:57<00:00,  3.66it/s]extract: 100%|█████████▉| 936/938 [03:57<00:00,  3.81it/s]extract: 100%|█████████▉| 937/938 [03:57<00:00,  3.88it/s]extract: 100%|██████████| 938/938 [03:58<00:00,  4.50it/s]extract: 100%|██████████| 938/938 [03:58<00:00,  3.94it/s]
extract:   0%|          | 0/157 [00:00<?, ?it/s]extract:   1%|          | 1/157 [00:00<00:39,  3.95it/s]extract:   1%|▏         | 2/157 [00:00<00:38,  3.98it/s]extract:   2%|▏         | 3/157 [00:00<00:38,  3.97it/s]extract:   3%|▎         | 4/157 [00:01<00:38,  3.96it/s]extract:   3%|▎         | 5/157 [00:01<00:38,  3.96it/s]extract:   4%|▍         | 6/157 [00:01<00:37,  4.04it/s]extract:   4%|▍         | 7/157 [00:01<00:37,  4.01it/s]extract:   5%|▌         | 8/157 [00:01<00:36,  4.04it/s]extract:   6%|▌         | 9/157 [00:02<00:36,  4.04it/s]extract:   6%|▋         | 10/157 [00:02<00:36,  4.05it/s]extract:   7%|▋         | 11/157 [00:02<00:35,  4.09it/s]extract:   8%|▊         | 12/157 [00:02<00:34,  4.15it/s]extract:   8%|▊         | 13/157 [00:03<00:34,  4.17it/s]extract:   9%|▉         | 14/157 [00:03<00:34,  4.19it/s]extract:  10%|▉         | 15/157 [00:03<00:33,  4.18it/s]extract:  10%|█         | 16/157 [00:03<00:33,  4.19it/s]extract:  11%|█         | 17/157 [00:04<00:34,  4.11it/s]extract:  11%|█▏        | 18/157 [00:04<00:34,  4.08it/s]extract:  12%|█▏        | 19/157 [00:04<00:34,  4.04it/s]extract:  13%|█▎        | 20/157 [00:04<00:34,  4.02it/s]extract:  13%|█▎        | 21/157 [00:05<00:34,  4.00it/s]extract:  14%|█▍        | 22/157 [00:05<00:33,  4.03it/s]extract:  15%|█▍        | 23/157 [00:05<00:32,  4.09it/s]extract:  15%|█▌        | 24/157 [00:05<00:31,  4.16it/s]extract:  16%|█▌        | 25/157 [00:06<00:31,  4.16it/s]extract:  17%|█▋        | 26/157 [00:06<00:31,  4.15it/s]extract:  17%|█▋        | 27/157 [00:06<00:31,  4.12it/s]extract:  18%|█▊        | 28/157 [00:06<00:31,  4.08it/s]extract:  18%|█▊        | 29/157 [00:07<00:31,  4.04it/s]extract:  19%|█▉        | 30/157 [00:07<00:31,  4.03it/s]extract:  20%|█▉        | 31/157 [00:07<00:31,  4.00it/s]extract:  20%|██        | 32/157 [00:07<00:31,  4.02it/s]extract:  21%|██        | 33/157 [00:08<00:30,  4.06it/s]extract:  22%|██▏       | 34/157 [00:08<00:30,  4.08it/s]extract:  22%|██▏       | 35/157 [00:08<00:30,  4.04it/s]extract:  23%|██▎       | 36/157 [00:08<00:30,  4.02it/s]extract:  24%|██▎       | 37/157 [00:09<00:29,  4.01it/s]extract:  24%|██▍       | 38/157 [00:09<00:29,  4.00it/s]extract:  25%|██▍       | 39/157 [00:09<00:29,  3.99it/s]extract:  25%|██▌       | 40/157 [00:09<00:28,  4.06it/s]extract:  26%|██▌       | 41/157 [00:10<00:28,  4.09it/s]extract:  27%|██▋       | 42/157 [00:10<00:28,  4.04it/s]extract:  27%|██▋       | 43/157 [00:10<00:28,  4.01it/s]extract:  28%|██▊       | 44/157 [00:10<00:28,  3.99it/s]extract:  29%|██▊       | 45/157 [00:11<00:27,  4.08it/s]extract:  29%|██▉       | 46/157 [00:11<00:27,  4.09it/s]extract:  30%|██▉       | 47/157 [00:11<00:26,  4.11it/s]extract:  31%|███       | 48/157 [00:11<00:26,  4.06it/s]extract:  31%|███       | 49/157 [00:12<00:26,  4.02it/s]extract:  32%|███▏      | 50/157 [00:12<00:26,  4.02it/s]extract:  32%|███▏      | 51/157 [00:12<00:26,  4.02it/s]extract:  33%|███▎      | 52/157 [00:12<00:25,  4.06it/s]extract:  34%|███▍      | 53/157 [00:13<00:25,  4.11it/s]extract:  34%|███▍      | 54/157 [00:13<00:24,  4.15it/s]extract:  35%|███▌      | 55/157 [00:13<00:24,  4.17it/s]extract:  36%|███▌      | 56/157 [00:13<00:23,  4.21it/s]extract:  36%|███▋      | 57/157 [00:14<00:24,  4.12it/s]extract:  37%|███▋      | 58/157 [00:14<00:24,  4.09it/s]extract:  38%|███▊      | 59/157 [00:14<00:23,  4.13it/s]extract:  38%|███▊      | 60/157 [00:14<00:23,  4.09it/s]extract:  39%|███▉      | 61/157 [00:14<00:23,  4.05it/s]extract:  39%|███▉      | 62/157 [00:15<00:23,  4.04it/s]extract:  40%|████      | 63/157 [00:15<00:23,  4.01it/s]extract:  41%|████      | 64/157 [00:15<00:23,  4.00it/s]extract:  41%|████▏     | 65/157 [00:15<00:22,  4.07it/s]extract:  42%|████▏     | 66/157 [00:16<00:22,  4.12it/s]extract:  43%|████▎     | 67/157 [00:16<00:21,  4.13it/s]extract:  43%|████▎     | 68/157 [00:16<00:21,  4.07it/s]extract:  44%|████▍     | 69/157 [00:16<00:21,  4.11it/s]extract:  45%|████▍     | 70/157 [00:17<00:21,  4.12it/s]extract:  45%|████▌     | 71/157 [00:17<00:20,  4.18it/s]extract:  46%|████▌     | 72/157 [00:17<00:20,  4.20it/s]extract:  46%|████▋     | 73/157 [00:17<00:20,  4.15it/s]extract:  47%|████▋     | 74/157 [00:18<00:19,  4.16it/s]extract:  48%|████▊     | 75/157 [00:18<00:19,  4.17it/s]extract:  48%|████▊     | 76/157 [00:18<00:19,  4.15it/s]extract:  49%|████▉     | 77/157 [00:18<00:19,  4.08it/s]extract:  50%|████▉     | 78/157 [00:19<00:19,  4.05it/s]extract:  50%|█████     | 79/157 [00:19<00:19,  4.01it/s]extract:  51%|█████     | 80/157 [00:19<00:19,  4.00it/s]extract:  52%|█████▏    | 81/157 [00:19<00:18,  4.00it/s]extract:  52%|█████▏    | 82/157 [00:20<00:18,  4.00it/s]extract:  53%|█████▎    | 83/157 [00:20<00:18,  3.98it/s]extract:  54%|█████▎    | 84/157 [00:20<00:18,  4.05it/s]extract:  54%|█████▍    | 85/157 [00:20<00:17,  4.07it/s]extract:  55%|█████▍    | 86/157 [00:21<00:17,  4.12it/s]extract:  55%|█████▌    | 87/157 [00:21<00:17,  4.07it/s]extract:  56%|█████▌    | 88/157 [00:21<00:17,  4.04it/s]extract:  57%|█████▋    | 89/157 [00:21<00:16,  4.01it/s]extract:  57%|█████▋    | 90/157 [00:22<00:16,  4.00it/s]extract:  58%|█████▊    | 91/157 [00:22<00:16,  4.05it/s]extract:  59%|█████▊    | 92/157 [00:22<00:15,  4.07it/s]extract:  59%|█████▉    | 93/157 [00:22<00:15,  4.14it/s]extract:  60%|█████▉    | 94/157 [00:23<00:15,  4.14it/s]extract:  61%|██████    | 95/157 [00:23<00:14,  4.13it/s]extract:  61%|██████    | 96/157 [00:23<00:14,  4.16it/s]extract:  62%|██████▏   | 97/157 [00:23<00:14,  4.18it/s]extract:  62%|██████▏   | 98/157 [00:24<00:14,  4.13it/s]extract:  63%|██████▎   | 99/157 [00:24<00:14,  4.07it/s]extract:  64%|██████▎   | 100/157 [00:24<00:14,  4.05it/s]extract:  64%|██████▍   | 101/157 [00:24<00:13,  4.04it/s]extract:  65%|██████▍   | 102/157 [00:25<00:13,  4.09it/s]extract:  66%|██████▌   | 103/157 [00:25<00:13,  4.12it/s]extract:  66%|██████▌   | 104/157 [00:25<00:12,  4.16it/s]extract:  67%|██████▋   | 105/157 [00:25<00:12,  4.10it/s]extract:  68%|██████▊   | 106/157 [00:26<00:12,  4.04it/s]extract:  68%|██████▊   | 107/157 [00:26<00:12,  4.00it/s]extract:  69%|██████▉   | 108/157 [00:26<00:12,  3.98it/s]extract:  69%|██████▉   | 109/157 [00:26<00:12,  4.00it/s]extract:  70%|███████   | 110/157 [00:27<00:11,  4.03it/s]extract:  71%|███████   | 111/157 [00:27<00:11,  4.05it/s]extract:  71%|███████▏  | 112/157 [00:27<00:11,  4.06it/s]extract:  72%|███████▏  | 113/157 [00:27<00:10,  4.06it/s]extract:  73%|███████▎  | 114/157 [00:28<00:10,  4.00it/s]extract:  73%|███████▎  | 115/157 [00:28<00:10,  3.96it/s]extract:  74%|███████▍  | 116/157 [00:28<00:09,  4.15it/s]extract:  75%|███████▍  | 117/157 [00:28<00:09,  4.30it/s]extract:  75%|███████▌  | 118/157 [00:28<00:08,  4.42it/s]extract:  76%|███████▌  | 119/157 [00:29<00:08,  4.50it/s]extract:  76%|███████▋  | 120/157 [00:29<00:08,  4.57it/s]extract:  77%|███████▋  | 121/157 [00:29<00:07,  4.62it/s]extract:  78%|███████▊  | 122/157 [00:29<00:07,  4.63it/s]extract:  78%|███████▊  | 123/157 [00:29<00:07,  4.66it/s]extract:  79%|███████▉  | 124/157 [00:30<00:07,  4.65it/s]extract:  80%|███████▉  | 125/157 [00:30<00:06,  4.60it/s]extract:  80%|████████  | 126/157 [00:30<00:06,  4.56it/s]extract:  81%|████████  | 127/157 [00:30<00:06,  4.58it/s]extract:  82%|████████▏ | 128/157 [00:31<00:06,  4.63it/s]extract:  82%|████████▏ | 129/157 [00:31<00:06,  4.65it/s]extract:  83%|████████▎ | 130/157 [00:31<00:05,  4.68it/s]extract:  83%|████████▎ | 131/157 [00:31<00:05,  4.67it/s]extract:  84%|████████▍ | 132/157 [00:31<00:05,  4.67it/s]extract:  85%|████████▍ | 133/157 [00:32<00:05,  4.66it/s]extract:  85%|████████▌ | 134/157 [00:32<00:04,  4.65it/s]extract:  86%|████████▌ | 135/157 [00:32<00:04,  4.85it/s]extract:  87%|████████▋ | 136/157 [00:32<00:04,  4.89it/s]extract:  87%|████████▋ | 137/157 [00:32<00:04,  4.82it/s]extract:  88%|████████▊ | 138/157 [00:33<00:03,  4.78it/s]extract:  89%|████████▊ | 139/157 [00:33<00:03,  4.74it/s]extract:  89%|████████▉ | 140/157 [00:33<00:03,  4.72it/s]extract:  90%|████████▉ | 141/157 [00:33<00:03,  4.72it/s]extract:  90%|█████████ | 142/157 [00:34<00:03,  4.69it/s]extract:  91%|█████████ | 143/157 [00:34<00:02,  4.72it/s]extract:  92%|█████████▏| 144/157 [00:34<00:02,  4.72it/s]extract:  92%|█████████▏| 145/157 [00:34<00:02,  4.71it/s]extract:  93%|█████████▎| 146/157 [00:34<00:02,  4.71it/s]extract:  94%|█████████▎| 147/157 [00:35<00:02,  4.72it/s]extract:  94%|█████████▍| 148/157 [00:35<00:01,  4.69it/s]extract:  95%|█████████▍| 149/157 [00:35<00:01,  4.69it/s]extract:  96%|█████████▌| 150/157 [00:35<00:01,  4.70it/s]extract:  96%|█████████▌| 151/157 [00:35<00:01,  4.71it/s]extract:  97%|█████████▋| 152/157 [00:36<00:01,  4.77it/s]extract:  97%|█████████▋| 153/157 [00:36<00:00,  4.74it/s]extract:  98%|█████████▊| 154/157 [00:36<00:00,  4.71it/s]extract:  99%|█████████▊| 155/157 [00:36<00:00,  4.69it/s]extract:  99%|█████████▉| 156/157 [00:36<00:00,  4.69it/s]extract: 100%|██████████| 157/157 [00:37<00:00,  4.24it/s]
    -> {'top1_accuracy': 0.3641, 'ci95_low': 0.354595, 'ci95_high': 0.37315750000000003, 'n_test': 10000, 'n_train_per_class': 1, 'n_classes': 10, 'correct_per_example': [0, 0, 1, 1, 1, 1, 1, 0, 0, 1, 0, 1, 1, 0, 0, 0, 1, 0, 0, 0, 1, 1, 1, 0, 0, 0, 0, 0, 0, 0, 0, 0, 0, 0, 0, 0, 1, 0, 1, 1, 0, 1, 0, 0, 0, 0, 0, 1, 0, 0, 0, 0, 0, 0, 0, 1, 0, 1, 0, 0, 1, 1, 0, 0, 1, 1, 0, 0, 0, 0, 1, 1, 0, 0, 0, 1, 1, 0, 0, 0, 0, 0, 0, 1, 0, 1, 0, 0, 0, 1, 0, 0, 1, 0, 0, 0, 0, 0, 0, 0, 0, 1, 0, 1, 1, 0, 1, 0, 0, 1, 0, 1, 1, 1, 0, 0, 1, 1, 1, 0, 1, 1, 0, 1, 0, 1, 0, 0, 0, 1, 1, 1, 0, 1, 0, 0, 1, 1, 0, 0, 1, 0, 1, 1, 1, 0, 1, 0, 0, 1, 1, 0, 0, 0, 1, 0, 1, 1, 0, 0, 0, 1, 0, 0, 0, 1, 0, 0, 1, 1, 0, 0, 0, 1, 0, 0, 0, 0, 1, 1, 0, 1, 0, 1, 0, 1, 1, 1, 0, 0, 0, 1, 1, 1, 0, 1, 1, 0, 1, 1, 0, 0, 1, 1, 1, 0, 0, 0, 1, 0, 1, 0, 0, 0, 0, 1, 0, 0, 1, 1, 0, 0, 1, 0, 0, 1, 0, 0, 1, 0, 1, 0, 1, 0, 1, 0, 0, 1, 0, 0, 0, 0, 0, 1, 0, 1, 0, 0, 0, 0, 0, 1, 0, 1, 0, 0, 0, 0, 1, 0, 1, 1, 0, 1, 1, 0, 0, 0, 1, 0, 1, 0, 1, 0, 1, 1, 1, 0, 1, 1, 1, 0, 1, 0, 1, 0, 0, 1, 1, 0, 0, 0, 0, 0, 1, 0, 1, 0, 1, 0, 0, 0, 0, 0, 1, 0, 0, 0, 0, 0, 1, 1, 0, 0, 0, 1, 0, 0, 0, 0, 0, 1, 1, 0, 0, 0, 1, 1, 1, 0, 1, 0, 0, 0, 0, 0, 0, 0, 1, 0, 0, 0, 0, 1, 0, 1, 1, 1, 1, 0, 1, 1, 0, 0, 1, 1, 1, 0, 0, 1, 0, 0, 0, 1, 1, 1, 0, 0, 0, 0, 0, 1, 1, 1, 1, 1, 0, 0, 0, 1, 0, 0, 0, 0, 1, 0, 1, 0, 1, 0, 0, 1, 1, 1, 1, 0, 0, 0, 0, 1, 0, 1, 1, 0, 0, 1, 1, 0, 0, 0, 0, 0, 1, 0, 1, 0, 0, 0, 0, 0, 0, 0, 0, 1, 0, 0, 0, 0, 1, 0, 0, 0, 0, 1, 1, 0, 1, 0, 1, 1, 0, 0, 0, 0, 0, 0, 0, 1, 1, 0, 0, 0, 0, 1, 1, 1, 0, 0, 0, 0, 1, 0, 0, 0, 1, 0, 0, 0, 0, 0, 0, 1, 1, 1, 1, 1, 0, 0, 1, 1, 0, 1, 0, 1, 0, 0, 0, 1, 1, 1, 0, 0, 0, 0, 0, 0, 1, 0, 0, 1, 1, 1, 0, 0, 1, 0, 0, 1, 0, 1, 0, 1, 1, 1, 0, 0, 1, 0, 1, 0, 1, 0, 1, 0, 1, 0, 0, 0, 0, 0, 0, 0, 0, 0, 0, 0, 0, 0, 0, 0, 0, 0, 0, 0, 1, 0, 0, 1, 0, 0, 0, 1, 0, 0, 1, 1, 0, 1, 0, 1, 0, 0, 0, 0, 0, 1, 1, 0, 0, 0, 0, 1, 0, 0, 1, 0, 1, 0, 0, 0, 0, 0, 1, 1, 1, 1, 0, 0, 0, 0, 1, 1, 0, 0, 0, 0, 0, 0, 0, 0, 1, 0, 0, 0, 0, 0, 1, 0, 0, 0, 1, 0, 0, 0, 1, 0, 0, 1, 0, 0, 1, 1, 0, 0, 0, 1, 0, 0, 0, 0, 0, 0, 1, 0, 0, 0, 1, 0, 0, 1, 0, 0, 0, 0, 1, 1, 1, 1, 0, 1, 1, 1, 0, 1, 0, 0, 0, 0, 0, 0, 1, 1, 0, 0, 0, 1, 1, 1, 1, 0, 0, 0, 1, 1, 0, 0, 1, 0, 0, 0, 0, 1, 0, 1, 0, 0, 0, 0, 0, 0, 1, 0, 0, 1, 1, 1, 0, 0, 1, 0, 0, 0, 0, 0, 0, 1, 0, 0, 0, 1, 0, 0, 1, 0, 1, 1, 0, 0, 1, 0, 1, 0, 0, 0, 0, 0, 0, 1, 1, 0, 0, 1, 0, 0, 0, 0, 1, 0, 0, 1, 0, 0, 0, 0, 0, 0, 1, 1, 0, 1, 0, 1, 0, 0, 1, 0, 1, 1, 0, 1, 1, 0, 0, 0, 1, 0, 0, 1, 0, 0, 0, 0, 0, 1, 0, 1, 1, 1, 0, 0, 1, 0, 0, 1, 1, 0, 0, 0, 0, 0, 1, 1, 1, 0, 0, 1, 0, 0, 0, 1, 0, 0, 0, 1, 0, 1, 1, 0, 1, 0, 1, 0, 1, 0, 1, 1, 0, 0, 1, 0, 0, 1, 0, 1, 0, 1, 0, 0, 1, 1, 1, 0, 1, 1, 0, 1, 0, 0, 1, 1, 0, 1, 0, 1, 0, 1, 0, 1, 1, 0, 0, 0, 1, 0, 1, 0, 0, 1, 0, 1, 0, 0, 0, 0, 0, 0, 1, 1, 1, 0, 0, 0, 0, 1, 0, 0, 1, 0, 1, 1, 0, 0, 0, 1, 1, 0, 1, 0, 0, 1, 1, 0, 0, 0, 1, 1, 1, 1, 0, 0, 0, 1, 0, 1, 0, 0, 0, 0, 1, 0, 0, 0, 0, 1, 0, 0, 0, 0, 1, 0, 1, 1, 0, 0, 0, 0, 1, 1, 0, 0, 1, 0, 0, 1, 0, 0, 0, 1, 0, 0, 1, 1, 0, 0, 1, 0, 0, 0, 0, 1, 1, 1, 0, 0, 0, 0, 1, 1, 0, 1, 1, 0, 1, 0, 0, 1, 0, 0, 0, 0, 0, 0, 0, 1, 1, 0, 0, 1, 0, 1, 0, 0, 0, 0, 0, 0, 0, 1, 0, 0, 1, 0, 0, 0, 1, 1, 0, 0, 0, 0, 0, 0, 0, 0, 0, 1, 0, 1, 1, 0, 0, 0, 1, 1, 0, 0, 0, 1, 1, 0, 0, 1, 0, 0, 0, 0, 0, 0, 0, 0, 0, 0, 0, 0, 1, 1, 0, 0, 1, 0, 1, 1, 1, 0, 0, 1, 0, 0, 0, 1, 0, 0, 1, 1, 0, 1, 0, 0, 1, 0, 0, 0, 1, 0, 0, 1, 0, 0, 1, 1, 0, 0, 0, 0, 0, 1, 0, 0, 1, 0, 1, 0, 0, 0, 0, 0, 0, 1, 0, 1, 0, 0, 0, 1, 0, 0, 0, 0, 0, 0, 1, 0, 0, 0, 0, 1, 1, 0, 0, 1, 0, 0, 0, 0, 0, 0, 0, 0, 1, 1, 1, 0, 1, 0, 1, 0, 0, 1, 1, 0, 0, 0, 0, 0, 0, 0, 1, 0, 1, 1, 0, 1, 0, 1, 0, 1, 1, 0, 1, 0, 0, 1, 0, 1, 1, 0, 0, 1, 0, 0, 0, 0, 0, 0, 0, 0, 0, 0, 0, 0, 0, 0, 1, 1, 0, 0, 0, 0, 0, 1, 0, 1, 0, 0, 0, 0, 0, 1, 0, 0, 1, 0, 1, 1, 0, 0, 0, 0, 1, 0, 0, 1, 0, 1, 0, 0, 0, 0, 1, 1, 0, 0, 0, 0, 1, 0, 1, 0, 1, 0, 0, 0, 0, 1, 0, 1, 0, 0, 1, 0, 0, 0, 0, 0, 1, 0, 0, 1, 0, 0, 0, 0, 1, 0, 1, 0, 1, 0, 0, 1, 1, 0, 0, 0, 0, 0, 0, 1, 0, 1, 1, 0, 0, 0, 0, 0, 0, 0, 1, 0, 1, 1, 1, 1, 0, 1, 0, 0, 0, 1, 0, 1, 0, 0, 0, 0, 0, 1, 1, 0, 1, 0, 1, 1, 0, 0, 0, 1, 1, 1, 0, 0, 1, 1, 0, 1, 1, 1, 1, 0, 0, 0, 0, 0, 0, 0, 0, 0, 0, 0, 0, 0, 0, 1, 0, 1, 1, 0, 1, 1, 0, 0, 0, 0, 0, 0, 0, 0, 0, 0, 0, 1, 1, 1, 0, 0, 0, 0, 0, 1, 1, 0, 0, 0, 0, 1, 0, 1, 1, 0, 1, 1, 0, 0, 1, 0, 0, 0, 1, 0, 0, 1, 1, 0, 0, 0, 1, 0, 0, 1, 0, 0, 1, 1, 0, 0, 1, 0, 0, 1, 0, 0, 1, 1, 0, 1, 0, 1, 0, 0, 0, 0, 0, 1, 0, 1, 0, 1, 0, 0, 1, 0, 1, 1, 1, 1, 1, 0, 1, 1, 0, 1, 1, 0, 0, 0, 1, 0, 1, 1, 0, 0, 0, 1, 1, 1, 0, 1, 1, 1, 0, 0, 1, 0, 0, 0, 0, 0, 1, 0, 1, 1, 0, 0, 1, 0, 1, 0, 0, 1, 0, 1, 0, 1, 1, 1, 0, 1, 0, 0, 0, 0, 0, 0, 0, 0, 0, 1, 0, 0, 0, 0, 0, 0, 0, 0, 1, 0, 1, 0, 0, 0, 0, 1, 0, 1, 0, 0, 0, 1, 0, 1, 0, 0, 0, 0, 1, 0, 0, 0, 1, 0, 0, 1, 0, 1, 0, 1, 0, 1, 1, 0, 0, 1, 0, 0, 1, 0, 1, 0, 1, 0, 1, 0, 0, 1, 1, 1, 1, 0, 0, 0, 1, 1, 1, 0, 0, 0, 0, 0, 1, 0, 1, 0, 0, 1, 0, 0, 1, 0, 1, 1, 0, 0, 0, 1, 1, 1, 1, 1, 0, 1, 0, 0, 0, 0, 1, 0, 0, 0, 1, 0, 1, 1, 1, 0, 0, 0, 0, 0, 0, 1, 0, 1, 1, 0, 1, 0, 0, 1, 0, 0, 1, 1, 1, 1, 1, 1, 1, 0, 0, 0, 1, 0, 0, 0, 0, 0, 0, 0, 0, 0, 0, 0, 0, 0, 1, 1, 0, 0, 0, 0, 1, 1, 1, 1, 0, 1, 1, 0, 0, 1, 0, 0, 0, 0, 0, 1, 0, 0, 0, 1, 1, 1, 0, 0, 0, 1, 1, 0, 0, 0, 1, 0, 1, 0, 0, 0, 0, 0, 0, 0, 0, 0, 0, 1, 1, 1, 0, 1, 1, 1, 1, 1, 0, 1, 0, 0, 1, 0, 1, 0, 1, 0, 0, 0, 1, 0, 0, 0, 1, 1, 1, 1, 1, 0, 0, 1, 0, 0, 0, 1, 0, 0, 0, 0, 0, 0, 0, 0, 0, 1, 1, 1, 1, 1, 0, 1, 0, 1, 0, 1, 0, 1, 0, 0, 0, 0, 0, 0, 1, 0, 0, 0, 0, 0, 0, 1, 1, 0, 1, 0, 1, 1, 0, 0, 0, 0, 0, 0, 1, 0, 0, 0, 0, 1, 0, 1, 0, 1, 0, 0, 0, 0, 1, 0, 1, 0, 1, 1, 0, 0, 0, 0, 0, 1, 0, 1, 0, 1, 1, 0, 0, 0, 0, 1, 0, 0, 1, 0, 1, 0, 0, 1, 1, 0, 0, 0, 1, 0, 0, 0, 1, 0, 0, 1, 1, 0, 0, 1, 1, 1, 1, 0, 0, 1, 0, 1, 1, 1, 0, 1, 1, 0, 1, 1, 0, 0, 0, 0, 0, 0, 0, 0, 1, 0, 0, 0, 0, 0, 0, 0, 0, 0, 0, 0, 0, 0, 1, 0, 0, 1, 0, 1, 1, 1, 0, 0, 0, 1, 1, 0, 0, 1, 0, 1, 0, 1, 0, 0, 0, 1, 0, 0, 0, 1, 0, 1, 0, 0, 1, 0, 0, 0, 0, 0, 1, 1, 0, 1, 0, 1, 0, 1, 0, 1, 1, 0, 0, 1, 0, 1, 0, 1, 1, 0, 0, 0, 0, 0, 0, 0, 0, 1, 0, 0, 0, 0, 1, 1, 0, 0, 0, 1, 0, 0, 0, 0, 0, 0, 0, 0, 1, 1, 0, 0, 1, 0, 1, 0, 0, 1, 0, 0, 1, 0, 0, 1, 0, 1, 1, 0, 1, 0, 0, 0, 0, 1, 1, 1, 0, 0, 0, 0, 0, 0, 0, 1, 0, 0, 0, 0, 1, 0, 0, 1, 0, 1, 0, 0, 0, 1, 1, 1, 0, 1, 1, 0, 0, 1, 0, 0, 0, 0, 0, 0, 0, 0, 0, 0, 0, 1, 1, 0, 1, 1, 0, 0, 0, 0, 0, 1, 0, 1, 1, 0, 0, 0, 0, 1, 0, 1, 0, 0, 0, 1, 1, 0, 1, 0, 1, 1, 0, 0, 0, 0, 1, 0, 0, 0, 1, 0, 0, 1, 0, 1, 1, 0, 0, 0, 1, 0, 0, 0, 0, 0, 1, 1, 0, 0, 1, 0, 1, 0, 0, 1, 0, 0, 0, 0, 0, 0, 0, 0, 0, 0, 0, 1, 0, 0, 0, 0, 0, 1, 0, 0, 1, 0, 0, 0, 0, 0, 0, 0, 0, 1, 0, 0, 1, 1, 1, 0, 1, 1, 1, 0, 1, 0, 1, 1, 0, 0, 1, 0, 0, 0, 0, 0, 0, 0, 0, 1, 1, 1, 0, 1, 0, 0, 0, 0, 1, 1, 1, 1, 0, 0, 0, 1, 0, 0, 0, 1, 0, 0, 0, 0, 1, 0, 1, 0, 1, 0, 1, 1, 1, 0, 0, 1, 0, 0, 1, 1, 1, 1, 1, 0, 0, 0, 0, 0, 1, 0, 0, 0, 0, 0, 0, 1, 0, 0, 0, 0, 0, 0, 0, 0, 0, 0, 0, 0, 0, 1, 0, 0, 1, 1, 0, 0, 1, 0, 1, 0, 1, 1, 0, 1, 0, 0, 1, 0, 0, 0, 1, 0, 0, 1, 1, 1, 1, 1, 1, 0, 0, 0, 1, 1, 0, 1, 1, 0, 0, 1, 1, 0, 0, 0, 1, 0, 1, 0, 1, 0, 0, 0, 1, 0, 1, 0, 1, 0, 1, 0, 1, 0, 1, 0, 0, 0, 0, 0, 0, 0, 1, 1, 0, 0, 0, 0, 1, 0, 0, 0, 0, 1, 1, 1, 1, 0, 0, 0, 0, 1, 0, 0, 1, 1, 1, 0, 0, 0, 0, 0, 0, 1, 0, 0, 0, 0, 1, 0, 0, 0, 1, 1, 0, 0, 1, 0, 0, 0, 0, 0, 1, 0, 0, 1, 0, 0, 0, 0, 1, 0, 0, 1, 0, 1, 1, 1, 0, 0, 0, 0, 0, 0, 0, 0, 0, 1, 1, 1, 1, 0, 0, 0, 1, 0, 1, 1, 1, 0, 1, 0, 1, 1, 0, 1, 1, 1, 0, 0, 1, 0, 0, 0, 0, 0, 0, 1, 0, 1, 0, 0, 1, 0, 0, 0, 0, 0, 1, 0, 0, 1, 0, 0, 1, 0, 0, 0, 1, 1, 1, 0, 0, 0, 1, 1, 1, 0, 1, 0, 1, 1, 1, 1, 1, 0, 0, 0, 1, 0, 1, 1, 0, 0, 0, 0, 0, 0, 0, 0, 1, 0, 1, 0, 0, 0, 1, 0, 0, 0, 1, 0, 0, 0, 0, 1, 1, 0, 1, 0, 0, 0, 1, 1, 0, 0, 0, 1, 0, 0, 1, 0, 0, 0, 0, 0, 1, 0, 1, 0, 0, 0, 1, 0, 0, 0, 0, 0, 0, 1, 0, 0, 1, 1, 1, 0, 0, 0, 1, 1, 0, 0, 1, 1, 1, 1, 1, 1, 0, 1, 0, 1, 0, 0, 0, 1, 0, 0, 1, 0, 0, 0, 0, 0, 0, 1, 0, 1, 1, 0, 1, 1, 0, 1, 1, 0, 0, 0, 0, 0, 1, 1, 0, 1, 1, 0, 0, 0, 0, 0, 0, 0, 0, 1, 0, 0, 0, 1, 0, 0, 1, 0, 0, 1, 0, 0, 1, 1, 1, 0, 1, 0, 1, 1, 1, 1, 1, 1, 0, 0, 0, 1, 0, 0, 0, 0, 0, 1, 0, 0, 1, 0, 1, 1, 0, 1, 0, 1, 0, 0, 0, 0, 0, 0, 1, 0, 1, 0, 1, 0, 0, 0, 0, 1, 0, 0, 0, 1, 0, 0, 0, 0, 1, 1, 0, 0, 1, 1, 1, 0, 0, 0, 1, 0, 0, 0, 0, 1, 0, 0, 1, 0, 0, 1, 1, 0, 0, 1, 1, 0, 0, 0, 0, 1, 0, 1, 1, 0, 0, 0, 1, 1, 1, 0, 1, 0, 0, 0, 1, 0, 0, 0, 1, 1, 1, 1, 1, 0, 0, 1, 0, 1, 0, 1, 0, 0, 1, 1, 0, 1, 0, 0, 0, 0, 1, 0, 1, 1, 0, 1, 0, 1, 1, 0, 1, 1, 1, 1, 0, 0, 1, 0, 1, 0, 0, 0, 0, 0, 1, 1, 0, 1, 1, 0, 0, 0, 1, 0, 1, 1, 0, 0, 1, 1, 0, 0, 1, 0, 1, 1, 0, 1, 1, 0, 1, 0, 0, 0, 1, 0, 0, 0, 1, 1, 0, 0, 0, 0, 0, 0, 0, 0, 1, 0, 0, 1, 1, 0, 0, 1, 1, 1, 0, 0, 1, 0, 1, 0, 0, 1, 1, 0, 1, 0, 0, 0, 1, 1, 0, 0, 0, 1, 0, 1, 0, 1, 1, 0, 1, 0, 1, 0, 1, 0, 0, 0, 0, 0, 0, 0, 1, 0, 0, 0, 1, 1, 0, 0, 1, 1, 0, 0, 0, 1, 0, 0, 1, 0, 1, 1, 0, 0, 0, 0, 0, 0, 1, 0, 0, 0, 0, 1, 0, 1, 0, 0, 1, 0, 0, 0, 0, 1, 0, 0, 0, 0, 0, 0, 1, 0, 0, 1, 0, 1, 1, 0, 0, 1, 0, 1, 0, 1, 0, 0, 1, 0, 1, 1, 0, 0, 0, 0, 1, 0, 0, 0, 0, 0, 1, 0, 0, 0, 1, 0, 0, 0, 0, 0, 0, 1, 1, 0, 0, 1, 0, 1, 0, 1, 0, 0, 0, 1, 1, 1, 1, 0, 0, 1, 1, 0, 0, 0, 0, 0, 0, 0, 0, 0, 0, 0, 0, 0, 0, 1, 0, 1, 0, 0, 0, 1, 1, 1, 1, 0, 0, 0, 0, 1, 1, 0, 1, 0, 0, 1, 1, 0, 1, 0, 0, 1, 0, 0, 0, 0, 1, 0, 1, 1, 1, 1, 0, 1, 0, 0, 0, 0, 0, 1, 1, 1, 0, 0, 0, 1, 0, 1, 1, 0, 0, 1, 0, 0, 1, 0, 0, 0, 0, 0, 1, 0, 0, 1, 0, 0, 1, 0, 0, 0, 1, 1, 1, 0, 0, 1, 0, 1, 0, 0, 0, 1, 1, 1, 1, 0, 1, 1, 1, 0, 0, 0, 0, 1, 0, 1, 1, 1, 0, 0, 1, 0, 0, 1, 0, 1, 1, 0, 1, 1, 1, 0, 0, 0, 1, 0, 1, 0, 0, 0, 1, 0, 0, 0, 0, 0, 0, 1, 0, 0, 0, 1, 0, 0, 1, 0, 0, 1, 1, 0, 0, 0, 0, 0, 0, 1, 0, 0, 0, 1, 1, 0, 1, 0, 0, 0, 0, 1, 0, 0, 1, 0, 1, 0, 1, 0, 0, 0, 0, 1, 0, 1, 1, 0, 0, 0, 1, 0, 0, 0, 0, 0, 0, 0, 1, 0, 0, 0, 0, 0, 0, 0, 0, 0, 1, 1, 0, 0, 1, 1, 0, 0, 0, 1, 1, 0, 0, 1, 0, 1, 0, 1, 1, 0, 0, 0, 1, 1, 0, 0, 0, 1, 1, 0, 0, 1, 1, 1, 1, 0, 0, 0, 1, 0, 1, 0, 0, 1, 1, 0, 0, 1, 1, 0, 1, 1, 0, 1, 0, 1, 1, 0, 1, 0, 0, 1, 0, 1, 1, 0, 0, 0, 0, 0, 0, 0, 1, 0, 1, 0, 0, 1, 0, 0, 0, 0, 1, 0, 0, 1, 1, 0, 1, 1, 0, 0, 0, 0, 1, 1, 0, 0, 0, 0, 0, 1, 0, 1, 0, 1, 0, 0, 0, 0, 0, 0, 0, 0, 0, 1, 0, 0, 0, 0, 0, 1, 0, 0, 0, 1, 0, 1, 1, 0, 0, 0, 0, 1, 0, 0, 0, 1, 1, 1, 0, 0, 1, 0, 1, 1, 1, 0, 0, 1, 0, 0, 0, 0, 1, 0, 1, 0, 1, 0, 0, 0, 0, 0, 0, 1, 0, 1, 0, 0, 1, 1, 0, 1, 1, 0, 0, 1, 1, 1, 0, 1, 0, 0, 1, 1, 0, 1, 0, 0, 0, 0, 0, 0, 0, 1, 1, 0, 0, 1, 0, 1, 1, 0, 1, 0, 0, 1, 1, 1, 0, 0, 0, 1, 0, 1, 0, 0, 1, 0, 0, 0, 0, 0, 1, 0, 1, 0, 0, 0, 0, 1, 0, 1, 0, 1, 0, 0, 0, 1, 0, 0, 1, 0, 1, 0, 0, 1, 1, 0, 0, 0, 1, 0, 0, 0, 0, 0, 0, 0, 1, 1, 0, 1, 1, 1, 0, 0, 1, 1, 0, 0, 1, 0, 0, 0, 1, 1, 1, 0, 1, 1, 0, 1, 0, 0, 0, 0, 0, 0, 1, 1, 0, 0, 0, 1, 1, 1, 0, 0, 0, 1, 0, 1, 0, 1, 1, 0, 1, 1, 1, 1, 0, 0, 0, 0, 1, 0, 0, 1, 0, 0, 0, 1, 1, 0, 0, 0, 0, 0, 0, 0, 0, 1, 1, 0, 0, 0, 0, 0, 0, 0, 0, 0, 0, 1, 1, 1, 0, 0, 0, 0, 1, 0, 1, 1, 1, 0, 0, 0, 1, 1, 0, 0, 0, 0, 0, 1, 0, 0, 1, 1, 0, 0, 0, 0, 0, 0, 0, 0, 0, 1, 1, 1, 1, 0, 0, 1, 0, 1, 0, 0, 0, 0, 0, 1, 0, 1, 0, 1, 0, 0, 0, 1, 1, 1, 1, 0, 1, 1, 0, 1, 0, 1, 1, 0, 0, 0, 0, 0, 0, 0, 0, 0, 0, 0, 1, 0, 1, 1, 1, 0, 0, 0, 0, 1, 1, 0, 1, 1, 0, 0, 1, 1, 1, 0, 0, 0, 1, 1, 1, 1, 1, 0, 0, 0, 1, 1, 0, 1, 1, 1, 0, 0, 0, 0, 0, 1, 0, 0, 0, 0, 0, 0, 0, 1, 0, 1, 0, 0, 1, 0, 0, 0, 0, 0, 0, 0, 1, 0, 1, 0, 1, 0, 0, 0, 1, 1, 1, 1, 0, 0, 1, 1, 0, 0, 1, 1, 1, 0, 0, 1, 0, 1, 0, 0, 0, 0, 0, 1, 0, 0, 1, 0, 0, 0, 1, 0, 1, 1, 1, 0, 1, 0, 1, 0, 1, 0, 0, 0, 1, 0, 0, 0, 1, 1, 1, 0, 1, 0, 0, 0, 1, 1, 0, 1, 0, 0, 0, 0, 0, 0, 0, 0, 0, 1, 0, 0, 1, 1, 1, 0, 1, 1, 0, 1, 0, 0, 0, 0, 0, 0, 0, 1, 0, 1, 1, 1, 1, 0, 1, 0, 0, 1, 0, 0, 0, 1, 0, 1, 1, 1, 0, 0, 0, 0, 0, 0, 0, 0, 0, 1, 1, 0, 0, 0, 1, 1, 0, 0, 0, 0, 0, 0, 1, 0, 0, 0, 1, 0, 1, 0, 0, 0, 0, 0, 0, 0, 0, 1, 0, 0, 0, 0, 0, 0, 1, 1, 0, 0, 1, 0, 1, 1, 0, 0, 0, 0, 1, 0, 1, 0, 0, 0, 1, 0, 0, 1, 1, 1, 0, 1, 1, 1, 1, 1, 1, 0, 1, 0, 0, 0, 1, 0, 0, 0, 0, 0, 0, 0, 0, 0, 0, 0, 0, 0, 0, 1, 0, 0, 1, 1, 0, 1, 0, 1, 1, 0, 0, 1, 0, 0, 1, 1, 0, 0, 1, 0, 1, 1, 0, 1, 0, 0, 0, 0, 0, 0, 0, 0, 0, 1, 0, 1, 0, 0, 1, 0, 0, 0, 1, 1, 0, 1, 0, 0, 0, 1, 0, 1, 0, 0, 0, 1, 0, 1, 0, 0, 0, 0, 0, 0, 0, 0, 0, 0, 0, 1, 0, 0, 0, 0, 1, 1, 0, 0, 0, 1, 0, 1, 0, 0, 1, 0, 0, 1, 1, 0, 1, 1, 0, 1, 1, 0, 1, 0, 0, 0, 0, 0, 0, 0, 0, 0, 0, 0, 1, 0, 0, 1, 0, 0, 1, 0, 0, 0, 1, 1, 0, 0, 0, 0, 0, 0, 1, 0, 0, 0, 1, 0, 0, 0, 1, 0, 0, 0, 1, 1, 0, 1, 0, 0, 0, 1, 1, 0, 0, 0, 0, 1, 1, 0, 0, 0, 0, 0, 0, 1, 0, 0, 0, 0, 0, 1, 0, 0, 0, 0, 1, 1, 0, 0, 0, 1, 1, 1, 0, 0, 0, 0, 1, 0, 1, 0, 1, 1, 0, 1, 0, 1, 0, 1, 1, 0, 1, 1, 1, 0, 0, 1, 0, 1, 1, 0, 0, 1, 0, 0, 0, 0, 1, 1, 1, 0, 1, 0, 1, 0, 0, 0, 0, 0, 0, 1, 1, 0, 0, 1, 1, 0, 0, 1, 0, 0, 0, 1, 1, 0, 1, 0, 1, 0, 0, 0, 1, 1, 0, 1, 0, 0, 1, 1, 0, 0, 1, 1, 1, 0, 0, 0, 0, 1, 0, 0, 1, 0, 0, 1, 1, 0, 1, 0, 0, 0, 0, 0, 0, 1, 1, 0, 1, 1, 0, 1, 0, 0, 0, 0, 0, 1, 0, 0, 1, 0, 0, 0, 0, 0, 0, 0, 0, 1, 1, 0, 1, 0, 0, 0, 0, 1, 0, 0, 0, 0, 0, 1, 0, 0, 1, 0, 0, 0, 1, 0, 0, 0, 0, 0, 0, 1, 0, 0, 0, 1, 1, 0, 1, 0, 0, 1, 0, 1, 1, 0, 1, 1, 0, 0, 0, 0, 0, 0, 1, 0, 1, 0, 0, 0, 1, 1, 0, 0, 0, 0, 1, 0, 0, 0, 0, 0, 0, 0, 0, 0, 1, 0, 0, 0, 0, 1, 1, 0, 1, 0, 1, 0, 0, 0, 0, 1, 1, 1, 0, 1, 0, 1, 0, 0, 0, 1, 0, 0, 0, 0, 1, 0, 1, 0, 1, 0, 0, 0, 0, 1, 0, 0, 0, 0, 1, 0, 1, 0, 0, 0, 1, 0, 0, 1, 0, 0, 0, 0, 0, 0, 1, 0, 0, 1, 1, 0, 1, 0, 0, 1, 0, 0, 1, 0, 1, 0, 0, 1, 0, 1, 1, 0, 0, 0, 0, 1, 1, 0, 0, 0, 1, 1, 0, 0, 1, 0, 0, 0, 0, 1, 1, 0, 0, 0, 1, 0, 1, 0, 0, 1, 1, 0, 0, 0, 1, 0, 0, 1, 0, 0, 0, 1, 0, 0, 0, 1, 0, 1, 1, 0, 1, 1, 0, 0, 1, 1, 1, 0, 1, 1, 0, 0, 1, 0, 0, 0, 0, 0, 0, 1, 0, 0, 0, 0, 0, 1, 0, 0, 0, 1, 1, 1, 1, 0, 0, 0, 0, 0, 0, 0, 1, 0, 0, 1, 1, 1, 0, 1, 0, 1, 1, 1, 1, 0, 0, 0, 0, 0, 0, 1, 1, 0, 0, 1, 0, 1, 0, 1, 1, 1, 0, 1, 0, 1, 0, 1, 0, 1, 1, 0, 0, 0, 0, 0, 0, 1, 0, 1, 1, 0, 0, 0, 0, 0, 0, 1, 0, 0, 0, 0, 0, 1, 0, 0, 0, 0, 1, 1, 1, 0, 1, 1, 1, 0, 1, 0, 0, 1, 0, 1, 0, 1, 0, 1, 0, 0, 1, 0, 1, 0, 0, 1, 1, 0, 0, 0, 0, 0, 0, 0, 0, 0, 1, 0, 1, 0, 1, 0, 1, 1, 0, 0, 1, 1, 1, 0, 1, 0, 0, 1, 1, 1, 0, 1, 0, 0, 0, 1, 1, 1, 1, 0, 0, 0, 0, 0, 1, 1, 0, 0, 0, 0, 1, 1, 1, 0, 1, 1, 1, 0, 0, 0, 0, 1, 0, 0, 0, 0, 0, 0, 0, 1, 1, 1, 0, 0, 1, 0, 0, 1, 1, 0, 0, 1, 0, 0, 1, 0, 0, 0, 1, 0, 1, 0, 0, 0, 0, 1, 0, 0, 0, 0, 0, 0, 1, 0, 0, 0, 1, 1, 0, 0, 0, 0, 0, 0, 1, 0, 1, 0, 1, 0, 0, 1, 0, 1, 0, 1, 0, 0, 0, 1, 0, 0, 0, 1, 1, 0, 0, 0, 1, 0, 0, 0, 0, 0, 1, 0, 1, 1, 0, 0, 0, 0, 0, 0, 1, 0, 1, 1, 1, 1, 0, 0, 0, 0, 0, 0, 0, 0, 0, 0, 1, 0, 0, 1, 0, 1, 0, 0, 1, 0, 1, 0, 0, 1, 0, 0, 0, 1, 1, 1, 1, 0, 0, 0, 0, 1, 1, 0, 0, 0, 0, 0, 0, 0, 0, 0, 0, 0, 1, 0, 0, 0, 1, 0, 0, 1, 0, 0, 0, 0, 0, 0, 0, 1, 0, 0, 1, 0, 0, 1, 1, 0, 1, 1, 1, 1, 0, 0, 1, 0, 0, 1, 0, 1, 0, 0, 1, 0, 1, 0, 0, 0, 0, 1, 1, 0, 0, 1, 0, 0, 1, 0, 0, 1, 0, 0, 0, 1, 0, 1, 1, 1, 0, 0, 1, 0, 1, 0, 1, 0, 0, 0, 0, 0, 0, 1, 0, 1, 0, 0, 1, 1, 0, 0, 0, 1, 0, 1, 1, 0, 0, 1, 0, 1, 1, 0, 0, 1, 0, 1, 1, 0, 0, 0, 1, 0, 0, 0, 0, 0, 0, 0, 1, 1, 0, 0, 1, 0, 0, 1, 1, 0, 1, 1, 0, 0, 0, 0, 0, 0, 0, 0, 1, 1, 0, 1, 1, 0, 0, 1, 0, 1, 1, 0, 1, 1, 1, 0, 1, 0, 0, 1, 0, 1, 1, 0, 0, 0, 0, 0, 0, 1, 1, 1, 1, 1, 0, 0, 0, 1, 0, 0, 1, 0, 0, 1, 0, 0, 1, 1, 1, 1, 0, 1, 0, 1, 0, 0, 0, 0, 1, 1, 0, 1, 0, 1, 0, 1, 0, 0, 1, 1, 0, 0, 1, 0, 0, 1, 1, 0, 0, 0, 0, 0, 0, 1, 0, 0, 0, 0, 1, 1, 0, 0, 1, 0, 1, 0, 0, 1, 1, 1, 0, 0, 0, 0, 0, 1, 1, 0, 1, 0, 1, 1, 0, 1, 1, 0, 0, 0, 1, 1, 1, 0, 0, 1, 0, 0, 0, 0, 1, 1, 0, 0, 0, 1, 0, 0, 0, 1, 1, 0, 0, 0, 0, 0, 1, 0, 0, 0, 0, 0, 1, 0, 0, 0, 1, 0, 0, 0, 0, 0, 0, 1, 1, 0, 0, 0, 1, 0, 0, 0, 0, 1, 0, 0, 1, 1, 1, 1, 1, 0, 0, 0, 1, 0, 0, 0, 0, 0, 1, 0, 0, 1, 0, 1, 0, 0, 0, 0, 0, 1, 0, 0, 0, 0, 1, 1, 0, 0, 1, 0, 1, 0, 0, 0, 0, 0, 1, 1, 0, 1, 1, 1, 0, 1, 0, 0, 0, 0, 0, 1, 0, 1, 1, 0, 1, 0, 0, 0, 1, 0, 1, 0, 1, 0, 0, 0, 0, 0, 1, 1, 1, 1, 1, 0, 0, 1, 0, 0, 0, 1, 1, 0, 1, 0, 1, 1, 0, 0, 0, 0, 0, 0, 0, 0, 1, 0, 1, 0, 0, 0, 0, 0, 0, 0, 0, 1, 1, 0, 1, 0, 0, 0, 1, 0, 0, 1, 0, 0, 1, 0, 0, 1, 1, 0, 0, 0, 1, 0, 0, 0, 1, 0, 1, 0, 0, 0, 1, 1, 0, 1, 0, 0, 0, 0, 1, 1, 1, 1, 1, 1, 1, 1, 0, 0, 0, 0, 1, 0, 1, 1, 0, 1, 0, 0, 0, 0, 1, 0, 0, 0, 0, 0, 0, 0, 0, 0, 0, 0, 1, 1, 0, 0, 0, 0, 0, 1, 0, 0, 0, 1, 1, 0, 0, 0, 0, 1, 0, 1, 0, 0, 0, 1, 0, 1, 0, 1, 1, 1, 0, 0, 1, 0, 0, 1, 0, 0, 1, 1, 1, 0, 0, 0, 0, 0, 0, 0, 0, 0, 1, 1, 0, 1, 1, 0, 1, 0, 0, 0, 1, 0, 0, 0, 0, 1, 1, 1, 0, 1, 0, 0, 0, 0, 1, 1, 1, 0, 0, 1, 1, 1, 0, 0, 0, 1, 0, 0, 1, 1, 0, 0, 0, 0, 0, 1, 0, 0, 0, 0, 0, 0, 0, 0, 0, 1, 0, 0, 1, 0, 0, 0, 0, 0, 0, 1, 1, 0, 1, 0, 0, 1, 0, 0, 0, 0, 0, 0, 0, 0, 0, 1, 0, 0, 0, 1, 0, 0, 0, 0, 1, 1, 1, 0, 0, 0, 0, 0, 1, 0, 0, 0, 0, 1, 0, 0, 0, 1, 0, 0, 0, 0, 0, 0, 1, 1, 0, 0, 0, 1, 0, 0, 0, 1, 1, 0, 0, 0, 0, 1, 0, 0, 1, 0, 0, 0, 1, 0, 1, 0, 1, 1, 0, 0, 0, 0, 0, 1, 0, 0, 0, 1, 0, 0, 0, 0, 0, 0, 0, 0, 0, 0, 1, 0, 0, 0, 1, 1, 0, 0, 0, 0, 0, 0, 0, 1, 0, 1, 0, 1, 0, 0, 0, 1, 0, 0, 0, 0, 1, 0, 0, 1, 1, 1, 0, 0, 0, 0, 1, 1, 1, 1, 0, 0, 1, 0, 0, 1, 0, 0, 1, 1, 1, 0, 0, 0, 1, 0, 0, 1, 0, 0, 0, 1, 1, 1, 0, 0, 0, 1, 0, 1, 1, 0, 0, 0, 0, 0, 1, 1, 0, 0, 1, 0, 0, 0, 0, 0, 0, 1, 1, 0, 1, 0, 1, 1, 1, 1, 0, 0, 0, 1, 0, 0, 0, 0, 0, 0, 0, 0, 0, 1, 0, 0, 0, 0, 0, 0, 0, 1, 1, 1, 1, 0, 0, 1, 1, 1, 0, 0, 0, 1, 0, 1, 0, 0, 1, 1, 0, 1, 0, 0, 1, 0, 1, 0, 1, 0, 1, 0, 0, 0, 0, 0, 0, 1, 1, 0, 0, 0, 1, 0, 0, 0, 0, 0, 0, 1, 1, 0, 1, 0, 0, 1, 0, 0, 1, 0, 0, 1, 0, 1, 0, 0, 0, 1, 1, 0, 0, 1, 0, 0, 1, 0, 0, 0, 0, 1, 0, 0, 0, 1, 0, 0, 1, 0, 0, 0, 0, 0, 1, 1, 0, 0, 1, 0, 0, 0, 0, 0, 1, 0, 1, 1, 0, 1, 0, 0, 0, 0, 0, 0, 1, 0, 0, 1, 0, 0, 0, 1, 0, 1, 0, 0, 0, 1, 0, 0, 0, 0, 0, 0, 0, 1, 0, 0, 0, 1, 1, 0, 0, 1, 1, 0, 0, 1, 1, 0, 0, 1, 0, 1, 0, 0, 0, 1, 0, 1, 0, 0, 0, 1, 1, 1, 0, 1, 0, 0, 0, 0, 0, 0, 1, 0, 0, 1, 0, 0, 0, 0, 1, 0, 0, 1, 0, 0, 1, 1, 1, 0, 1, 1, 0, 1, 1, 0, 0, 0, 1, 0, 0, 0, 0, 0, 0, 0, 1, 0, 1, 1, 0, 1, 0, 0, 0, 0, 1, 1, 0, 1, 1, 1, 0, 1, 0, 0, 1, 1, 0, 1, 0, 0, 0, 0, 1, 0, 0, 0, 0, 1, 1, 1, 0, 1, 0, 0, 0, 0, 1, 0, 0, 1, 0, 0, 1, 0, 0, 0, 0, 1, 0, 1, 0, 0, 0, 1, 1, 0, 1, 0, 0, 0, 0, 0, 0, 0, 0, 1, 0, 0, 0, 1, 0, 0, 0, 0, 0, 1, 1, 0, 0, 0, 0, 0, 1, 0, 0, 0, 1, 1, 0, 1, 1, 0, 1, 1, 1, 1, 1, 0, 1, 1, 1, 0, 1, 0, 0, 1, 0, 0, 0, 0, 1, 1, 0, 1, 0, 1, 1, 0, 0, 0, 0, 0, 0, 1, 1, 1, 1, 0, 0, 0, 1, 0, 0, 0, 0, 0, 1, 1, 0, 0, 1, 0, 1, 0, 0, 1, 1, 0, 0, 0, 0, 1, 0, 0, 0, 1, 1, 0, 0, 0, 0, 1, 0, 0, 0, 0, 0, 0, 0, 0, 0, 1, 1, 0, 0, 0, 1, 1, 0, 0, 0, 0, 0, 0, 0, 1, 0, 0, 0, 0, 0, 0, 1, 1, 0, 0, 0, 0, 0, 0, 0, 0, 0, 1, 0, 0, 0, 1, 1, 1, 1, 0, 1, 1, 0, 0, 1, 0, 0, 1, 0, 0, 0, 0, 1, 0, 0, 0, 0, 1, 1, 0, 1, 0, 0, 0, 0, 1, 0, 0, 0, 0, 0, 1, 0, 0, 0, 0, 1, 0, 0, 0, 1, 0, 1, 0, 1, 1, 1, 0, 1, 0, 1, 1, 0, 0, 1, 0, 1, 0, 0, 0, 0, 0, 0, 0, 1, 0, 1, 0, 1, 0, 0, 0, 0, 1, 0, 0, 1, 1, 1, 1, 1, 0, 0, 1, 0, 0, 0, 0, 0, 0, 1, 0, 1, 0, 0, 0, 0, 0, 0, 1, 0, 1, 1, 0, 0, 1, 0, 0, 0, 1, 1, 0, 1, 0, 0, 0, 0, 1, 0, 1, 0, 0, 0, 0, 0, 0, 0, 0, 1, 0, 1, 1, 1, 0, 0, 1, 0, 0, 0, 0, 0, 0, 0, 0, 0, 0, 0, 1, 0, 0, 0, 0, 1, 0, 1, 1, 1, 0, 0, 1, 0, 0, 1, 0, 1, 1, 0, 0, 1, 1, 0, 0, 0, 0, 0, 0, 1, 1, 1, 1, 0, 0, 0, 0, 0, 0, 0, 0, 0, 1, 1, 0, 1, 1, 0, 0, 0, 1, 1, 0, 1, 0, 1, 0, 0, 0, 0, 1, 0, 1, 1, 0, 0, 0, 0, 0, 1, 0, 1, 0, 0, 0, 0, 0, 0, 0, 1, 1, 0, 1, 0, 0, 1, 0, 1, 0, 0, 0, 0, 1, 0, 0, 0, 0, 1, 1, 0, 0, 0, 1, 0, 1, 1, 1, 1, 0, 0, 0, 0, 0, 0, 1, 1, 0, 1, 0, 0, 1, 0, 0, 1, 0, 0, 0, 0, 0, 1, 1, 1, 1, 1, 1, 1, 1, 1, 1, 0, 1, 0, 0, 0, 0, 0, 1, 1, 0, 1, 1, 0, 0, 1, 0, 1, 0, 1, 1, 1, 1, 1, 1, 0, 0, 0, 0, 0, 1, 1, 0, 0, 0, 0, 0, 0, 1, 0, 1, 1, 1, 0, 0, 0, 0, 0, 1, 1, 1, 0, 1, 1, 1, 0, 1, 0, 0, 1, 0, 0, 0, 0, 1, 0, 1, 0, 1, 1, 1, 1, 1, 0, 1, 1, 0, 0, 0, 1, 0, 1, 1, 0, 0, 0, 0, 0, 0, 1, 0, 1, 0, 0, 1, 1, 0, 0, 0, 0, 1, 0, 0, 0, 1, 1, 0, 0, 0, 1, 0, 0, 0, 0, 0, 1, 1, 0, 0, 0, 1, 1, 1, 1, 1, 0, 1, 0, 0, 0, 1, 1, 0, 1, 0, 0, 1, 1, 0, 1, 0, 1, 0, 0, 1, 1, 1, 0, 1, 1, 0, 1, 1, 1, 1, 0, 0, 0, 1, 0, 0, 0, 0, 0, 0, 0, 0, 0, 0, 0, 0, 0, 0, 1, 0, 1, 0, 0, 1, 0, 0, 0, 0, 0, 0, 1, 1, 0, 1, 0, 0, 0, 0, 1, 0, 0, 0, 1, 0, 0, 0, 0, 1, 0, 1, 1, 0, 0, 1, 0, 0, 1, 1, 0, 0, 0, 1, 1, 0, 0, 0, 0, 0, 0, 0, 1, 0, 1, 1, 0, 0, 0, 0, 1, 1, 0, 0, 0, 1, 0, 0, 0, 0, 0, 1, 0, 1, 0, 0, 0, 0, 0, 0, 1, 0, 1, 1, 0, 0, 1, 0, 1, 1, 1, 0, 0, 0, 0, 1, 1, 0, 0, 0, 0, 0, 1, 0, 0, 0, 0, 0, 0, 1, 1, 1, 1, 1, 0, 0, 0, 1, 1, 0, 1, 0, 0, 1, 0, 0, 0, 0, 0, 0, 0, 0, 1, 1, 0, 1, 0, 1, 0, 1, 0, 0, 0, 1, 0, 1, 1, 0, 1, 0, 0, 0, 0, 1, 1, 0, 0, 0, 0, 0, 1, 0, 1, 1, 0, 0, 0, 1, 0, 0, 0, 0, 0, 1, 1, 0, 1, 0, 0, 1, 1, 1, 1, 1, 0, 1, 0, 1, 1, 0, 0, 0, 0, 0, 1, 1, 0, 0, 1, 0, 1, 0, 1, 0, 0, 1, 0, 0, 0, 0, 1, 1, 1, 0, 0, 1, 1, 0, 1, 1, 0, 1, 0, 1, 0, 0, 0, 0, 1, 1, 0, 1, 0, 1, 1, 1, 0, 0, 1, 0, 1, 1, 0, 0, 0, 0, 1, 0, 0, 0, 0, 0, 0, 1, 0, 0, 1, 0, 1, 0, 0, 1, 0, 1, 0, 1, 0, 1, 0, 0, 1, 0, 0, 0, 0, 0, 0, 0, 0, 0, 1, 0, 0, 0, 1, 0, 1, 1, 0, 1, 1, 1, 0, 0, 0, 0, 0, 1, 0, 0, 0, 0, 1, 0, 1, 1, 0, 0, 0, 0, 0, 1, 0, 1, 1, 0, 0, 1, 0, 0, 1, 0, 0, 1, 0, 0, 0, 0, 1, 0, 0, 0, 1, 1, 0, 0, 0, 1, 0, 0, 1, 0, 0, 0, 1, 0, 0, 1, 0, 0, 0, 0, 1, 0, 0, 1, 1, 0, 0, 1, 0, 0, 0, 0, 1, 1, 0, 0, 1, 0, 1, 1, 0, 1, 0, 1, 1, 1, 1, 0, 1, 0, 1, 1, 1, 0, 0, 1, 0, 0, 1, 0, 0, 0, 1, 1, 1, 1, 0, 1, 0, 0, 1, 0, 1, 0, 0, 0, 0, 0, 0, 1, 0, 0, 1, 1, 0, 0, 0, 1, 1, 0, 1, 0, 1, 1, 0, 0, 0, 0, 1, 0, 1, 0, 0, 0, 0, 0, 0, 0, 1, 0, 1, 0, 0, 0, 1, 0, 0, 1, 1, 0, 0, 0, 0, 0, 0, 1, 0, 0, 0, 0, 0, 1, 1, 0, 1, 0, 0, 1, 1, 1, 0, 0, 0, 0, 1, 0, 0, 0, 1, 1, 0, 0, 0, 0, 0, 1, 0, 1, 0, 0, 0, 0, 0, 0, 0, 1, 0, 0, 0, 1, 1, 0, 0, 0, 0, 0, 0, 1, 0, 1, 1, 1, 1, 0, 0, 0, 0, 0, 0, 0, 0, 0, 1, 0, 0, 0, 0, 0, 1, 1, 0, 0, 0, 0, 0, 0, 0, 1, 0, 0, 0, 1, 0, 0, 0, 1, 1, 0, 0, 0, 0, 1, 1, 0, 0, 1, 0, 0, 0, 0, 0, 0, 1, 0, 1, 1, 1, 0, 0, 0, 1, 0, 0, 1, 0, 0, 1, 1, 0, 0, 0, 0, 1, 0, 0, 0, 1, 1, 0, 1, 0, 1, 0, 0, 0, 1, 0, 0, 1, 0, 0, 0, 0, 0, 0, 1, 1, 1, 0, 1, 0, 0, 0, 0, 1, 1, 1, 1, 0, 1, 1, 0, 0, 1, 0, 0, 1, 1, 0, 1, 0, 1, 0, 1, 0, 0, 0, 0, 0, 0, 0, 0, 0, 0, 1, 1, 0, 1, 0, 0, 1, 0, 0, 0, 0, 0, 1, 1, 0, 1, 0, 0, 0, 0, 0, 1, 0, 1, 0, 0, 0, 0, 1, 0, 0, 0, 0, 0, 1, 0, 1, 0, 1, 0, 1, 1, 0, 0, 0, 1, 0, 0, 0, 1, 0, 0, 0, 0, 1, 0, 1, 0, 0, 1, 0, 1, 0, 1, 0, 1, 0, 0, 1, 1, 1, 0, 0, 0, 1, 0, 0, 0, 0, 0, 0, 0, 0, 0, 1, 0, 1, 0, 1, 0, 1, 0, 0, 0, 1, 0, 0, 1, 0, 1, 1, 0, 0, 1, 1, 0, 0, 1, 1, 0, 1, 1, 1, 1, 1, 1, 1, 0, 0, 0, 1, 0, 0, 0, 0, 1, 1, 0, 0, 1, 0, 0, 1, 0, 0, 1, 0, 0, 0, 1, 1, 1, 1, 1, 1, 1, 0, 0, 1, 0, 0, 0, 0, 1, 1, 1, 1, 1, 0, 1, 1, 0, 0, 0, 1, 0, 0, 1, 1, 1, 1, 1, 0, 0, 0, 0, 1, 0, 0, 0, 0, 1, 0, 0, 1, 0, 0, 0, 0, 0, 0, 0, 0, 1, 0, 0, 1, 0, 0, 1, 0, 0, 1, 0, 0, 0, 1, 0, 1, 0, 0, 0, 0, 0, 1, 1, 0, 0, 0, 0, 0, 0, 0, 0, 0, 0, 1, 0, 0, 0, 0, 1, 1, 0, 0, 1, 1, 1, 0, 1, 0, 1, 0, 1, 0, 0, 0, 0, 0, 0, 1, 0, 0, 0, 0, 0, 0, 0, 0, 1, 1, 1, 0, 1, 1, 0, 0, 0, 0, 0, 0, 1, 0, 0, 1, 0, 0, 1, 1, 1, 0, 1, 1, 0, 0, 0, 0, 0, 0, 1, 1, 1, 0, 1, 0, 1, 0, 0, 0, 0, 1, 0, 1, 1, 1, 0, 1, 0, 0, 1, 0, 1, 1, 1, 0, 1, 1, 0, 0, 0, 0, 1, 0, 0, 0, 1, 0, 0, 1, 0, 1, 1, 1, 0, 0, 0, 0, 1, 1, 0, 1, 1, 1, 1, 0, 0, 0, 0, 1, 1, 1, 1, 0, 1, 1, 1, 0, 0, 0, 1, 0, 0, 1, 1, 0, 0, 0, 0, 1, 0, 0, 0, 1, 0, 1, 0, 0, 1, 0, 0, 0, 0, 1, 0, 1, 0, 1, 0, 1, 0, 1, 0, 0, 0, 0, 0, 1, 0, 0, 0, 0, 1, 0, 0, 0, 1, 1, 1, 0, 1, 0, 0, 1, 0, 0, 1, 0, 1, 0, 0, 0, 1, 1, 0, 1, 1, 0, 1, 0, 0, 1, 0, 0, 1, 0, 0, 1, 1, 0, 1, 1, 1, 1, 1, 1, 0, 0, 1, 1, 0, 0, 1, 0, 0, 0, 0, 0, 0, 1, 0, 0, 1, 0, 0, 0, 0, 0, 1, 1, 1, 1, 0, 1, 0, 1, 0, 1, 1, 0, 1, 0, 0, 0, 1, 0, 0, 1, 0, 0, 1, 0, 0, 0, 0, 0, 1, 0, 0, 0, 1, 0, 0, 0, 1, 0, 0, 0, 0, 0, 0, 0, 0, 0, 1, 0, 0, 1, 0, 0, 0, 0, 0, 0, 0, 1, 0, 0, 1, 0, 0, 0, 1, 0, 1, 1, 0, 0, 1, 0, 0, 1, 0, 0, 0, 0, 0, 1, 0, 0, 0, 1, 1, 0, 0, 0, 0, 0, 1, 0, 1, 0, 1, 0, 0, 0, 0, 1, 0, 0, 0, 1, 0, 0, 1, 1, 0, 0, 1, 1, 0, 0, 0, 1, 1, 1, 0, 1, 0, 0, 0, 1, 1, 1, 1, 1, 0, 1, 0, 0, 1, 1, 0, 0, 0, 0, 0, 1, 1, 0, 0, 1, 0, 0, 1, 0, 1, 0, 0, 0, 0, 1, 0, 0, 0, 0, 0, 0, 0, 0, 0, 0, 1, 0, 0, 0, 0, 0, 1, 1, 0, 1, 1, 1, 0, 0, 0, 1, 0, 1, 1, 1, 0, 1, 0, 0, 0, 0, 0, 1, 0, 1, 1, 0, 1, 0, 0, 1, 0, 0, 1, 1, 0, 0, 0, 0, 0, 1, 0, 0, 1, 1, 0, 1, 1, 1, 1, 0, 0, 0, 0, 1, 1, 1, 0, 1, 1, 0, 1, 1, 1, 0, 0, 1, 1, 0, 0, 1, 0, 0, 1, 1, 1, 0, 0, 0, 0, 0, 1, 0, 0, 0, 0, 1, 0, 0, 0, 0, 0, 1, 1, 0, 0, 0, 0, 0, 0, 0, 0, 0, 0, 0, 0, 1, 1, 1, 0, 0, 1, 1, 0, 1, 0, 0, 0, 1, 0, 0, 0, 1, 0, 0, 0, 0, 1, 0, 1, 1, 0, 1, 1, 0, 1, 1, 0, 1, 0, 1, 1, 0, 1, 1, 1, 0, 0, 0, 1, 0, 1, 0, 0, 0, 0, 1, 0, 1, 0, 0, 0, 0, 0, 1, 0, 0, 0, 0, 0, 1, 0, 0, 0, 0, 1, 0, 0, 0, 0, 0, 0, 1, 1, 0, 1, 0, 1, 0, 1, 0, 0, 1, 0, 0, 0, 0, 1, 1, 0, 0, 0, 0, 0, 0, 0, 0, 1, 1, 1, 1, 0, 1, 0, 1, 0, 1, 1, 1, 1, 0, 0, 0, 1, 0, 1, 0, 0, 0, 1, 0, 0, 0, 1, 0, 0, 0, 0, 0, 1, 0, 0, 0, 1, 0, 0, 0, 0, 1, 1, 1, 0, 0, 0, 0, 0, 1, 0, 0, 0, 0, 0, 0, 0, 0, 1, 0, 1, 1, 0, 0, 0, 0, 0, 1, 0, 1, 0, 0, 0, 1, 1, 0, 1, 0, 0, 0, 0, 0, 1, 0, 1, 1, 1, 1, 1, 0, 0, 1, 0, 0, 0, 1, 0, 0, 0, 0, 0, 1, 1, 0, 0, 0, 1, 1, 0, 1, 0, 1, 0, 1, 0, 0, 0, 0, 0, 0, 0, 1, 0, 0, 0, 1, 1, 0, 0, 0, 1, 0, 0, 0, 1, 0, 1, 1, 0, 0, 0, 1, 1, 1, 1, 0, 0, 0, 1, 1, 0, 0, 1, 1, 0, 0, 0, 0, 0, 1, 1, 0, 1, 1, 1, 0, 1, 0, 0, 0, 1, 1, 1, 0, 0, 1, 0, 1, 1, 1, 0, 1, 0, 1, 1, 1, 1, 0, 0, 0, 1, 1, 0, 1, 1, 0, 0, 1, 0, 0, 0, 0, 0, 0, 0, 0, 0, 0, 1, 0, 0, 0, 0, 0, 1, 0, 1, 1, 1, 1, 1, 0, 0, 1, 0, 1, 0, 0, 1, 0, 0, 0, 0, 0, 0, 0, 1, 1, 0, 0, 1, 1, 0, 1, 0, 1, 1, 0, 1, 1, 0, 1, 0, 0, 0, 0, 0, 0, 0, 0, 0, 1, 0, 0, 1, 0, 0, 1, 1, 1, 1, 0, 0, 0, 1, 1, 1, 1, 0, 0, 0, 0, 0, 0, 0, 0, 0, 1, 0, 0, 1, 0, 0, 0, 0, 0, 0, 0, 0, 0, 1, 0, 0, 0, 1, 0, 0, 0, 0, 0, 1, 0, 0, 0, 1, 0, 0, 0, 0, 1, 1, 0, 0, 1, 0, 0, 1, 0, 1, 0, 0, 0, 1, 0, 1, 1, 0, 0, 1, 1, 0, 1, 1, 0, 0, 0, 0, 1, 0, 0, 0, 0, 0, 1, 0, 0, 0, 0, 0, 0, 0, 0, 1, 1, 0, 0, 0, 1, 0, 1, 0, 0, 1, 0, 0, 0, 0, 0, 1, 0, 1, 0, 0, 1, 0, 1, 0, 1, 1, 1, 0, 0, 1, 1, 1, 1, 0, 0, 0, 1, 1, 0, 1, 1, 0, 1, 0, 0, 0, 0, 0, 0, 0, 0, 1, 0, 0, 1, 0, 0, 0, 1, 0, 0, 0, 0, 0, 0, 0, 0, 0, 0, 0, 0, 0, 1, 0, 0, 1, 1, 1, 1, 1, 0, 0, 1, 0, 0, 0, 1, 0, 0, 0, 0, 0, 1, 0, 1, 1, 1, 0, 1, 0, 0, 0, 1, 0, 1, 1, 0, 1, 0, 0, 0, 1, 0, 0, 0, 1, 0, 0, 0, 0, 0, 0, 1, 0, 0, 0, 0, 0, 1, 1, 0, 0, 1, 0, 0, 0, 1, 0, 0, 0, 0, 0, 0, 0, 0, 1, 1, 0, 0, 0, 0, 0, 0, 0, 0, 0, 0, 0, 0, 0, 0, 0, 0, 0, 1, 0, 1, 0, 0, 1, 1, 1, 1, 1, 1, 1, 1, 0, 1, 1, 0, 1, 0, 1, 1, 1, 1, 0, 1, 0, 0, 0, 1, 0, 1, 0, 1, 0, 1, 1, 0, 0, 0, 0, 1, 0, 1, 0, 1, 0, 1, 0, 0, 0, 0, 1, 0, 1, 0, 1, 0, 1, 1, 0, 1, 0, 0, 0, 0, 0, 0, 0, 1, 1, 0, 0, 0, 0, 1, 0, 0, 1, 1, 1, 1, 0, 0, 0, 0, 1, 1, 0, 1, 0, 0, 0, 0, 1, 1, 1, 1, 0, 1, 0, 1, 0, 0, 0, 1, 0, 0, 1, 0, 0, 1, 1, 1, 0, 0, 1, 1, 0, 1, 1, 1, 0, 1, 1, 1, 1, 0, 0, 0, 1, 1, 1, 0, 0, 0, 0, 1, 0, 1, 0, 0, 0, 0, 0, 0, 0, 0, 0, 0, 1, 1, 0, 1, 1, 0, 0, 0, 0, 0, 1, 0, 0, 0, 1, 0, 1, 1, 0, 0, 0, 0, 0, 1, 1, 0, 0, 1, 0, 1, 0, 0, 0, 0, 0, 0, 1, 0, 0, 1, 0, 0, 0, 0, 0, 0, 1, 0, 0, 1, 0, 1, 0, 1, 1, 1, 0, 0, 0, 0, 0, 1, 0, 0, 0, 0, 0, 1, 0, 0, 0, 0, 0, 1, 0, 0, 1, 1, 0, 1, 1, 0, 0, 1, 0, 1, 0, 0, 1, 0, 0, 0, 1, 0, 0, 1, 0, 0, 1, 0, 1, 1, 0, 0, 0, 0, 1, 0, 0, 0, 0, 0, 0, 0, 0, 0, 0, 0, 1, 0, 1, 0, 0, 0, 0, 1, 0, 0, 1, 0, 1, 0, 1, 1, 0, 0, 0, 1, 0, 0, 1, 0, 1, 0, 0, 0, 1, 0, 0, 1, 0, 0, 1, 0, 1, 0, 1, 1, 0, 0, 0, 0, 1, 1, 1, 0, 0, 0, 0, 0, 0, 0, 0, 0, 0, 0, 1, 0, 0, 1, 1, 1, 0, 0, 1, 1, 1, 1, 1, 0, 0, 1, 0, 1, 1, 0, 0, 1, 1, 0, 1, 1, 1, 0, 1, 0, 0, 0, 0, 0, 0, 1, 1, 0, 1, 1, 0, 1, 1, 0, 0, 1, 0, 0, 0, 0, 1, 0, 0, 0, 1, 1, 0, 0, 0, 1, 0, 0, 1, 1, 0, 0, 0, 0, 0, 0, 1, 0, 1, 0, 1, 1, 0, 1, 0, 1, 1, 1, 0, 0, 1, 0, 0, 1, 0, 0, 1, 1, 1, 0, 1, 0, 0, 1, 0, 0, 0, 1, 0, 0, 1, 1, 1, 0, 1, 0, 0, 0, 0, 1, 1, 0, 0, 1, 0, 1, 1, 1, 0, 0, 1, 0, 0, 0, 1, 0, 1, 0, 1, 0, 1, 1, 0, 0, 0, 1, 1, 1, 1, 1, 0, 1, 1, 0, 0, 1, 1, 1, 0, 1, 0, 1, 1, 0, 0, 1, 0, 0, 0, 1, 1, 1, 0, 0, 0, 0, 1, 0, 1, 0, 1, 0, 0, 0, 1, 0, 1, 0, 0, 1, 1, 1, 1, 0, 0, 1, 0, 0, 0, 0, 1, 0, 0, 0, 0, 0, 0, 0, 0, 1, 0, 1, 0, 0, 0, 0, 0, 1, 0, 1, 1, 0, 0, 0, 0, 0, 0, 1, 0, 1, 1, 0, 0, 0, 0, 0, 0, 1, 0, 0, 0, 0, 1, 1, 0, 0, 0, 0, 1, 1, 0, 1, 1, 0, 0, 0, 0, 0, 1, 1, 0, 1, 0, 0, 0, 0, 1, 0, 1, 0, 1, 1, 1, 1, 0, 0, 1, 1, 1, 1, 0, 0, 0, 0, 0, 1, 0, 1, 0, 1, 1, 0, 0, 1, 0, 1, 0, 1, 1, 0, 0, 0, 0, 1, 0, 0, 1, 0, 0, 1, 1, 0, 0, 0, 0, 1, 0, 0, 1, 0, 0, 0, 1, 0, 0, 1, 0, 0, 0, 1, 0, 0, 0, 1, 1, 0, 0, 0, 1, 1, 1, 0, 1, 0, 0, 0, 0, 0, 1, 0, 0, 0, 0, 0, 0, 0, 0, 0, 0, 1, 1, 0, 0, 0, 0, 1, 0, 0, 0, 1, 0, 1, 0, 0, 1, 1, 0, 0, 0, 0, 1, 0, 0, 0, 0, 0, 0, 0, 1, 1, 0, 0, 0, 1, 0, 1, 1, 0, 1, 1, 1, 0, 1, 0, 1, 0, 0, 0, 0, 1, 0, 1, 1, 1, 0, 0, 1, 1, 0, 1, 0, 0, 0, 0, 0, 0, 0, 1, 1, 0, 1, 1, 0, 0, 1, 0, 0, 0, 0, 1, 0, 0, 1, 0, 0, 0, 1, 0, 1, 0, 0, 0, 0, 0, 0, 0, 0, 0, 0, 0, 0, 0, 0, 0, 0, 0, 0, 0, 0, 0, 1, 0, 0, 1, 1, 0, 0, 0, 0, 1, 1, 1, 0, 0, 0, 0, 0, 1, 1, 0, 1, 1, 0, 1, 0, 0, 1, 1, 0, 1, 1, 1, 0, 0, 0, 0, 0, 0, 0, 1, 0, 0, 0, 0, 1, 1, 0, 0, 0, 1, 0, 1, 0, 0, 0, 1, 0, 0, 0, 0, 1, 0, 0, 0, 1, 0, 0, 0, 0, 0, 1, 1, 0, 0, 1, 0, 0, 1, 1, 0, 1, 1, 0, 0, 1, 0, 0, 1, 0, 1, 0, 0, 1, 0, 0, 0, 0, 1, 0, 1, 1, 0, 1, 0, 0, 0, 0, 0, 0, 0, 0, 1, 1, 1, 0, 0, 0, 0, 0, 0, 0, 0, 0, 0, 0, 0, 0, 0, 1, 0, 0, 0, 1, 0, 1, 1, 1, 1, 0, 0, 0, 1, 1, 0, 0, 1, 0, 1, 0, 0, 0, 0, 0, 1, 0, 0, 0, 0, 0, 1, 0, 0, 0, 0, 1, 0, 0, 0, 1, 0, 0, 1, 0, 0, 1, 0, 0, 1, 1, 0, 1, 1, 1, 0, 0, 0, 1, 1, 0, 0, 0, 1, 0, 1, 0, 1, 0, 1, 0, 1, 0, 0, 0, 0, 1, 0, 0, 0, 1, 1, 0, 1, 0, 0, 0, 0, 1, 1, 0, 1, 0, 0, 0, 0, 1, 0, 0, 0, 1, 0, 0, 0, 0, 0, 1, 0, 0, 1, 1, 1, 1, 0, 1, 0, 1, 0, 0, 0, 0, 0, 0, 0, 1, 0, 0, 0, 1, 0, 0, 0, 1, 1, 0, 0, 0, 1, 0, 1, 0, 0, 0, 0, 1, 0, 0, 0, 1, 1, 0, 1, 0, 0, 0, 1, 1, 1, 0, 0, 0, 0, 0, 0, 0, 1, 1, 1, 1, 0, 0, 0, 0, 1, 0, 0, 1, 0, 1, 1, 0, 0, 0, 1, 1, 1, 1, 1, 0, 0, 0, 1, 0, 0, 0, 1, 1, 0, 1, 1, 0, 0, 1, 0, 1, 1, 0, 0, 0, 1, 1, 0, 1, 0, 1, 1, 1, 0, 0, 1, 1, 1, 1, 1, 0, 0, 1, 0, 1, 1, 0, 0, 0, 0, 0, 1, 0, 0, 0, 1, 1, 0, 0, 0, 0, 0, 1, 0, 1, 1, 1, 0, 0, 0, 0, 1, 1, 0, 0, 0, 1, 1, 1, 0, 0, 0, 0, 0, 0, 0, 0, 0, 1, 1, 1, 0, 0, 1, 0, 0, 0, 1, 0, 0, 1, 1, 1, 0, 0, 0, 1, 0, 0, 0, 1, 0, 1, 1, 0, 0, 0, 0, 0, 0, 0, 0, 0, 0, 0, 0, 0, 0, 1, 1, 1, 1, 1, 1, 0, 0, 0, 0, 0, 0, 1, 1, 0, 0, 0, 0, 0, 0, 1, 0, 1, 0, 0, 0, 0, 0, 1, 0, 1, 0, 0, 1, 0, 0, 0, 0, 1, 0, 1, 0, 1, 1, 1, 1, 0, 0, 1, 1, 0, 0, 0, 0, 1, 0, 0, 1, 0, 1, 0, 1, 0, 1, 0, 0, 0, 1, 1, 0, 0, 1, 0, 0, 1, 0, 0, 1, 0, 0, 1, 0, 0, 0, 1, 0, 0, 0, 0, 1, 0, 0, 1, 0, 1, 0, 0, 1, 0, 1, 0, 0, 0, 1, 0, 1, 0, 1, 0, 0, 1, 0, 0, 1, 0, 0, 0, 0, 0, 0, 1, 1, 1, 0, 1, 1, 0, 1, 0, 0, 0, 0, 0, 0, 0, 1, 0, 0, 0, 0, 0, 0, 0, 1, 1, 0, 0, 1, 0, 1, 0, 0, 0, 0, 1, 0, 0, 1, 0, 0, 1, 0, 1, 1, 1, 1, 0, 1, 1, 0, 1, 0, 0, 0, 1, 0, 1, 0, 1, 0, 0, 0, 0, 0, 0, 0, 0, 1, 0, 0, 0, 0, 1, 1, 0, 0, 0, 1, 0, 1, 0, 1, 0, 0, 0, 0, 0, 1, 0, 0, 0, 0, 0, 1, 1, 1, 0, 0, 0, 0, 0, 0, 1, 1, 1, 0, 0, 0, 1, 0, 1, 1, 0, 1, 0, 0, 1, 0, 1, 1, 1, 1, 1, 0, 0, 0, 1, 1, 1, 0, 0, 0, 1, 0, 0, 0, 1, 1, 0, 1, 1, 0, 0, 0, 0, 0, 0, 1, 0, 0, 0, 0, 1, 1, 0, 0, 0, 0, 0, 1, 0, 0, 0, 0, 0, 0, 1, 1, 0, 0, 1, 0, 0, 0, 0, 0, 1, 0, 0, 1, 1, 0, 1, 1, 1, 0, 0, 0, 0, 0, 0, 1, 0, 1, 1, 0, 1, 0, 0, 0, 0, 1, 1, 0, 0, 1, 0, 0, 1, 0, 1, 0, 0, 0, 1, 0, 0, 0, 0, 0, 0, 0, 0, 1, 0, 1, 0, 0, 0, 0, 0, 1, 0, 0, 0, 1, 0, 0, 1, 1, 0, 1, 1, 1, 1, 0, 0, 0, 1, 1, 0, 1, 0, 1, 0, 0, 0, 0, 0, 1, 0, 0, 0, 1, 0]}

[STUDENT] unaligned <- /data/zhenqian/models/dinov2-base
[load] stock DINOv2 (student_ckpt path is a dir or missing: /data/zhenqian/models/dinov2-base)
  [dataset] breeds_super13
extract:   0%|          | 0/6 [00:00<?, ?it/s]extract:  17%|█▋        | 1/6 [00:00<00:02,  1.73it/s]extract:  33%|███▎      | 2/6 [00:01<00:02,  1.81it/s]extract:  50%|█████     | 3/6 [00:01<00:01,  1.81it/s]extract:  67%|██████▋   | 4/6 [00:02<00:01,  1.78it/s]extract:  83%|████████▎ | 5/6 [00:02<00:00,  1.74it/s]extract: 100%|██████████| 6/6 [00:03<00:00,  1.80it/s]extract: 100%|██████████| 6/6 [00:03<00:00,  1.79it/s]
extract:   0%|          | 0/49 [00:00<?, ?it/s]extract:   2%|▏         | 1/49 [00:00<00:25,  1.91it/s]extract:   4%|▍         | 2/49 [00:01<00:24,  1.92it/s]extract:   6%|▌         | 3/49 [00:01<00:25,  1.83it/s]extract:   8%|▊         | 4/49 [00:02<00:24,  1.80it/s]extract:  10%|█         | 5/49 [00:02<00:24,  1.77it/s]extract:  12%|█▏        | 6/49 [00:03<00:24,  1.73it/s]extract:  14%|█▍        | 7/49 [00:03<00:24,  1.75it/s]extract:  16%|█▋        | 8/49 [00:04<00:24,  1.64it/s]extract:  18%|█▊        | 9/49 [00:05<00:24,  1.63it/s]extract:  20%|██        | 10/49 [00:05<00:23,  1.63it/s]extract:  22%|██▏       | 11/49 [00:06<00:22,  1.72it/s]extract:  24%|██▍       | 12/49 [00:06<00:21,  1.72it/s]extract:  27%|██▋       | 13/49 [00:07<00:21,  1.70it/s]extract:  29%|██▊       | 14/49 [00:08<00:20,  1.72it/s]extract:  31%|███       | 15/49 [00:08<00:19,  1.77it/s]extract:  33%|███▎      | 16/49 [00:09<00:18,  1.76it/s]extract:  35%|███▍      | 17/49 [00:09<00:18,  1.73it/s]extract:  37%|███▋      | 18/49 [00:10<00:17,  1.78it/s]extract:  39%|███▉      | 19/49 [00:10<00:16,  1.79it/s]extract:  41%|████      | 20/49 [00:11<00:16,  1.80it/s]extract:  43%|████▎     | 21/49 [00:12<00:15,  1.76it/s]extract:  45%|████▍     | 22/49 [00:12<00:15,  1.79it/s]extract:  47%|████▋     | 23/49 [00:13<00:14,  1.76it/s]extract:  49%|████▉     | 24/49 [00:13<00:13,  1.80it/s]extract:  51%|█████     | 25/49 [00:14<00:13,  1.78it/s]extract:  53%|█████▎    | 26/49 [00:14<00:12,  1.85it/s]extract:  55%|█████▌    | 27/49 [00:15<00:11,  1.91it/s]extract:  57%|█████▋    | 28/49 [00:15<00:11,  1.88it/s]extract:  59%|█████▉    | 29/49 [00:16<00:10,  1.99it/s]extract:  61%|██████    | 30/49 [00:16<00:09,  1.97it/s]extract:  63%|██████▎   | 31/49 [00:17<00:09,  1.93it/s]extract:  65%|██████▌   | 32/49 [00:17<00:08,  1.92it/s]extract:  67%|██████▋   | 33/49 [00:18<00:08,  1.87it/s]extract:  69%|██████▉   | 34/49 [00:18<00:08,  1.82it/s]extract:  71%|███████▏  | 35/49 [00:19<00:08,  1.71it/s]extract:  73%|███████▎  | 36/49 [00:20<00:07,  1.76it/s]extract:  76%|███████▌  | 37/49 [00:20<00:06,  1.75it/s]extract:  78%|███████▊  | 38/49 [00:21<00:06,  1.74it/s]extract:  80%|███████▉  | 39/49 [00:21<00:05,  1.75it/s]extract:  82%|████████▏ | 40/49 [00:22<00:05,  1.79it/s]extract:  84%|████████▎ | 41/49 [00:22<00:04,  1.89it/s]extract:  86%|████████▌ | 42/49 [00:23<00:03,  1.91it/s]extract:  88%|████████▊ | 43/49 [00:23<00:03,  1.95it/s]extract:  90%|████████▉ | 44/49 [00:24<00:02,  2.03it/s]extract:  92%|█████████▏| 45/49 [00:24<00:01,  2.05it/s]extract:  94%|█████████▍| 46/49 [00:25<00:01,  1.99it/s]extract:  96%|█████████▌| 47/49 [00:26<00:01,  1.82it/s]extract:  98%|█████████▊| 48/49 [00:26<00:00,  1.84it/s]extract: 100%|██████████| 49/49 [00:26<00:00,  2.05it/s]extract: 100%|██████████| 49/49 [00:26<00:00,  1.82it/s]
    -> {'top1_accuracy': 0.23361182519280205, 'ci95_low': 0.2199469794344473, 'ci95_high': 0.24759800771208226, 'n_test': 3112, 'n_train_per_class': 1, 'n_classes': 13, 'correct_per_example': [0, 0, 0, 0, 0, 0, 0, 0, 1, 1, 1, 0, 1, 1, 1, 1, 1, 1, 1, 1, 0, 1, 0, 1, 1, 0, 1, 1, 0, 0, 0, 1, 0, 1, 1, 0, 0, 0, 1, 0, 1, 0, 1, 1, 1, 1, 0, 0, 0, 0, 0, 0, 0, 0, 0, 0, 0, 0, 0, 0, 0, 0, 0, 0, 0, 0, 0, 0, 0, 0, 0, 0, 0, 0, 0, 0, 0, 0, 0, 0, 0, 0, 0, 0, 0, 0, 0, 1, 0, 0, 0, 0, 0, 0, 0, 0, 1, 1, 0, 1, 1, 1, 1, 0, 1, 1, 1, 1, 1, 1, 1, 1, 0, 0, 0, 0, 0, 0, 0, 0, 0, 0, 0, 0, 0, 0, 0, 0, 0, 0, 0, 1, 0, 0, 1, 0, 1, 0, 1, 1, 0, 1, 1, 1, 1, 1, 1, 1, 1, 1, 1, 1, 0, 0, 1, 0, 0, 0, 0, 0, 0, 0, 0, 0, 1, 0, 1, 0, 1, 1, 1, 1, 1, 1, 1, 1, 1, 1, 0, 1, 0, 1, 0, 0, 1, 1, 1, 1, 1, 0, 1, 0, 1, 1, 1, 1, 1, 1, 1, 1, 0, 0, 1, 1, 1, 0, 1, 0, 0, 1, 0, 0, 0, 1, 0, 0, 1, 0, 0, 0, 0, 0, 0, 0, 0, 0, 0, 0, 0, 0, 0, 0, 0, 0, 0, 1, 0, 0, 0, 0, 0, 1, 0, 0, 0, 1, 0, 0, 0, 0, 0, 0, 0, 0, 0, 0, 0, 0, 0, 0, 0, 0, 0, 0, 0, 0, 0, 0, 0, 0, 0, 0, 1, 0, 0, 0, 0, 0, 0, 0, 1, 1, 0, 0, 1, 0, 0, 0, 0, 0, 0, 1, 0, 0, 0, 0, 1, 0, 0, 0, 0, 0, 0, 0, 0, 0, 0, 0, 0, 0, 0, 0, 0, 0, 0, 0, 0, 0, 0, 0, 0, 0, 0, 0, 0, 0, 0, 0, 0, 0, 0, 0, 0, 0, 0, 0, 0, 0, 0, 0, 0, 0, 0, 0, 0, 0, 0, 0, 0, 0, 0, 0, 0, 0, 0, 0, 0, 0, 0, 0, 0, 0, 0, 0, 0, 0, 0, 0, 0, 1, 0, 0, 1, 0, 0, 0, 0, 0, 0, 0, 0, 1, 0, 0, 0, 1, 1, 1, 0, 0, 0, 0, 0, 0, 0, 0, 0, 0, 0, 0, 0, 0, 0, 0, 0, 1, 1, 0, 1, 0, 1, 1, 1, 1, 1, 1, 1, 0, 0, 1, 1, 0, 1, 1, 1, 1, 0, 0, 1, 0, 0, 1, 1, 1, 0, 1, 1, 1, 1, 0, 1, 1, 1, 0, 0, 1, 0, 1, 0, 0, 0, 0, 0, 1, 0, 0, 0, 1, 1, 0, 0, 1, 1, 0, 0, 0, 1, 0, 1, 1, 0, 1, 1, 1, 1, 1, 1, 1, 1, 1, 0, 0, 1, 1, 0, 0, 0, 0, 0, 0, 0, 0, 0, 1, 0, 1, 1, 0, 0, 0, 1, 0, 0, 1, 0, 0, 0, 0, 0, 0, 0, 0, 0, 0, 0, 0, 0, 0, 0, 1, 0, 1, 0, 0, 1, 1, 0, 0, 1, 1, 1, 1, 1, 1, 1, 1, 0, 0, 0, 0, 0, 0, 0, 1, 0, 0, 0, 0, 0, 0, 0, 0, 1, 1, 1, 1, 1, 0, 1, 1, 1, 1, 1, 0, 0, 1, 1, 1, 1, 0, 0, 1, 1, 0, 1, 0, 1, 0, 0, 0, 0, 0, 0, 0, 0, 0, 0, 1, 0, 0, 1, 1, 0, 0, 0, 0, 0, 0, 0, 0, 0, 0, 0, 0, 0, 0, 0, 0, 1, 1, 0, 1, 0, 1, 1, 0, 0, 0, 0, 0, 1, 0, 1, 0, 0, 0, 0, 0, 0, 0, 0, 0, 1, 1, 0, 0, 1, 1, 1, 1, 1, 1, 1, 1, 1, 1, 0, 1, 1, 0, 0, 0, 0, 0, 0, 0, 1, 1, 1, 1, 1, 0, 1, 1, 0, 0, 0, 1, 0, 0, 0, 1, 0, 0, 0, 0, 1, 1, 0, 0, 0, 0, 0, 0, 0, 0, 0, 0, 0, 0, 0, 0, 0, 0, 0, 1, 0, 1, 0, 0, 0, 0, 0, 0, 0, 0, 0, 1, 1, 0, 1, 0, 0, 0, 0, 0, 0, 1, 1, 0, 0, 0, 0, 0, 0, 0, 0, 0, 0, 0, 0, 0, 0, 0, 0, 0, 0, 0, 0, 0, 0, 0, 0, 0, 0, 0, 0, 0, 0, 1, 0, 0, 0, 0, 1, 0, 1, 1, 1, 1, 1, 0, 0, 0, 0, 0, 0, 1, 0, 0, 0, 0, 0, 0, 0, 0, 1, 1, 1, 1, 0, 1, 1, 0, 0, 0, 0, 0, 0, 0, 0, 1, 0, 0, 0, 0, 0, 0, 0, 0, 0, 0, 0, 0, 0, 0, 0, 0, 1, 0, 0, 0, 0, 0, 0, 1, 0, 0, 0, 0, 0, 0, 0, 0, 1, 1, 0, 0, 1, 0, 1, 1, 0, 0, 0, 1, 0, 0, 0, 0, 0, 0, 0, 0, 0, 0, 0, 0, 0, 0, 0, 0, 1, 0, 0, 0, 0, 0, 1, 1, 0, 0, 1, 1, 1, 1, 0, 1, 1, 1, 0, 1, 0, 0, 0, 0, 0, 0, 0, 0, 0, 0, 1, 0, 1, 0, 0, 0, 0, 0, 1, 1, 0, 1, 0, 0, 0, 0, 0, 0, 0, 0, 0, 0, 1, 0, 1, 1, 1, 0, 0, 1, 0, 0, 0, 1, 0, 0, 0, 1, 0, 0, 0, 0, 0, 1, 0, 0, 1, 0, 0, 0, 0, 0, 0, 0, 0, 0, 0, 0, 0, 0, 0, 0, 0, 1, 0, 1, 1, 1, 1, 1, 0, 0, 0, 1, 0, 0, 0, 0, 0, 0, 0, 0, 0, 0, 1, 0, 0, 0, 0, 0, 0, 0, 0, 0, 0, 0, 0, 0, 0, 0, 1, 1, 0, 0, 0, 0, 0, 0, 0, 0, 1, 0, 1, 1, 1, 0, 1, 1, 0, 0, 0, 0, 0, 0, 0, 0, 0, 0, 0, 0, 0, 0, 0, 0, 0, 0, 0, 0, 0, 0, 0, 0, 1, 1, 0, 1, 1, 1, 1, 0, 0, 0, 0, 0, 0, 0, 0, 0, 0, 0, 0, 0, 0, 0, 1, 1, 0, 0, 0, 1, 0, 0, 0, 0, 0, 0, 0, 0, 0, 0, 0, 0, 1, 1, 1, 1, 1, 1, 1, 1, 1, 1, 1, 0, 1, 0, 1, 0, 0, 0, 0, 0, 0, 0, 0, 0, 1, 0, 1, 1, 1, 1, 1, 1, 0, 0, 0, 0, 0, 0, 0, 0, 0, 0, 0, 0, 0, 0, 0, 0, 0, 0, 0, 0, 0, 0, 0, 0, 0, 0, 1, 0, 0, 0, 0, 0, 0, 0, 0, 0, 0, 0, 0, 0, 0, 0, 0, 0, 0, 0, 0, 0, 0, 0, 0, 0, 0, 1, 0, 1, 0, 0, 0, 0, 1, 0, 0, 0, 0, 0, 0, 0, 1, 1, 1, 1, 0, 0, 0, 0, 0, 0, 0, 0, 1, 1, 1, 1, 1, 1, 1, 1, 0, 0, 0, 0, 0, 0, 0, 0, 0, 1, 1, 0, 1, 0, 1, 1, 0, 0, 0, 0, 0, 1, 0, 1, 0, 0, 0, 0, 0, 0, 0, 0, 1, 1, 1, 1, 1, 1, 1, 0, 1, 0, 0, 0, 0, 0, 0, 1, 1, 1, 0, 0, 1, 0, 1, 0, 0, 0, 0, 0, 0, 0, 0, 0, 0, 0, 0, 0, 0, 0, 0, 1, 0, 0, 0, 0, 1, 0, 0, 1, 0, 0, 0, 0, 0, 0, 0, 0, 0, 0, 0, 0, 0, 0, 0, 0, 0, 0, 0, 0, 0, 0, 0, 0, 0, 0, 0, 0, 0, 0, 0, 0, 1, 1, 1, 1, 1, 1, 1, 1, 0, 0, 0, 0, 0, 0, 0, 0, 0, 0, 0, 0, 0, 0, 0, 0, 1, 1, 0, 0, 0, 0, 0, 0, 0, 0, 0, 1, 1, 0, 0, 1, 0, 0, 0, 0, 0, 0, 0, 0, 0, 1, 1, 0, 0, 0, 0, 0, 0, 0, 0, 1, 0, 0, 0, 0, 0, 0, 1, 0, 0, 0, 0, 0, 1, 1, 0, 1, 1, 1, 0, 1, 0, 0, 1, 0, 0, 0, 0, 0, 0, 0, 1, 1, 0, 0, 0, 0, 0, 0, 0, 0, 0, 0, 0, 0, 0, 0, 0, 0, 0, 0, 0, 0, 0, 0, 0, 0, 1, 0, 0, 1, 0, 0, 0, 0, 1, 0, 0, 0, 0, 1, 0, 0, 0, 0, 1, 1, 1, 1, 0, 1, 1, 1, 1, 1, 0, 1, 0, 0, 0, 0, 0, 0, 0, 0, 0, 0, 0, 0, 0, 0, 0, 0, 0, 0, 0, 0, 0, 0, 0, 0, 0, 0, 0, 0, 0, 0, 0, 0, 0, 0, 0, 0, 0, 0, 0, 1, 0, 0, 0, 1, 0, 0, 0, 0, 0, 0, 0, 0, 0, 0, 0, 0, 0, 0, 0, 0, 0, 1, 0, 0, 0, 0, 0, 0, 0, 0, 0, 0, 0, 0, 0, 0, 0, 0, 0, 0, 1, 1, 1, 0, 1, 1, 0, 0, 0, 0, 0, 0, 0, 0, 0, 0, 0, 0, 0, 1, 0, 1, 0, 1, 0, 0, 0, 0, 0, 0, 0, 0, 0, 0, 1, 0, 0, 0, 0, 0, 1, 1, 0, 1, 0, 0, 0, 0, 0, 0, 0, 0, 0, 0, 0, 0, 0, 0, 0, 0, 0, 0, 0, 0, 0, 1, 0, 0, 0, 0, 0, 1, 1, 1, 1, 0, 0, 1, 0, 1, 0, 0, 0, 0, 0, 0, 1, 0, 0, 0, 1, 0, 1, 0, 0, 0, 0, 0, 0, 0, 0, 0, 0, 0, 0, 0, 1, 0, 0, 0, 0, 0, 0, 0, 0, 0, 0, 0, 0, 0, 0, 0, 0, 0, 0, 0, 0, 0, 0, 0, 0, 0, 0, 0, 0, 0, 0, 0, 0, 0, 0, 0, 0, 0, 0, 0, 0, 0, 0, 0, 0, 0, 0, 0, 1, 0, 0, 0, 0, 1, 0, 1, 0, 0, 0, 0, 0, 0, 0, 0, 0, 0, 0, 0, 0, 0, 0, 0, 0, 0, 0, 0, 1, 1, 0, 0, 0, 1, 0, 0, 0, 0, 0, 0, 0, 0, 0, 0, 0, 0, 0, 0, 1, 0, 0, 0, 0, 0, 0, 0, 0, 0, 0, 0, 0, 0, 0, 0, 1, 0, 1, 0, 1, 0, 0, 1, 0, 1, 0, 0, 0, 0, 0, 0, 1, 0, 0, 1, 1, 0, 0, 0, 0, 0, 1, 0, 0, 0, 0, 0, 0, 0, 0, 0, 0, 0, 0, 0, 0, 0, 0, 0, 0, 0, 0, 1, 0, 0, 0, 0, 1, 1, 1, 1, 1, 1, 1, 1, 0, 0, 0, 0, 0, 0, 0, 0, 0, 0, 0, 0, 0, 0, 1, 0, 0, 0, 0, 0, 0, 0, 0, 0, 0, 0, 0, 0, 0, 0, 0, 0, 0, 0, 0, 0, 0, 0, 0, 0, 0, 0, 0, 0, 0, 0, 0, 0, 0, 0, 0, 1, 0, 0, 0, 0, 0, 0, 0, 0, 0, 0, 0, 0, 1, 0, 1, 1, 1, 0, 1, 1, 0, 1, 0, 0, 1, 0, 0, 0, 1, 0, 1, 1, 0, 1, 1, 1, 0, 0, 0, 0, 0, 0, 0, 0, 0, 0, 1, 0, 1, 1, 0, 0, 1, 0, 0, 0, 0, 0, 0, 0, 1, 1, 1, 1, 0, 1, 0, 1, 0, 0, 0, 0, 0, 0, 0, 0, 0, 1, 0, 1, 1, 1, 1, 1, 0, 1, 1, 0, 1, 1, 1, 1, 0, 1, 1, 1, 1, 1, 1, 1, 1, 1, 1, 1, 1, 0, 0, 1, 0, 1, 1, 1, 1, 0, 1, 0, 0, 1, 0, 1, 1, 0, 0, 0, 0, 0, 0, 0, 1, 0, 0, 0, 0, 0, 0, 0, 0, 0, 0, 0, 0, 0, 0, 0, 0, 0, 0, 1, 1, 0, 0, 1, 1, 1, 0, 0, 0, 0, 0, 0, 0, 0, 0, 0, 1, 0, 1, 1, 0, 0, 1, 1, 0, 0, 0, 0, 0, 0, 0, 0, 0, 0, 0, 0, 0, 0, 0, 0, 0, 0, 0, 0, 0, 0, 0, 0, 1, 1, 0, 0, 1, 0, 1, 0, 0, 0, 0, 0, 0, 0, 0, 0, 0, 0, 0, 0, 0, 0, 0, 0, 0, 1, 0, 0, 0, 0, 0, 0, 1, 0, 0, 0, 1, 1, 0, 0, 1, 0, 0, 1, 0, 0, 1, 0, 0, 0, 0, 0, 0, 0, 0, 0, 0, 0, 0, 0, 0, 0, 0, 0, 0, 0, 0, 0, 0, 0, 0, 1, 1, 0, 0, 0, 0, 0, 0, 0, 0, 0, 0, 0, 0, 0, 0, 0, 0, 0, 0, 0, 0, 0, 0, 0, 0, 0, 0, 0, 0, 0, 1, 0, 0, 1, 0, 0, 0, 0, 0, 0, 0, 0, 0, 0, 0, 0, 0, 0, 0, 0, 0, 0, 0, 0, 0, 0, 0, 0, 0, 1, 0, 0, 0, 0, 0, 0, 0, 0, 0, 0, 0, 0, 0, 0, 1, 0, 1, 1, 0, 0, 1, 1, 1, 0, 0, 0, 0, 0, 0, 0, 1, 0, 0, 0, 0, 0, 0, 0, 1, 0, 0, 0, 0, 0, 0, 0, 0, 0, 0, 0, 0, 0, 0, 0, 0, 0, 0, 0, 0, 0, 1, 1, 0, 0, 0, 0, 0, 1, 1, 0, 1, 1, 1, 1, 0, 0, 0, 0, 0, 0, 0, 0, 0, 0, 0, 0, 0, 0, 0, 0, 0, 0, 0, 0, 0, 1, 0, 0, 1, 0, 0, 0, 0, 0, 0, 1, 0, 0, 0, 1, 0, 0, 0, 0, 1, 0, 0, 0, 0, 0, 0, 0, 0, 0, 0, 1, 0, 0, 0, 0, 1, 0, 0, 0, 0, 0, 0, 0, 0, 0, 1, 1, 0, 0, 1, 1, 0, 0, 0, 0, 0, 0, 0, 0, 0, 0, 0, 0, 0, 1, 1, 0, 0, 0, 0, 0, 0, 0, 0, 0, 0, 0, 0, 1, 0, 0, 1, 0, 0, 0, 0, 0, 0, 0, 0, 0, 0, 0, 0, 0, 1, 1, 0, 1, 0, 0, 0, 0, 0, 0, 0, 0, 0, 1, 0, 0, 0, 0, 0, 0, 0, 1, 0, 0, 0, 0, 0, 0, 0, 0, 1, 1, 0, 1, 1, 1, 1, 0, 0, 0, 0, 0, 0, 0, 0, 0, 0, 0, 0, 0, 0, 0, 0, 0, 0, 0, 0, 0, 0, 0, 1, 0, 0, 0, 0, 0, 1, 0, 0, 0, 0, 0, 0, 1, 1, 0, 1, 1, 0, 0, 0, 0, 0, 0, 0, 0, 0, 0, 0, 0, 0, 0, 0, 0, 0, 0, 0, 0, 1, 0, 0, 0, 0, 0, 0, 0, 0, 0, 0, 0, 0, 0, 0, 0, 0, 0, 0, 0, 0, 0, 0, 0, 0, 1, 1, 0, 0, 0, 0, 0, 0, 0, 0, 0, 1, 1, 0, 1, 0, 1, 1, 0, 0, 0, 0, 0, 0, 0, 0, 0, 0, 0, 0, 0, 0, 0, 0, 0, 0, 1, 0, 0, 0, 0, 0, 0, 0, 0, 0, 0, 0, 0, 0, 0, 0, 0, 0, 0, 0, 0, 0, 0, 0, 0, 0, 0, 0, 1, 0, 0, 0, 0, 0, 0, 0, 0, 0, 0, 0, 0, 0, 0, 1, 0, 0, 0, 0, 0, 0, 0, 0, 0, 1, 0, 0, 0, 0, 0, 0, 0, 0, 0, 0, 0, 0, 0, 0, 0, 0, 0, 0, 0, 0, 0, 1, 0, 0, 0, 0, 0, 0, 0, 0, 0, 0, 0, 0, 0, 0, 0, 0, 0, 0, 0, 0, 0, 0, 0, 0, 0, 0, 0, 0, 0, 0, 0, 0, 0, 0, 0, 0, 0, 0, 0, 1, 0, 0, 0, 0, 0, 0, 0, 0, 0, 0, 0, 0, 0, 0, 0, 0, 0, 0, 0, 0, 0, 0, 0, 0, 0, 0, 0, 0, 0, 0, 0, 0, 1, 0, 0, 1, 0, 0, 1, 0, 0, 0, 0, 1, 1, 1, 1, 1, 0, 1, 0, 1, 1, 1, 1, 0, 1, 1, 1, 0, 0, 0, 0, 0, 0, 0, 0, 0, 0, 1, 0, 1, 1, 1, 1, 0, 0, 0, 0, 0, 1, 0, 0, 0, 0, 0, 0, 1, 0, 0, 0, 0, 0, 0, 0, 0, 0, 0, 0, 1, 1, 1, 0, 0, 1, 1, 0, 0, 1, 1, 1, 1, 1, 0, 1, 0, 0, 0, 1, 1, 0, 0, 0, 0, 0, 0, 0, 0, 0, 0, 0, 0, 0, 0, 0, 0, 0, 0, 0, 1, 1, 1, 1, 1, 1, 1, 1, 1, 1, 0, 1, 1, 0, 0, 1, 1, 0, 0, 0, 1, 0, 0, 1, 0, 0, 0, 0, 0, 0, 0, 0, 0, 1, 1, 1, 1, 1, 1, 0, 0, 0, 0, 0, 0, 0, 0, 0, 0, 0, 1, 1, 1, 0, 0, 1, 1, 1, 1, 1, 1, 0, 1, 1, 1, 1, 1, 1, 1, 1, 0, 1, 1, 0, 0, 1, 1, 1, 0, 0, 1, 0, 0, 0, 0, 1, 1, 1, 0, 0, 0, 0, 0, 0, 0, 0, 1, 1, 0, 1, 0, 0, 1, 0, 1, 0, 0, 1, 0, 0, 0, 0, 0, 0, 0, 0, 0, 0, 0, 0, 0, 0, 0, 0, 0, 0, 0, 0, 0, 0, 0, 0, 0, 0, 0, 0, 0, 1, 0, 1, 1, 1, 1, 0, 0, 0, 0, 0, 0, 1, 1, 0, 0, 0, 0, 0, 0, 0, 0, 0, 0, 0, 0, 0, 0, 0, 0, 0, 0, 0, 0, 0, 0, 0, 0, 0, 1, 1, 1, 0, 0, 1, 0, 1, 0, 0, 0, 0, 0, 0, 0, 0, 0, 0, 0, 0, 1, 0, 1, 1, 0, 0, 0, 0, 0, 0, 0, 0, 0, 0, 0, 0, 0, 0, 0, 0, 0, 0, 0, 0, 0, 0, 0, 0, 0, 0, 0, 0, 0, 0, 0, 0, 0, 0, 0, 0, 0, 0, 0, 0, 0, 0, 0, 0, 0, 0, 0, 0, 0, 0, 0, 0, 0, 0, 0, 0, 0, 0, 0, 0, 0, 0, 0, 0, 0, 0, 0, 0, 0, 0, 0, 0, 0, 0, 0, 0, 0, 0, 0, 1, 0, 0, 0, 0, 0, 0, 0, 0, 0, 1, 0, 1, 1, 0, 0, 0, 0, 0, 0, 0, 0, 1, 0, 0, 1, 0, 0, 1, 1, 1, 0, 1, 1, 1, 1, 1, 1, 1, 1, 1, 0, 0, 0, 0, 0, 0, 0, 0]}
  [dataset] breeds_super26
extract:   0%|          | 0/7 [00:00<?, ?it/s]extract:  14%|█▍        | 1/7 [00:00<00:03,  1.65it/s]extract:  29%|██▊       | 2/7 [00:01<00:02,  1.74it/s]extract:  43%|████▎     | 3/7 [00:01<00:02,  1.78it/s]extract:  57%|█████▋    | 4/7 [00:02<00:01,  1.81it/s]extract:  71%|███████▏  | 5/7 [00:02<00:01,  1.81it/s]extract:  86%|████████▌ | 6/7 [00:03<00:00,  1.84it/s]extract: 100%|██████████| 7/7 [00:03<00:00,  1.97it/s]extract: 100%|██████████| 7/7 [00:03<00:00,  1.87it/s]
extract:   0%|          | 0/57 [00:00<?, ?it/s]extract:   2%|▏         | 1/57 [00:00<00:38,  1.45it/s]extract:   4%|▎         | 2/57 [00:01<00:33,  1.65it/s]extract:   5%|▌         | 3/57 [00:01<00:30,  1.75it/s]extract:   7%|▋         | 4/57 [00:02<00:29,  1.78it/s]extract:   9%|▉         | 5/57 [00:02<00:29,  1.75it/s]extract:  11%|█         | 6/57 [00:03<00:28,  1.77it/s]extract:  12%|█▏        | 7/57 [00:04<00:29,  1.69it/s]extract:  14%|█▍        | 8/57 [00:04<00:29,  1.69it/s]extract:  16%|█▌        | 9/57 [00:05<00:28,  1.68it/s]extract:  18%|█▊        | 10/57 [00:05<00:27,  1.71it/s]extract:  19%|█▉        | 11/57 [00:06<00:26,  1.71it/s]extract:  21%|██        | 12/57 [00:06<00:25,  1.77it/s]extract:  23%|██▎       | 13/57 [00:07<00:24,  1.80it/s]extract:  25%|██▍       | 14/57 [00:08<00:23,  1.84it/s]extract:  26%|██▋       | 15/57 [00:08<00:23,  1.78it/s]extract:  28%|██▊       | 16/57 [00:09<00:24,  1.71it/s]extract:  30%|██▉       | 17/57 [00:09<00:22,  1.78it/s]extract:  32%|███▏      | 18/57 [00:10<00:20,  1.89it/s]extract:  33%|███▎      | 19/57 [00:10<00:19,  1.94it/s]extract:  35%|███▌      | 20/57 [00:11<00:19,  1.94it/s]extract:  37%|███▋      | 21/57 [00:11<00:19,  1.88it/s]extract:  39%|███▊      | 22/57 [00:12<00:18,  1.85it/s]extract:  40%|████      | 23/57 [00:12<00:18,  1.85it/s]extract:  42%|████▏     | 24/57 [00:13<00:17,  1.84it/s]extract:  44%|████▍     | 25/57 [00:14<00:17,  1.81it/s]extract:  46%|████▌     | 26/57 [00:14<00:17,  1.76it/s]extract:  47%|████▋     | 27/57 [00:15<00:17,  1.76it/s]extract:  49%|████▉     | 28/57 [00:15<00:15,  1.87it/s]extract:  51%|█████     | 29/57 [00:16<00:15,  1.86it/s]extract:  53%|█████▎    | 30/57 [00:16<00:13,  2.01it/s]extract:  54%|█████▍    | 31/57 [00:17<00:12,  2.11it/s]extract:  56%|█████▌    | 32/57 [00:17<00:11,  2.18it/s]extract:  58%|█████▊    | 33/57 [00:17<00:10,  2.18it/s]extract:  60%|█████▉    | 34/57 [00:18<00:11,  1.94it/s]extract:  61%|██████▏   | 35/57 [00:19<00:11,  1.90it/s]extract:  63%|██████▎   | 36/57 [00:19<00:11,  1.90it/s]extract:  65%|██████▍   | 37/57 [00:20<00:10,  1.92it/s]extract:  67%|██████▋   | 38/57 [00:20<00:10,  1.87it/s]extract:  68%|██████▊   | 39/57 [00:21<00:09,  1.88it/s]extract:  70%|███████   | 40/57 [00:21<00:09,  1.88it/s]extract:  72%|███████▏  | 41/57 [00:22<00:08,  1.86it/s]extract:  74%|███████▎  | 42/57 [00:22<00:08,  1.83it/s]extract:  75%|███████▌  | 43/57 [00:23<00:07,  1.83it/s]extract:  77%|███████▋  | 44/57 [00:24<00:07,  1.78it/s]extract:  79%|███████▉  | 45/57 [00:24<00:06,  1.74it/s]extract:  81%|████████  | 46/57 [00:25<00:06,  1.78it/s]extract:  82%|████████▏ | 47/57 [00:25<00:05,  1.68it/s]extract:  84%|████████▍ | 48/57 [00:26<00:05,  1.72it/s]extract:  86%|████████▌ | 49/57 [00:26<00:04,  1.79it/s]extract:  88%|████████▊ | 50/57 [00:27<00:04,  1.70it/s]extract:  89%|████████▉ | 51/57 [00:28<00:03,  1.76it/s]extract:  91%|█████████ | 52/57 [00:28<00:02,  1.82it/s]extract:  93%|█████████▎| 53/57 [00:29<00:02,  1.85it/s]extract:  95%|█████████▍| 54/57 [00:29<00:01,  1.86it/s]extract:  96%|█████████▋| 55/57 [00:30<00:01,  1.77it/s]extract:  98%|█████████▊| 56/57 [00:30<00:00,  1.80it/s]extract: 100%|██████████| 57/57 [00:30<00:00,  1.85it/s]
    -> {'top1_accuracy': 0.1984966592427617, 'ci95_low': 0.18554426503340757, 'ci95_high': 0.21158129175946547, 'n_test': 3592, 'n_train_per_class': 1, 'n_classes': 26, 'correct_per_example': [1, 0, 0, 1, 1, 0, 1, 0, 0, 0, 0, 0, 0, 0, 0, 0, 0, 0, 0, 0, 0, 0, 0, 0, 0, 0, 0, 0, 0, 0, 0, 0, 0, 0, 0, 0, 0, 0, 0, 0, 1, 1, 1, 1, 1, 1, 1, 1, 0, 0, 0, 0, 0, 0, 1, 0, 0, 0, 0, 0, 0, 0, 0, 0, 0, 0, 0, 0, 0, 0, 0, 0, 0, 0, 1, 0, 1, 0, 0, 0, 0, 0, 0, 0, 0, 0, 0, 0, 0, 0, 0, 0, 0, 1, 0, 1, 0, 0, 0, 0, 0, 0, 1, 0, 0, 1, 1, 0, 0, 1, 1, 0, 0, 0, 0, 0, 0, 0, 0, 0, 1, 1, 1, 1, 1, 1, 1, 1, 1, 0, 0, 0, 0, 0, 0, 0, 0, 0, 0, 0, 0, 0, 0, 0, 0, 0, 1, 1, 0, 0, 0, 1, 0, 0, 0, 1, 1, 1, 0, 0, 0, 0, 1, 0, 0, 0, 0, 0, 0, 0, 0, 0, 0, 0, 0, 0, 0, 0, 0, 0, 0, 0, 0, 0, 1, 1, 1, 0, 0, 0, 1, 1, 0, 0, 0, 0, 0, 0, 0, 0, 0, 0, 0, 0, 0, 0, 0, 0, 0, 0, 0, 0, 0, 0, 0, 1, 0, 1, 0, 0, 0, 0, 0, 0, 0, 0, 0, 0, 0, 0, 0, 0, 1, 1, 1, 1, 1, 0, 1, 0, 0, 0, 0, 0, 0, 0, 0, 0, 0, 1, 1, 1, 1, 0, 1, 0, 0, 1, 0, 0, 0, 1, 1, 0, 1, 0, 0, 0, 0, 1, 0, 1, 0, 1, 0, 0, 0, 0, 0, 0, 0, 0, 0, 0, 0, 0, 0, 0, 0, 0, 0, 0, 0, 0, 0, 0, 0, 0, 0, 0, 0, 0, 0, 0, 1, 1, 0, 0, 0, 0, 0, 1, 1, 1, 0, 0, 1, 1, 0, 1, 1, 1, 1, 1, 1, 1, 1, 1, 0, 1, 1, 1, 1, 0, 1, 1, 0, 0, 0, 0, 0, 0, 0, 0, 0, 0, 0, 0, 0, 0, 0, 0, 0, 0, 0, 0, 1, 0, 0, 0, 0, 1, 0, 0, 0, 0, 1, 0, 0, 1, 1, 1, 0, 1, 0, 0, 0, 1, 1, 1, 1, 0, 0, 0, 0, 1, 1, 0, 0, 0, 0, 0, 0, 0, 0, 0, 0, 0, 0, 0, 0, 0, 0, 0, 0, 0, 0, 0, 0, 0, 0, 0, 0, 0, 0, 0, 0, 0, 0, 0, 0, 0, 0, 0, 0, 0, 0, 0, 0, 0, 0, 0, 0, 1, 1, 0, 1, 1, 0, 1, 0, 0, 1, 0, 1, 0, 1, 0, 0, 0, 1, 0, 0, 0, 0, 0, 0, 0, 0, 0, 0, 0, 0, 0, 1, 0, 0, 1, 1, 1, 1, 1, 0, 0, 0, 0, 0, 0, 0, 0, 0, 0, 0, 1, 0, 0, 0, 0, 0, 0, 0, 0, 0, 0, 0, 1, 1, 0, 1, 0, 0, 0, 1, 0, 0, 0, 0, 0, 0, 0, 0, 0, 0, 0, 0, 0, 0, 0, 0, 0, 0, 0, 1, 1, 1, 1, 1, 1, 0, 0, 0, 1, 0, 0, 1, 0, 0, 0, 1, 1, 1, 1, 1, 0, 0, 0, 0, 0, 0, 0, 1, 0, 0, 0, 1, 0, 1, 0, 0, 0, 0, 0, 0, 0, 0, 1, 0, 0, 0, 0, 0, 0, 0, 0, 0, 0, 0, 0, 0, 0, 0, 0, 0, 0, 0, 0, 0, 0, 0, 0, 0, 0, 0, 0, 0, 0, 0, 0, 0, 0, 0, 0, 0, 0, 0, 0, 1, 1, 0, 0, 0, 0, 0, 0, 0, 0, 0, 0, 0, 0, 0, 0, 0, 0, 0, 0, 1, 1, 0, 0, 0, 0, 0, 0, 0, 1, 0, 0, 1, 0, 0, 0, 0, 0, 1, 0, 0, 0, 0, 0, 0, 0, 1, 0, 0, 0, 0, 0, 0, 0, 0, 0, 0, 0, 0, 0, 1, 0, 0, 0, 0, 0, 1, 1, 1, 1, 1, 1, 1, 1, 0, 1, 0, 1, 0, 0, 0, 1, 0, 0, 0, 0, 0, 0, 0, 0, 0, 1, 1, 0, 0, 0, 0, 0, 0, 0, 0, 0, 0, 0, 0, 1, 0, 0, 0, 0, 0, 0, 0, 0, 1, 1, 0, 1, 1, 1, 1, 1, 0, 0, 0, 0, 0, 0, 0, 0, 0, 0, 0, 0, 0, 0, 0, 0, 0, 1, 0, 0, 0, 0, 0, 0, 0, 0, 0, 0, 0, 0, 0, 0, 0, 0, 0, 0, 0, 0, 0, 0, 0, 0, 0, 0, 0, 0, 0, 0, 0, 1, 0, 0, 0, 0, 0, 0, 0, 0, 0, 0, 0, 0, 0, 0, 0, 0, 0, 0, 0, 0, 0, 0, 0, 0, 0, 0, 0, 0, 0, 0, 0, 0, 0, 1, 1, 1, 1, 1, 0, 0, 0, 0, 0, 0, 0, 0, 0, 0, 0, 0, 0, 0, 0, 0, 1, 1, 1, 1, 1, 1, 1, 1, 0, 0, 0, 1, 0, 0, 0, 0, 0, 0, 0, 0, 0, 0, 0, 0, 0, 0, 0, 0, 0, 0, 0, 0, 0, 0, 0, 0, 0, 0, 0, 0, 1, 1, 1, 1, 1, 1, 1, 1, 0, 0, 0, 0, 0, 0, 0, 0, 0, 1, 0, 0, 0, 0, 0, 0, 0, 0, 0, 0, 0, 0, 0, 0, 0, 0, 0, 0, 1, 1, 0, 0, 0, 0, 0, 0, 0, 0, 0, 0, 1, 1, 0, 0, 0, 0, 1, 0, 1, 0, 0, 0, 0, 0, 0, 1, 1, 0, 0, 1, 1, 1, 1, 1, 0, 1, 0, 1, 0, 0, 0, 0, 0, 0, 0, 1, 0, 0, 0, 0, 0, 0, 0, 0, 0, 1, 0, 0, 0, 0, 0, 0, 0, 0, 0, 0, 0, 0, 0, 0, 0, 0, 0, 0, 0, 0, 0, 0, 0, 0, 0, 0, 0, 1, 0, 1, 1, 0, 0, 1, 0, 0, 0, 0, 0, 1, 0, 0, 0, 0, 0, 0, 0, 0, 0, 0, 0, 0, 0, 0, 0, 0, 0, 0, 0, 0, 0, 0, 0, 0, 0, 0, 1, 1, 1, 1, 1, 1, 1, 1, 0, 0, 0, 0, 0, 0, 0, 0, 0, 1, 1, 0, 1, 1, 1, 1, 0, 0, 0, 1, 0, 1, 0, 0, 0, 0, 0, 0, 0, 0, 0, 0, 0, 0, 0, 0, 0, 0, 0, 0, 1, 0, 0, 0, 1, 1, 0, 0, 0, 0, 0, 0, 0, 0, 0, 0, 0, 0, 0, 0, 0, 0, 0, 0, 1, 1, 1, 1, 1, 1, 1, 0, 0, 0, 0, 0, 0, 0, 0, 0, 0, 0, 0, 0, 0, 0, 0, 0, 0, 0, 0, 0, 0, 0, 0, 0, 0, 0, 1, 0, 1, 1, 0, 0, 0, 0, 0, 0, 0, 0, 0, 0, 0, 1, 0, 1, 0, 0, 0, 0, 0, 0, 0, 0, 0, 0, 0, 0, 0, 0, 0, 0, 0, 0, 0, 1, 0, 0, 0, 0, 1, 0, 1, 0, 0, 1, 0, 0, 1, 1, 1, 1, 0, 0, 0, 0, 0, 0, 0, 0, 1, 0, 0, 0, 0, 0, 0, 0, 0, 0, 1, 0, 1, 1, 1, 0, 0, 0, 0, 0, 1, 0, 1, 1, 0, 0, 0, 0, 0, 0, 0, 0, 1, 0, 1, 0, 1, 1, 1, 1, 0, 0, 0, 0, 0, 0, 0, 0, 1, 0, 0, 0, 0, 0, 0, 0, 0, 0, 0, 0, 0, 0, 0, 0, 0, 0, 0, 1, 0, 0, 0, 0, 0, 0, 0, 0, 0, 0, 0, 0, 0, 1, 0, 0, 0, 1, 0, 0, 0, 0, 1, 1, 1, 1, 0, 0, 0, 0, 1, 0, 1, 0, 1, 1, 0, 0, 0, 0, 0, 0, 0, 0, 0, 0, 0, 0, 0, 0, 0, 0, 0, 0, 0, 0, 0, 0, 0, 0, 0, 0, 0, 0, 0, 1, 0, 0, 1, 0, 1, 1, 0, 1, 1, 1, 0, 0, 0, 0, 0, 0, 0, 0, 0, 0, 0, 0, 0, 0, 0, 0, 0, 0, 0, 0, 0, 0, 0, 0, 0, 0, 0, 0, 0, 0, 0, 0, 1, 1, 1, 0, 0, 0, 1, 0, 0, 0, 0, 0, 0, 0, 0, 0, 0, 0, 0, 0, 0, 0, 0, 0, 0, 0, 0, 0, 0, 0, 0, 0, 0, 0, 0, 1, 0, 0, 0, 0, 0, 0, 0, 0, 0, 0, 0, 0, 1, 0, 1, 0, 0, 0, 1, 0, 0, 0, 0, 0, 0, 0, 0, 0, 0, 0, 0, 0, 0, 1, 0, 1, 0, 0, 0, 0, 0, 0, 1, 0, 0, 0, 0, 0, 1, 0, 1, 0, 1, 0, 1, 1, 1, 0, 1, 1, 0, 0, 0, 0, 0, 0, 0, 0, 1, 1, 1, 1, 1, 1, 1, 1, 0, 0, 0, 0, 1, 1, 0, 0, 0, 0, 0, 1, 0, 0, 0, 0, 1, 0, 0, 0, 0, 0, 0, 0, 0, 0, 0, 0, 0, 0, 0, 0, 1, 1, 0, 0, 0, 0, 0, 0, 0, 0, 0, 0, 0, 1, 1, 0, 0, 1, 0, 0, 0, 0, 0, 0, 0, 0, 0, 0, 0, 0, 0, 0, 0, 0, 0, 1, 1, 0, 0, 0, 1, 1, 0, 0, 0, 0, 0, 0, 0, 0, 0, 0, 0, 0, 0, 0, 0, 0, 0, 0, 0, 0, 1, 1, 1, 1, 1, 1, 1, 0, 1, 1, 1, 0, 1, 1, 0, 1, 1, 1, 0, 0, 0, 0, 0, 0, 0, 0, 0, 0, 0, 0, 0, 0, 0, 0, 0, 0, 0, 1, 0, 1, 1, 0, 0, 0, 0, 0, 0, 0, 0, 0, 0, 0, 0, 0, 0, 0, 0, 0, 0, 0, 0, 0, 0, 0, 0, 1, 1, 0, 0, 1, 0, 0, 0, 0, 0, 1, 0, 0, 0, 1, 0, 1, 0, 1, 0, 0, 0, 0, 1, 1, 0, 0, 0, 0, 0, 0, 0, 0, 0, 0, 0, 0, 0, 0, 0, 0, 0, 0, 0, 0, 0, 0, 0, 0, 0, 0, 0, 0, 1, 0, 0, 0, 0, 0, 0, 1, 1, 1, 1, 0, 0, 0, 0, 0, 0, 0, 0, 0, 0, 0, 0, 0, 0, 0, 0, 0, 0, 0, 0, 0, 0, 0, 0, 0, 0, 0, 1, 0, 0, 0, 0, 1, 0, 0, 0, 0, 0, 0, 0, 1, 1, 1, 0, 0, 0, 1, 0, 0, 0, 0, 1, 1, 0, 0, 1, 0, 0, 0, 0, 0, 0, 0, 0, 0, 0, 1, 0, 0, 0, 0, 0, 1, 0, 0, 0, 1, 0, 0, 0, 0, 1, 0, 1, 0, 1, 1, 1, 1, 0, 0, 0, 0, 0, 0, 0, 1, 1, 1, 1, 0, 0, 0, 0, 0, 0, 0, 0, 1, 0, 0, 0, 0, 0, 0, 0, 0, 0, 0, 0, 0, 0, 1, 0, 1, 0, 1, 0, 1, 0, 0, 0, 0, 0, 0, 0, 0, 0, 1, 0, 0, 0, 0, 1, 1, 0, 0, 0, 0, 1, 0, 0, 0, 0, 0, 0, 0, 0, 0, 0, 0, 0, 0, 0, 0, 0, 0, 0, 0, 0, 0, 0, 0, 1, 0, 0, 0, 0, 0, 0, 0, 0, 0, 0, 0, 0, 0, 0, 0, 0, 0, 0, 0, 0, 0, 0, 0, 0, 0, 0, 0, 1, 1, 1, 1, 1, 0, 0, 1, 1, 0, 0, 0, 0, 0, 0, 0, 0, 0, 0, 0, 0, 0, 0, 1, 0, 1, 0, 1, 1, 0, 1, 0, 0, 1, 1, 1, 1, 1, 0, 1, 0, 0, 0, 0, 1, 0, 0, 0, 0, 0, 0, 1, 0, 0, 1, 0, 0, 0, 0, 0, 0, 0, 0, 0, 1, 1, 1, 1, 1, 1, 0, 0, 0, 0, 1, 0, 1, 0, 0, 0, 1, 0, 0, 1, 1, 1, 1, 0, 0, 0, 0, 0, 0, 0, 0, 0, 0, 0, 0, 0, 0, 0, 0, 0, 1, 0, 0, 1, 1, 1, 1, 0, 0, 0, 0, 0, 0, 0, 0, 0, 1, 1, 1, 1, 1, 1, 1, 1, 0, 0, 1, 0, 1, 1, 1, 1, 0, 0, 0, 1, 0, 0, 1, 0, 0, 0, 0, 0, 0, 0, 0, 0, 0, 0, 0, 0, 0, 0, 0, 0, 0, 0, 0, 0, 0, 0, 1, 0, 0, 1, 1, 1, 0, 1, 1, 1, 0, 0, 0, 1, 0, 0, 0, 0, 0, 0, 0, 1, 0, 0, 0, 0, 1, 0, 0, 0, 0, 0, 0, 1, 0, 0, 0, 0, 0, 0, 0, 0, 0, 0, 0, 1, 0, 0, 0, 0, 0, 0, 0, 0, 0, 0, 0, 0, 0, 0, 1, 0, 0, 0, 0, 0, 0, 0, 1, 0, 0, 1, 0, 0, 0, 0, 1, 0, 0, 0, 0, 0, 0, 1, 1, 0, 0, 0, 0, 0, 0, 0, 1, 1, 0, 0, 0, 0, 0, 0, 0, 1, 0, 0, 0, 0, 1, 1, 1, 1, 1, 1, 1, 1, 1, 1, 1, 1, 1, 0, 1, 1, 0, 0, 0, 0, 0, 0, 1, 1, 0, 1, 0, 1, 0, 0, 0, 0, 0, 0, 0, 0, 0, 0, 0, 0, 1, 0, 1, 1, 1, 0, 1, 1, 0, 0, 0, 0, 1, 0, 0, 0, 1, 1, 1, 1, 0, 1, 1, 1, 0, 0, 0, 0, 0, 0, 1, 0, 0, 0, 0, 0, 0, 0, 0, 0, 0, 0, 0, 0, 0, 1, 0, 0, 0, 0, 0, 0, 0, 0, 0, 0, 0, 0, 0, 0, 0, 0, 0, 0, 0, 0, 0, 0, 0, 0, 1, 0, 0, 0, 0, 0, 0, 0, 0, 1, 0, 0, 0, 1, 1, 0, 1, 0, 0, 1, 1, 1, 1, 1, 1, 0, 0, 0, 0, 0, 0, 0, 0, 0, 1, 1, 0, 0, 0, 0, 0, 1, 0, 1, 0, 0, 0, 0, 0, 0, 0, 0, 0, 0, 0, 1, 0, 1, 0, 0, 0, 0, 0, 1, 1, 0, 1, 1, 1, 1, 0, 0, 1, 1, 0, 0, 0, 0, 0, 0, 0, 0, 0, 0, 0, 0, 1, 0, 0, 0, 0, 0, 1, 0, 0, 0, 0, 0, 0, 0, 0, 1, 0, 0, 0, 0, 0, 0, 0, 0, 0, 0, 0, 0, 0, 0, 0, 0, 0, 0, 0, 0, 0, 0, 0, 0, 0, 0, 0, 0, 0, 0, 0, 0, 0, 0, 0, 0, 0, 0, 0, 0, 0, 0, 0, 0, 1, 0, 0, 0, 0, 1, 0, 0, 1, 0, 0, 0, 0, 0, 0, 0, 0, 0, 0, 1, 1, 0, 1, 0, 0, 1, 0, 1, 1, 1, 0, 0, 0, 0, 0, 0, 0, 0, 1, 0, 0, 0, 0, 0, 0, 0, 0, 0, 0, 0, 0, 0, 0, 0, 0, 0, 0, 0, 0, 0, 0, 0, 0, 0, 0, 0, 0, 0, 0, 0, 1, 0, 0, 0, 0, 0, 0, 0, 0, 0, 0, 0, 0, 0, 1, 1, 0, 0, 0, 0, 0, 0, 0, 0, 0, 1, 1, 0, 0, 0, 0, 0, 0, 0, 0, 0, 0, 0, 0, 0, 0, 0, 0, 0, 0, 0, 0, 0, 0, 0, 0, 1, 0, 0, 0, 0, 0, 0, 0, 0, 0, 0, 0, 0, 0, 0, 1, 0, 0, 0, 0, 0, 0, 1, 0, 0, 0, 1, 0, 0, 0, 0, 0, 0, 0, 1, 0, 0, 0, 0, 0, 0, 0, 0, 0, 0, 0, 0, 0, 0, 0, 0, 0, 0, 0, 0, 0, 0, 0, 0, 0, 0, 0, 0, 0, 0, 0, 0, 0, 0, 0, 0, 0, 1, 0, 0, 0, 0, 0, 0, 0, 0, 1, 0, 0, 0, 0, 0, 0, 0, 0, 0, 0, 0, 0, 0, 0, 0, 0, 0, 0, 1, 0, 0, 1, 1, 1, 0, 0, 1, 1, 0, 1, 1, 0, 0, 1, 1, 0, 1, 0, 1, 0, 0, 0, 0, 0, 1, 1, 0, 0, 0, 1, 0, 0, 1, 0, 0, 0, 0, 0, 1, 0, 1, 0, 0, 1, 0, 0, 0, 0, 0, 0, 0, 0, 0, 0, 0, 0, 0, 0, 1, 0, 0, 0, 0, 0, 0, 0, 0, 0, 0, 0, 0, 0, 0, 0, 0, 0, 0, 0, 0, 0, 0, 1, 0, 0, 0, 1, 0, 0, 0, 0, 0, 0, 0, 0, 0, 0, 0, 0, 1, 1, 0, 1, 0, 1, 0, 0, 1, 0, 0, 0, 0, 0, 0, 0, 0, 0, 0, 0, 0, 0, 0, 0, 0, 0, 0, 0, 0, 0, 0, 1, 0, 1, 0, 0, 0, 0, 0, 0, 0, 0, 0, 0, 1, 0, 0, 0, 0, 0, 0, 0, 0, 0, 0, 0, 0, 0, 0, 0, 1, 1, 0, 0, 0, 0, 0, 0, 0, 0, 0, 0, 0, 0, 0, 0, 0, 0, 0, 0, 0, 0, 0, 0, 0, 0, 0, 0, 0, 0, 0, 0, 0, 0, 0, 0, 0, 0, 0, 0, 0, 0, 0, 0, 0, 0, 0, 0, 0, 0, 1, 0, 0, 0, 1, 0, 0, 0, 0, 0, 0, 0, 0, 0, 0, 0, 0, 0, 0, 0, 0, 0, 0, 0, 0, 0, 0, 0, 0, 0, 0, 0, 0, 0, 0, 0, 0, 0, 0, 0, 0, 0, 0, 0, 0, 0, 0, 0, 0, 0, 0, 0, 1, 1, 0, 0, 0, 0, 0, 0, 0, 0, 0, 0, 0, 0, 0, 0, 0, 0, 0, 0, 0, 0, 0, 0, 0, 0, 0, 0, 0, 0, 0, 0, 0, 0, 0, 0, 0, 0, 0, 0, 0, 0, 0, 0, 0, 0, 0, 0, 0, 0, 0, 0, 0, 1, 1, 1, 1, 1, 1, 1, 1, 0, 0, 0, 0, 0, 0, 0, 0, 0, 0, 0, 0, 0, 0, 0, 0, 1, 0, 0, 0, 0, 1, 1, 0, 0, 0, 0, 0, 0, 0, 0, 0, 0, 0, 0, 0, 0, 0, 0, 0, 0, 0, 0, 0, 0, 0, 0, 0, 0, 0, 0, 0, 0, 0, 0, 0, 0, 0, 1, 0, 0, 0, 0, 0, 0, 0, 0, 0, 0, 0, 0, 0, 0, 0, 0, 1, 0, 1, 0, 0, 0, 0, 0, 0, 0, 0, 0, 0, 0, 0, 0, 0, 0, 0, 0, 0, 0, 0, 0, 0, 1, 0, 0, 0, 1, 0, 1, 0, 1, 1, 0, 0, 0, 0, 0, 1, 1, 0, 0, 0, 0, 0, 0, 0, 1, 0, 0, 0, 0, 0, 0, 0, 0, 0, 0, 0, 0, 0, 0, 0, 0, 0, 1, 0, 0, 0, 0, 0, 0, 0, 0, 0, 1, 1, 1, 1, 0, 0, 1, 1, 0, 0, 0, 0, 0, 0, 0, 0, 0, 0, 0, 0, 0, 0, 0, 0, 0, 0, 0, 0, 0, 0, 0, 0, 1, 0, 0, 0, 0, 0, 0, 0, 0, 0, 0, 1, 0, 0, 0, 1, 1, 1, 0, 1, 0, 1, 0, 0, 0, 0, 0, 1, 0, 1, 0, 0, 0, 0, 0, 0, 0, 0, 0, 0, 0, 0, 0, 1, 1, 1, 1, 1, 1, 0, 0, 0, 1, 1, 0, 0, 1, 0, 0, 0, 0, 0, 0, 0, 0, 1, 1, 1, 1, 1, 1, 1, 1, 1, 1, 1, 1, 1, 0, 0, 0, 1, 1, 1, 1, 0, 1, 0, 0, 0, 0, 0, 0, 0, 0, 0, 1, 0, 0, 0, 0, 0, 0, 0, 0, 0, 0, 0, 0, 1, 0, 0, 1, 1, 0, 0, 0, 0, 0, 0, 0, 1, 0, 0, 1, 0, 0, 0, 1, 1, 1, 0, 0, 1, 1, 0, 0, 1, 0, 0, 1, 0, 1, 0, 0, 0, 0, 0, 1, 0, 0, 0, 1, 0, 0, 0, 0, 0, 0, 0, 1, 0, 1, 1, 1, 0, 1, 1, 0, 1, 0, 0, 0, 0, 0, 0, 0, 0, 0, 0, 0, 0, 0, 0, 0, 0, 0, 0, 0, 0, 0, 0, 0, 0, 1, 0, 0, 0, 1, 1, 1, 0, 0, 1, 0, 0, 1, 0, 0, 0, 0, 0, 0, 0, 0, 0, 0, 0, 0, 0, 0, 0, 0, 0, 0, 0, 0, 0, 0, 0, 0, 0, 0, 0, 0, 0, 0, 0, 0, 0, 0, 0, 0, 0, 0, 0, 0, 0, 0, 0, 0, 0, 1, 1, 0, 0, 0, 0, 0, 0, 0, 0, 0, 0, 1, 0, 0, 0, 0, 0, 1, 0, 0, 1, 1, 0, 0, 0, 0, 1, 0, 1, 0, 0, 0, 0, 0, 0, 0, 0, 0, 0, 0, 0, 1, 0, 0, 0, 0, 0, 0, 0, 0, 0, 0, 0, 0, 0, 0, 0, 0, 0, 0, 0, 0, 1, 0, 1, 0, 0, 0, 0, 0, 1, 0, 1, 1, 0, 0, 0, 0, 0, 0, 0, 0, 0, 0, 1, 1, 0, 1, 0, 0, 0, 0, 0, 0, 0, 0, 0, 1, 0, 1, 0, 0, 1, 1, 1, 0, 1, 0, 0, 0, 0, 0, 0, 0, 0, 0, 0, 0, 1, 0, 0, 0, 1, 0, 0, 0, 0, 0, 0, 0, 0, 0, 0, 0, 0, 0, 0, 0, 0, 0, 1, 0, 0, 0, 0, 0, 1, 0, 0, 0, 0, 0, 0, 0, 0, 0, 0, 0, 0, 0, 0, 0, 1, 1, 1, 0, 1, 1, 1, 0, 1]}
  [dataset] imagenet_val_20_easy
extract:   0%|          | 0/1 [00:00<?, ?it/s]extract: 100%|██████████| 1/1 [00:00<00:00,  4.71it/s]extract: 100%|██████████| 1/1 [00:00<00:00,  4.71it/s]
extract:   0%|          | 0/8 [00:00<?, ?it/s]extract:  12%|█▎        | 1/8 [00:00<00:04,  1.60it/s]extract:  25%|██▌       | 2/8 [00:01<00:03,  1.78it/s]extract:  38%|███▊      | 3/8 [00:01<00:02,  1.81it/s]extract:  50%|█████     | 4/8 [00:02<00:02,  1.83it/s]extract:  62%|██████▎   | 5/8 [00:02<00:01,  1.92it/s]extract:  75%|███████▌  | 6/8 [00:03<00:01,  1.93it/s]extract:  88%|████████▊ | 7/8 [00:03<00:00,  2.03it/s]extract: 100%|██████████| 8/8 [00:04<00:00,  2.14it/s]extract: 100%|██████████| 8/8 [00:04<00:00,  1.97it/s]
    -> {'top1_accuracy': 0.876, 'ci95_low': 0.848, 'ci95_high': 0.906, 'n_test': 500, 'n_train_per_class': 1, 'n_classes': 20, 'correct_per_example': [0, 0, 0, 1, 1, 0, 1, 0, 0, 0, 1, 0, 1, 1, 1, 0, 1, 0, 0, 0, 1, 0, 1, 1, 0, 1, 1, 1, 1, 1, 1, 1, 1, 1, 1, 1, 1, 1, 1, 1, 1, 1, 1, 1, 1, 1, 1, 1, 1, 1, 1, 1, 1, 1, 1, 1, 1, 1, 1, 1, 1, 1, 1, 1, 1, 1, 1, 1, 1, 1, 1, 1, 1, 1, 1, 1, 1, 1, 1, 1, 1, 1, 1, 0, 0, 1, 1, 1, 0, 1, 1, 1, 1, 1, 0, 1, 1, 1, 1, 0, 1, 0, 1, 0, 1, 0, 1, 0, 0, 1, 0, 1, 1, 1, 1, 0, 0, 1, 1, 0, 0, 1, 0, 0, 0, 1, 1, 1, 1, 1, 1, 1, 1, 0, 1, 1, 1, 1, 1, 1, 1, 1, 1, 1, 1, 1, 1, 1, 1, 1, 1, 1, 1, 1, 1, 1, 1, 1, 1, 1, 1, 1, 1, 1, 1, 1, 1, 1, 1, 1, 1, 1, 1, 1, 1, 1, 1, 1, 1, 1, 1, 1, 1, 1, 1, 1, 1, 1, 1, 1, 1, 1, 1, 1, 1, 1, 1, 1, 1, 1, 1, 1, 1, 1, 1, 1, 1, 1, 1, 1, 1, 1, 1, 1, 1, 1, 1, 1, 1, 1, 1, 1, 1, 1, 1, 1, 1, 1, 1, 1, 1, 1, 1, 1, 1, 1, 1, 1, 1, 1, 1, 1, 1, 1, 1, 1, 1, 1, 1, 1, 1, 1, 1, 1, 1, 1, 1, 1, 1, 1, 1, 1, 1, 1, 1, 1, 1, 1, 1, 1, 1, 1, 1, 1, 1, 1, 0, 1, 0, 1, 1, 1, 1, 1, 1, 0, 0, 1, 1, 1, 1, 1, 1, 1, 1, 1, 1, 1, 1, 1, 1, 1, 1, 1, 1, 1, 1, 1, 1, 1, 1, 1, 1, 1, 1, 1, 1, 1, 1, 1, 1, 1, 1, 1, 1, 1, 1, 1, 1, 1, 1, 1, 1, 1, 1, 1, 0, 1, 1, 1, 1, 1, 1, 1, 1, 1, 1, 1, 1, 1, 1, 1, 1, 1, 1, 1, 0, 1, 1, 1, 1, 1, 1, 1, 1, 1, 1, 1, 1, 1, 0, 1, 1, 1, 1, 1, 1, 1, 1, 1, 1, 1, 1, 1, 1, 1, 1, 1, 1, 1, 1, 1, 1, 1, 1, 1, 1, 1, 1, 1, 0, 1, 0, 0, 0, 1, 0, 0, 0, 0, 1, 0, 0, 0, 0, 1, 0, 0, 0, 0, 0, 0, 0, 0, 0, 1, 1, 1, 1, 1, 1, 1, 1, 1, 1, 1, 1, 1, 1, 1, 1, 1, 1, 1, 1, 1, 1, 1, 1, 1, 1, 1, 1, 1, 1, 1, 1, 1, 1, 1, 1, 1, 1, 1, 1, 1, 1, 1, 1, 1, 1, 1, 1, 1, 1, 1, 1, 1, 1, 1, 1, 1, 1, 1, 1, 1, 0, 1, 1, 1, 1, 1, 1, 1, 1, 1, 1, 1, 1, 1]}
  [dataset] imagenet_val_20_hard
extract:   0%|          | 0/1 [00:00<?, ?it/s]extract: 100%|██████████| 1/1 [00:00<00:00,  5.36it/s]extract: 100%|██████████| 1/1 [00:00<00:00,  5.36it/s]
extract:   0%|          | 0/8 [00:00<?, ?it/s]extract:  12%|█▎        | 1/8 [00:00<00:03,  1.92it/s]extract:  25%|██▌       | 2/8 [00:01<00:03,  1.95it/s]extract:  38%|███▊      | 3/8 [00:01<00:02,  2.07it/s]extract:  50%|█████     | 4/8 [00:01<00:01,  2.07it/s]extract:  62%|██████▎   | 5/8 [00:02<00:01,  2.11it/s]extract:  75%|███████▌  | 6/8 [00:02<00:00,  2.17it/s]extract:  88%|████████▊ | 7/8 [00:03<00:00,  2.22it/s]extract: 100%|██████████| 8/8 [00:03<00:00,  2.37it/s]extract: 100%|██████████| 8/8 [00:03<00:00,  2.20it/s]
    -> {'top1_accuracy': 0.928, 'ci95_low': 0.906, 'ci95_high': 0.95, 'n_test': 500, 'n_train_per_class': 1, 'n_classes': 20, 'correct_per_example': [1, 1, 1, 1, 1, 1, 1, 0, 1, 1, 1, 1, 1, 1, 1, 1, 1, 1, 0, 0, 1, 1, 1, 1, 1, 1, 1, 1, 1, 1, 1, 1, 1, 1, 1, 1, 1, 1, 1, 1, 1, 1, 1, 1, 1, 1, 1, 1, 1, 1, 1, 1, 1, 1, 1, 1, 1, 1, 1, 1, 1, 1, 1, 1, 1, 1, 1, 1, 1, 1, 1, 1, 1, 1, 1, 1, 1, 1, 1, 1, 1, 1, 1, 1, 1, 1, 1, 1, 1, 1, 1, 1, 1, 1, 1, 1, 1, 1, 1, 1, 1, 1, 1, 0, 1, 1, 1, 1, 1, 1, 1, 1, 1, 1, 1, 1, 1, 1, 1, 1, 1, 1, 1, 1, 1, 1, 1, 1, 1, 1, 1, 1, 1, 1, 1, 1, 0, 1, 1, 1, 1, 1, 1, 1, 1, 1, 1, 0, 1, 1, 1, 1, 1, 1, 1, 1, 1, 1, 1, 1, 0, 1, 1, 1, 1, 1, 1, 1, 1, 1, 1, 1, 1, 1, 1, 1, 1, 1, 1, 1, 1, 1, 1, 1, 1, 1, 1, 1, 1, 1, 1, 1, 1, 1, 1, 1, 1, 1, 1, 1, 1, 1, 1, 0, 1, 1, 1, 1, 1, 1, 1, 1, 1, 1, 1, 1, 1, 1, 1, 1, 1, 1, 1, 1, 1, 1, 1, 1, 1, 1, 1, 1, 1, 1, 1, 1, 1, 1, 1, 1, 1, 1, 1, 1, 1, 1, 1, 1, 1, 1, 1, 1, 1, 1, 1, 1, 1, 1, 1, 1, 1, 1, 1, 1, 1, 1, 1, 0, 1, 1, 1, 1, 1, 1, 1, 1, 1, 1, 1, 1, 1, 1, 1, 0, 1, 1, 1, 1, 1, 0, 1, 1, 1, 1, 1, 1, 1, 1, 1, 1, 1, 1, 1, 1, 1, 1, 1, 1, 1, 1, 1, 1, 1, 1, 1, 1, 1, 1, 1, 1, 1, 1, 1, 1, 1, 1, 1, 1, 1, 1, 1, 1, 1, 1, 1, 1, 1, 1, 1, 1, 1, 1, 1, 1, 1, 1, 1, 1, 1, 1, 1, 1, 1, 1, 1, 1, 1, 1, 1, 1, 1, 1, 1, 1, 1, 1, 1, 1, 1, 1, 1, 1, 1, 1, 1, 0, 1, 1, 1, 1, 1, 1, 1, 1, 1, 1, 1, 1, 1, 1, 1, 1, 1, 1, 1, 1, 1, 1, 1, 0, 1, 0, 1, 0, 1, 0, 1, 1, 0, 1, 0, 0, 1, 0, 0, 1, 1, 0, 1, 0, 0, 1, 0, 0, 0, 0, 1, 1, 1, 1, 1, 1, 0, 1, 1, 1, 1, 1, 1, 1, 1, 1, 1, 0, 1, 1, 1, 1, 1, 1, 0, 0, 1, 0, 1, 1, 1, 1, 1, 1, 1, 1, 1, 1, 0, 1, 1, 1, 1, 1, 1, 0, 1, 1, 0, 1, 1, 1, 1, 1, 1, 1, 1, 1, 1, 1, 1, 1, 1, 1, 1, 1, 1, 1, 1, 1, 1, 1, 1, 1]}
  [dataset] fashion_mnist_ood
extract:   0%|          | 0/938 [00:00<?, ?it/s]extract:   0%|          | 1/938 [00:00<02:48,  5.57it/s]extract:   0%|          | 2/938 [00:00<02:52,  5.44it/s]extract:   0%|          | 3/938 [00:00<02:47,  5.60it/s]extract:   0%|          | 4/938 [00:00<02:48,  5.56it/s]extract:   1%|          | 5/938 [00:00<02:44,  5.66it/s]extract:   1%|          | 6/938 [00:01<02:43,  5.71it/s]extract:   1%|          | 7/938 [00:01<02:38,  5.87it/s]extract:   1%|          | 8/938 [00:01<02:37,  5.91it/s]extract:   1%|          | 9/938 [00:01<02:34,  6.00it/s]extract:   1%|          | 10/938 [00:01<02:35,  5.98it/s]extract:   1%|          | 11/938 [00:01<02:33,  6.04it/s]extract:   1%|▏         | 12/938 [00:02<02:31,  6.12it/s]extract:   1%|▏         | 13/938 [00:02<02:30,  6.14it/s]extract:   1%|▏         | 14/938 [00:02<02:28,  6.20it/s]extract:   2%|▏         | 15/938 [00:02<02:30,  6.15it/s]extract:   2%|▏         | 16/938 [00:02<02:42,  5.66it/s]extract:   2%|▏         | 17/938 [00:02<02:53,  5.31it/s]extract:   2%|▏         | 18/938 [00:03<03:00,  5.09it/s]extract:   2%|▏         | 19/938 [00:03<03:05,  4.95it/s]extract:   2%|▏         | 20/938 [00:03<03:09,  4.85it/s]extract:   2%|▏         | 21/938 [00:03<03:11,  4.79it/s]extract:   2%|▏         | 22/938 [00:04<03:15,  4.70it/s]extract:   2%|▏         | 23/938 [00:04<03:01,  5.05it/s]extract:   3%|▎         | 24/938 [00:04<02:56,  5.17it/s]extract:   3%|▎         | 25/938 [00:04<02:48,  5.43it/s]extract:   3%|▎         | 26/938 [00:04<02:43,  5.57it/s]extract:   3%|▎         | 27/938 [00:04<02:38,  5.73it/s]extract:   3%|▎         | 28/938 [00:05<02:36,  5.83it/s]extract:   3%|▎         | 29/938 [00:05<02:32,  5.94it/s]extract:   3%|▎         | 30/938 [00:05<02:31,  5.99it/s]extract:   3%|▎         | 31/938 [00:05<02:29,  6.05it/s]extract:   3%|▎         | 32/938 [00:05<02:28,  6.08it/s]extract:   4%|▎         | 33/938 [00:05<02:28,  6.11it/s]extract:   4%|▎         | 34/938 [00:06<02:27,  6.12it/s]extract:   4%|▎         | 35/938 [00:06<02:27,  6.13it/s]extract:   4%|▍         | 36/938 [00:06<02:27,  6.12it/s]extract:   4%|▍         | 37/938 [00:06<02:26,  6.14it/s]extract:   4%|▍         | 38/938 [00:06<02:27,  6.11it/s]extract:   4%|▍         | 39/938 [00:06<02:26,  6.15it/s]extract:   4%|▍         | 40/938 [00:06<02:26,  6.11it/s]extract:   4%|▍         | 41/938 [00:07<02:26,  6.14it/s]extract:   4%|▍         | 42/938 [00:07<02:26,  6.10it/s]extract:   5%|▍         | 43/938 [00:07<02:27,  6.05it/s]extract:   5%|▍         | 44/938 [00:07<02:27,  6.05it/s]extract:   5%|▍         | 45/938 [00:07<02:26,  6.11it/s]extract:   5%|▍         | 46/938 [00:08<02:39,  5.59it/s]extract:   5%|▌         | 47/938 [00:08<02:47,  5.31it/s]extract:   5%|▌         | 48/938 [00:08<02:53,  5.12it/s]extract:   5%|▌         | 49/938 [00:08<02:57,  5.01it/s]extract:   5%|▌         | 50/938 [00:08<03:00,  4.92it/s]extract:   5%|▌         | 51/938 [00:09<03:02,  4.86it/s]extract:   6%|▌         | 52/938 [00:09<03:03,  4.82it/s]extract:   6%|▌         | 53/938 [00:09<03:05,  4.77it/s]extract:   6%|▌         | 54/938 [00:09<03:07,  4.71it/s]extract:   6%|▌         | 55/938 [00:09<03:08,  4.67it/s]extract:   6%|▌         | 56/938 [00:10<03:10,  4.64it/s]extract:   6%|▌         | 57/938 [00:10<03:10,  4.62it/s]extract:   6%|▌         | 58/938 [00:10<03:10,  4.62it/s]extract:   6%|▋         | 59/938 [00:10<03:10,  4.62it/s]extract:   6%|▋         | 60/938 [00:11<03:11,  4.58it/s]extract:   7%|▋         | 61/938 [00:11<03:11,  4.57it/s]extract:   7%|▋         | 62/938 [00:11<03:11,  4.58it/s]extract:   7%|▋         | 63/938 [00:11<03:10,  4.59it/s]extract:   7%|▋         | 64/938 [00:11<03:10,  4.59it/s]extract:   7%|▋         | 65/938 [00:12<03:11,  4.56it/s]extract:   7%|▋         | 66/938 [00:12<03:10,  4.57it/s]extract:   7%|▋         | 67/938 [00:12<03:10,  4.57it/s]extract:   7%|▋         | 68/938 [00:12<03:10,  4.57it/s]extract:   7%|▋         | 69/938 [00:13<03:09,  4.58it/s]extract:   7%|▋         | 70/938 [00:13<03:09,  4.59it/s]extract:   8%|▊         | 71/938 [00:13<03:09,  4.59it/s]extract:   8%|▊         | 72/938 [00:13<03:08,  4.59it/s]extract:   8%|▊         | 73/938 [00:13<03:10,  4.53it/s]extract:   8%|▊         | 74/938 [00:14<03:11,  4.50it/s]extract:   8%|▊         | 75/938 [00:14<03:12,  4.49it/s]extract:   8%|▊         | 76/938 [00:14<03:12,  4.48it/s]extract:   8%|▊         | 77/938 [00:14<03:12,  4.47it/s]extract:   8%|▊         | 78/938 [00:15<03:12,  4.48it/s]extract:   8%|▊         | 79/938 [00:15<03:11,  4.48it/s]extract:   9%|▊         | 80/938 [00:15<03:11,  4.49it/s]extract:   9%|▊         | 81/938 [00:15<03:10,  4.49it/s]extract:   9%|▊         | 82/938 [00:15<03:10,  4.50it/s]extract:   9%|▉         | 83/938 [00:16<03:10,  4.50it/s]extract:   9%|▉         | 84/938 [00:16<03:10,  4.48it/s]extract:   9%|▉         | 85/938 [00:16<03:09,  4.50it/s]extract:   9%|▉         | 86/938 [00:16<03:08,  4.52it/s]extract:   9%|▉         | 87/938 [00:17<03:08,  4.52it/s]extract:   9%|▉         | 88/938 [00:17<03:08,  4.50it/s]extract:   9%|▉         | 89/938 [00:17<03:08,  4.50it/s]extract:  10%|▉         | 90/938 [00:17<03:07,  4.51it/s]extract:  10%|▉         | 91/938 [00:17<03:07,  4.52it/s]extract:  10%|▉         | 92/938 [00:18<03:08,  4.49it/s]extract:  10%|▉         | 93/938 [00:18<03:07,  4.50it/s]extract:  10%|█         | 94/938 [00:18<03:07,  4.51it/s]extract:  10%|█         | 95/938 [00:18<03:06,  4.52it/s]extract:  10%|█         | 96/938 [00:18<03:06,  4.53it/s]extract:  10%|█         | 97/938 [00:19<03:05,  4.53it/s]extract:  10%|█         | 98/938 [00:19<03:05,  4.52it/s]extract:  11%|█         | 99/938 [00:19<03:05,  4.52it/s]extract:  11%|█         | 100/938 [00:19<03:05,  4.52it/s]extract:  11%|█         | 101/938 [00:20<03:04,  4.53it/s]extract:  11%|█         | 102/938 [00:20<03:04,  4.53it/s]extract:  11%|█         | 103/938 [00:20<03:03,  4.54it/s]extract:  11%|█         | 104/938 [00:20<03:03,  4.54it/s]extract:  11%|█         | 105/938 [00:20<03:03,  4.55it/s]extract:  11%|█▏        | 106/938 [00:21<03:02,  4.55it/s]extract:  11%|█▏        | 107/938 [00:21<03:02,  4.55it/s]extract:  12%|█▏        | 108/938 [00:21<03:02,  4.55it/s]extract:  12%|█▏        | 109/938 [00:21<03:02,  4.55it/s]extract:  12%|█▏        | 110/938 [00:22<03:02,  4.54it/s]extract:  12%|█▏        | 111/938 [00:22<03:02,  4.54it/s]extract:  12%|█▏        | 112/938 [00:22<03:01,  4.55it/s]extract:  12%|█▏        | 113/938 [00:22<03:01,  4.55it/s]extract:  12%|█▏        | 114/938 [00:22<03:00,  4.55it/s]extract:  12%|█▏        | 115/938 [00:23<03:00,  4.55it/s]extract:  12%|█▏        | 116/938 [00:23<03:00,  4.55it/s]extract:  12%|█▏        | 117/938 [00:23<03:00,  4.55it/s]extract:  13%|█▎        | 118/938 [00:23<03:00,  4.55it/s]extract:  13%|█▎        | 119/938 [00:24<03:00,  4.55it/s]extract:  13%|█▎        | 120/938 [00:24<02:59,  4.55it/s]extract:  13%|█▎        | 121/938 [00:24<02:59,  4.55it/s]extract:  13%|█▎        | 122/938 [00:24<02:59,  4.56it/s]extract:  13%|█▎        | 123/938 [00:24<02:58,  4.56it/s]extract:  13%|█▎        | 124/938 [00:25<02:58,  4.56it/s]extract:  13%|█▎        | 125/938 [00:25<02:57,  4.57it/s]extract:  13%|█▎        | 126/938 [00:25<02:58,  4.56it/s]extract:  14%|█▎        | 127/938 [00:25<02:58,  4.54it/s]extract:  14%|█▎        | 128/938 [00:26<02:59,  4.51it/s]extract:  14%|█▍        | 129/938 [00:26<02:59,  4.52it/s]extract:  14%|█▍        | 130/938 [00:26<02:58,  4.52it/s]extract:  14%|█▍        | 131/938 [00:26<02:58,  4.53it/s]extract:  14%|█▍        | 132/938 [00:26<02:57,  4.53it/s]extract:  14%|█▍        | 133/938 [00:27<02:57,  4.53it/s]extract:  14%|█▍        | 134/938 [00:27<02:57,  4.54it/s]extract:  14%|█▍        | 135/938 [00:27<02:56,  4.55it/s]extract:  14%|█▍        | 136/938 [00:27<02:56,  4.55it/s]extract:  15%|█▍        | 137/938 [00:28<02:56,  4.55it/s]extract:  15%|█▍        | 138/938 [00:28<02:55,  4.55it/s]extract:  15%|█▍        | 139/938 [00:28<02:55,  4.55it/s]extract:  15%|█▍        | 140/938 [00:28<02:55,  4.55it/s]extract:  15%|█▌        | 141/938 [00:28<02:55,  4.55it/s]extract:  15%|█▌        | 142/938 [00:29<02:54,  4.55it/s]extract:  15%|█▌        | 143/938 [00:29<02:54,  4.57it/s]extract:  15%|█▌        | 144/938 [00:29<02:54,  4.56it/s]extract:  15%|█▌        | 145/938 [00:29<02:54,  4.56it/s]extract:  16%|█▌        | 146/938 [00:29<02:53,  4.56it/s]extract:  16%|█▌        | 147/938 [00:30<02:53,  4.56it/s]extract:  16%|█▌        | 148/938 [00:30<02:53,  4.56it/s]extract:  16%|█▌        | 149/938 [00:30<02:52,  4.56it/s]extract:  16%|█▌        | 150/938 [00:30<02:52,  4.56it/s]extract:  16%|█▌        | 151/938 [00:31<02:52,  4.56it/s]extract:  16%|█▌        | 152/938 [00:31<02:52,  4.56it/s]extract:  16%|█▋        | 153/938 [00:31<02:52,  4.56it/s]extract:  16%|█▋        | 154/938 [00:31<02:51,  4.56it/s]extract:  17%|█▋        | 155/938 [00:31<02:51,  4.56it/s]extract:  17%|█▋        | 156/938 [00:32<02:48,  4.65it/s]extract:  17%|█▋        | 157/938 [00:32<02:49,  4.62it/s]extract:  17%|█▋        | 158/938 [00:32<02:49,  4.61it/s]extract:  17%|█▋        | 159/938 [00:32<02:50,  4.57it/s]extract:  17%|█▋        | 160/938 [00:33<02:50,  4.55it/s]extract:  17%|█▋        | 161/938 [00:33<02:51,  4.53it/s]extract:  17%|█▋        | 162/938 [00:33<02:51,  4.54it/s]extract:  17%|█▋        | 163/938 [00:33<02:50,  4.54it/s]extract:  17%|█▋        | 164/938 [00:33<02:50,  4.53it/s]extract:  18%|█▊        | 165/938 [00:34<02:50,  4.54it/s]extract:  18%|█▊        | 166/938 [00:34<02:49,  4.55it/s]extract:  18%|█▊        | 167/938 [00:34<02:49,  4.55it/s]extract:  18%|█▊        | 168/938 [00:34<02:49,  4.55it/s]extract:  18%|█▊        | 169/938 [00:35<02:48,  4.56it/s]extract:  18%|█▊        | 170/938 [00:35<02:48,  4.56it/s]extract:  18%|█▊        | 171/938 [00:35<02:48,  4.56it/s]extract:  18%|█▊        | 172/938 [00:35<02:47,  4.57it/s]extract:  18%|█▊        | 173/938 [00:35<02:47,  4.57it/s]extract:  19%|█▊        | 174/938 [00:36<02:46,  4.60it/s]extract:  19%|█▊        | 175/938 [00:36<02:45,  4.60it/s]extract:  19%|█▉        | 176/938 [00:36<02:45,  4.59it/s]extract:  19%|█▉        | 177/938 [00:36<02:45,  4.59it/s]extract:  19%|█▉        | 178/938 [00:36<02:45,  4.58it/s]extract:  19%|█▉        | 179/938 [00:37<02:45,  4.58it/s]extract:  19%|█▉        | 180/938 [00:37<02:44,  4.59it/s]extract:  19%|█▉        | 181/938 [00:37<02:44,  4.60it/s]extract:  19%|█▉        | 182/938 [00:37<02:45,  4.57it/s]extract:  20%|█▉        | 183/938 [00:38<02:45,  4.56it/s]extract:  20%|█▉        | 184/938 [00:38<02:45,  4.57it/s]extract:  20%|█▉        | 185/938 [00:38<02:44,  4.58it/s]extract:  20%|█▉        | 186/938 [00:38<02:44,  4.58it/s]extract:  20%|█▉        | 187/938 [00:38<02:44,  4.57it/s]extract:  20%|██        | 188/938 [00:39<02:44,  4.57it/s]extract:  20%|██        | 189/938 [00:39<02:43,  4.57it/s]extract:  20%|██        | 190/938 [00:39<02:43,  4.58it/s]extract:  20%|██        | 191/938 [00:39<02:42,  4.59it/s]extract:  20%|██        | 192/938 [00:40<02:41,  4.62it/s]extract:  21%|██        | 193/938 [00:40<02:41,  4.61it/s]extract:  21%|██        | 194/938 [00:40<02:41,  4.62it/s]extract:  21%|██        | 195/938 [00:40<02:41,  4.60it/s]extract:  21%|██        | 196/938 [00:42<09:21,  1.32it/s]extract:  21%|██        | 197/938 [00:43<09:45,  1.27it/s]extract:  21%|██        | 198/938 [00:43<07:38,  1.61it/s]extract:  21%|██        | 199/938 [00:44<06:10,  1.99it/s]extract:  21%|██▏       | 200/938 [00:44<05:08,  2.39it/s]extract:  21%|██▏       | 201/938 [00:44<04:24,  2.78it/s]extract:  22%|██▏       | 202/938 [00:44<03:54,  3.14it/s]extract:  22%|██▏       | 203/938 [00:44<03:32,  3.46it/s]extract:  22%|██▏       | 204/938 [00:45<03:17,  3.72it/s]extract:  22%|██▏       | 205/938 [00:45<03:07,  3.91it/s]extract:  22%|██▏       | 206/938 [00:45<03:00,  4.06it/s]extract:  22%|██▏       | 207/938 [00:45<02:55,  4.17it/s]extract:  22%|██▏       | 208/938 [00:46<02:50,  4.27it/s]extract:  22%|██▏       | 209/938 [00:46<02:48,  4.34it/s]extract:  22%|██▏       | 210/938 [00:46<02:45,  4.39it/s]extract:  22%|██▏       | 211/938 [00:46<02:44,  4.43it/s]extract:  23%|██▎       | 212/938 [00:46<02:42,  4.46it/s]extract:  23%|██▎       | 213/938 [00:47<02:42,  4.47it/s]extract:  23%|██▎       | 214/938 [00:47<02:41,  4.49it/s]extract:  23%|██▎       | 215/938 [00:47<02:40,  4.50it/s]extract:  23%|██▎       | 216/938 [00:47<02:40,  4.51it/s]extract:  23%|██▎       | 217/938 [00:48<02:41,  4.46it/s]extract:  23%|██▎       | 218/938 [00:48<02:41,  4.46it/s]extract:  23%|██▎       | 219/938 [00:48<02:40,  4.48it/s]extract:  23%|██▎       | 220/938 [00:48<02:40,  4.48it/s]extract:  24%|██▎       | 221/938 [00:48<02:40,  4.48it/s]extract:  24%|██▎       | 222/938 [00:49<02:39,  4.49it/s]extract:  24%|██▍       | 223/938 [00:49<02:39,  4.49it/s]extract:  24%|██▍       | 224/938 [00:49<02:39,  4.48it/s]extract:  24%|██▍       | 225/938 [00:49<02:38,  4.50it/s]extract:  24%|██▍       | 226/938 [00:50<02:38,  4.49it/s]extract:  24%|██▍       | 227/938 [00:50<02:38,  4.49it/s]extract:  24%|██▍       | 228/938 [00:50<02:37,  4.50it/s]extract:  24%|██▍       | 229/938 [00:50<02:37,  4.49it/s]extract:  25%|██▍       | 230/938 [00:50<02:37,  4.51it/s]extract:  25%|██▍       | 231/938 [00:51<02:36,  4.52it/s]extract:  25%|██▍       | 232/938 [00:51<02:36,  4.51it/s]extract:  25%|██▍       | 233/938 [00:51<02:36,  4.51it/s]extract:  25%|██▍       | 234/938 [00:51<02:35,  4.51it/s]extract:  25%|██▌       | 235/938 [00:52<02:36,  4.50it/s]extract:  25%|██▌       | 236/938 [00:52<02:35,  4.50it/s]extract:  25%|██▌       | 237/938 [00:52<02:35,  4.50it/s]extract:  25%|██▌       | 238/938 [00:52<02:36,  4.49it/s]extract:  25%|██▌       | 239/938 [00:52<02:36,  4.48it/s]extract:  26%|██▌       | 240/938 [00:53<02:36,  4.47it/s]extract:  26%|██▌       | 241/938 [00:53<02:36,  4.45it/s]extract:  26%|██▌       | 242/938 [00:53<02:36,  4.45it/s]extract:  26%|██▌       | 243/938 [00:53<02:35,  4.46it/s]extract:  26%|██▌       | 244/938 [00:54<02:35,  4.46it/s]extract:  26%|██▌       | 245/938 [00:54<02:35,  4.45it/s]extract:  26%|██▌       | 246/938 [00:54<02:33,  4.50it/s]extract:  26%|██▋       | 247/938 [00:54<02:33,  4.51it/s]extract:  26%|██▋       | 248/938 [00:54<02:31,  4.55it/s]extract:  27%|██▋       | 249/938 [00:55<02:31,  4.56it/s]extract:  27%|██▋       | 250/938 [00:55<02:31,  4.54it/s]extract:  27%|██▋       | 251/938 [00:55<02:31,  4.53it/s]extract:  27%|██▋       | 252/938 [00:55<02:31,  4.54it/s]extract:  27%|██▋       | 253/938 [00:56<02:31,  4.53it/s]extract:  27%|██▋       | 254/938 [00:56<02:30,  4.56it/s]extract:  27%|██▋       | 255/938 [00:56<02:30,  4.55it/s]extract:  27%|██▋       | 256/938 [00:56<02:30,  4.52it/s]extract:  27%|██▋       | 257/938 [00:56<02:29,  4.56it/s]extract:  28%|██▊       | 258/938 [00:57<02:28,  4.56it/s]extract:  28%|██▊       | 259/938 [00:57<02:29,  4.54it/s]extract:  28%|██▊       | 260/938 [00:57<02:30,  4.52it/s]extract:  28%|██▊       | 261/938 [00:57<02:29,  4.52it/s]extract:  28%|██▊       | 262/938 [00:58<02:30,  4.49it/s]extract:  28%|██▊       | 263/938 [00:58<02:30,  4.49it/s]extract:  28%|██▊       | 264/938 [00:58<02:29,  4.50it/s]extract:  28%|██▊       | 265/938 [00:58<02:29,  4.49it/s]extract:  28%|██▊       | 266/938 [00:58<02:30,  4.47it/s]extract:  28%|██▊       | 267/938 [00:59<02:27,  4.54it/s]extract:  29%|██▊       | 268/938 [00:59<02:28,  4.51it/s]extract:  29%|██▊       | 269/938 [00:59<02:26,  4.56it/s]extract:  29%|██▉       | 270/938 [00:59<02:27,  4.53it/s]extract:  29%|██▉       | 271/938 [01:00<02:26,  4.55it/s]extract:  29%|██▉       | 272/938 [01:00<02:26,  4.53it/s]extract:  29%|██▉       | 273/938 [01:00<02:25,  4.56it/s]extract:  29%|██▉       | 274/938 [01:00<02:26,  4.53it/s]extract:  29%|██▉       | 275/938 [01:00<02:25,  4.57it/s]extract:  29%|██▉       | 276/938 [01:01<02:24,  4.57it/s]extract:  30%|██▉       | 277/938 [01:01<02:23,  4.60it/s]extract:  30%|██▉       | 278/938 [01:01<02:23,  4.59it/s]extract:  30%|██▉       | 279/938 [01:01<02:23,  4.59it/s]extract:  30%|██▉       | 280/938 [01:01<02:23,  4.59it/s]extract:  30%|██▉       | 281/938 [01:02<02:22,  4.59it/s]extract:  30%|███       | 282/938 [01:02<02:23,  4.56it/s]extract:  30%|███       | 283/938 [01:02<02:23,  4.57it/s]extract:  30%|███       | 284/938 [01:02<02:24,  4.54it/s]extract:  30%|███       | 285/938 [01:03<02:22,  4.58it/s]extract:  30%|███       | 286/938 [01:03<02:23,  4.55it/s]extract:  31%|███       | 287/938 [01:03<02:22,  4.56it/s]extract:  31%|███       | 288/938 [01:03<02:22,  4.57it/s]extract:  31%|███       | 289/938 [01:03<02:21,  4.60it/s]extract:  31%|███       | 290/938 [01:04<02:23,  4.53it/s]extract:  31%|███       | 291/938 [01:04<02:22,  4.56it/s]extract:  31%|███       | 292/938 [01:04<02:22,  4.54it/s]extract:  31%|███       | 293/938 [01:04<02:21,  4.55it/s]extract:  31%|███▏      | 294/938 [01:05<02:21,  4.55it/s]extract:  31%|███▏      | 295/938 [01:05<02:20,  4.58it/s]extract:  32%|███▏      | 296/938 [01:05<02:20,  4.56it/s]extract:  32%|███▏      | 297/938 [01:05<02:21,  4.54it/s]extract:  32%|███▏      | 298/938 [01:05<02:19,  4.58it/s]extract:  32%|███▏      | 299/938 [01:06<02:19,  4.57it/s]extract:  32%|███▏      | 300/938 [01:06<02:20,  4.55it/s]extract:  32%|███▏      | 301/938 [01:06<02:20,  4.52it/s]extract:  32%|███▏      | 302/938 [01:06<02:21,  4.49it/s]extract:  32%|███▏      | 303/938 [01:07<02:22,  4.47it/s]extract:  32%|███▏      | 304/938 [01:07<02:22,  4.45it/s]extract:  33%|███▎      | 305/938 [01:07<02:22,  4.44it/s]extract:  33%|███▎      | 306/938 [01:07<02:22,  4.44it/s]extract:  33%|███▎      | 307/938 [01:07<02:21,  4.45it/s]extract:  33%|███▎      | 308/938 [01:08<02:21,  4.45it/s]extract:  33%|███▎      | 309/938 [01:08<02:20,  4.47it/s]extract:  33%|███▎      | 310/938 [01:08<02:20,  4.46it/s]extract:  33%|███▎      | 311/938 [01:08<02:20,  4.46it/s]extract:  33%|███▎      | 312/938 [01:09<02:19,  4.48it/s]extract:  33%|███▎      | 313/938 [01:09<02:19,  4.47it/s]extract:  33%|███▎      | 314/938 [01:09<02:19,  4.47it/s]extract:  34%|███▎      | 315/938 [01:09<02:19,  4.48it/s]extract:  34%|███▎      | 316/938 [01:09<02:19,  4.47it/s]extract:  34%|███▍      | 317/938 [01:10<02:19,  4.45it/s]extract:  34%|███▍      | 318/938 [01:10<02:19,  4.46it/s]extract:  34%|███▍      | 319/938 [01:10<02:19,  4.44it/s]extract:  34%|███▍      | 320/938 [01:10<02:19,  4.42it/s]extract:  34%|███▍      | 321/938 [01:11<02:19,  4.43it/s]extract:  34%|███▍      | 322/938 [01:11<02:19,  4.43it/s]extract:  34%|███▍      | 323/938 [01:11<02:19,  4.42it/s]extract:  35%|███▍      | 324/938 [01:11<02:17,  4.46it/s]extract:  35%|███▍      | 325/938 [01:11<02:17,  4.45it/s]extract:  35%|███▍      | 326/938 [01:12<02:17,  4.45it/s]extract:  35%|███▍      | 327/938 [01:12<02:16,  4.47it/s]extract:  35%|███▍      | 328/938 [01:12<02:16,  4.46it/s]extract:  35%|███▌      | 329/938 [01:12<02:16,  4.46it/s]extract:  35%|███▌      | 330/938 [01:13<02:15,  4.48it/s]extract:  35%|███▌      | 331/938 [01:13<02:15,  4.47it/s]extract:  35%|███▌      | 332/938 [01:13<02:16,  4.44it/s]extract:  36%|███▌      | 333/938 [01:13<02:15,  4.47it/s]extract:  36%|███▌      | 334/938 [01:13<02:13,  4.54it/s]extract:  36%|███▌      | 335/938 [01:14<02:13,  4.53it/s]extract:  36%|███▌      | 336/938 [01:14<02:12,  4.56it/s]extract:  36%|███▌      | 337/938 [01:14<02:11,  4.57it/s]extract:  36%|███▌      | 338/938 [01:14<02:10,  4.59it/s]extract:  36%|███▌      | 339/938 [01:15<02:10,  4.58it/s]extract:  36%|███▌      | 340/938 [01:15<02:09,  4.62it/s]extract:  36%|███▋      | 341/938 [01:15<02:10,  4.58it/s]extract:  36%|███▋      | 342/938 [01:15<02:09,  4.60it/s]extract:  37%|███▋      | 343/938 [01:15<02:09,  4.60it/s]extract:  37%|███▋      | 344/938 [01:16<02:08,  4.62it/s]extract:  37%|███▋      | 345/938 [01:16<02:07,  4.66it/s]extract:  37%|███▋      | 346/938 [01:16<02:07,  4.64it/s]extract:  37%|███▋      | 347/938 [01:16<02:08,  4.60it/s]extract:  37%|███▋      | 348/938 [01:17<02:08,  4.58it/s]extract:  37%|███▋      | 349/938 [01:17<02:09,  4.55it/s]extract:  37%|███▋      | 350/938 [01:17<02:10,  4.52it/s]extract:  37%|███▋      | 351/938 [01:17<02:10,  4.50it/s]extract:  38%|███▊      | 352/938 [01:17<02:10,  4.50it/s]extract:  38%|███▊      | 353/938 [01:18<02:08,  4.54it/s]extract:  38%|███▊      | 354/938 [01:18<02:08,  4.53it/s]extract:  38%|███▊      | 355/938 [01:18<02:07,  4.59it/s]extract:  38%|███▊      | 356/938 [01:18<02:07,  4.56it/s]extract:  38%|███▊      | 357/938 [01:19<02:06,  4.59it/s]extract:  38%|███▊      | 358/938 [01:19<02:06,  4.60it/s]extract:  38%|███▊      | 359/938 [01:19<02:06,  4.58it/s]extract:  38%|███▊      | 360/938 [01:19<02:04,  4.63it/s]extract:  38%|███▊      | 361/938 [01:19<02:05,  4.58it/s]extract:  39%|███▊      | 362/938 [01:20<02:04,  4.62it/s]extract:  39%|███▊      | 363/938 [01:20<02:04,  4.60it/s]extract:  39%|███▉      | 364/938 [01:20<02:04,  4.62it/s]extract:  39%|███▉      | 365/938 [01:20<02:04,  4.59it/s]extract:  39%|███▉      | 366/938 [01:20<02:04,  4.60it/s]extract:  39%|███▉      | 367/938 [01:21<02:03,  4.61it/s]extract:  39%|███▉      | 368/938 [01:21<02:03,  4.60it/s]extract:  39%|███▉      | 369/938 [01:21<02:02,  4.64it/s]extract:  39%|███▉      | 370/938 [01:21<02:03,  4.60it/s]extract:  40%|███▉      | 371/938 [01:22<02:03,  4.61it/s]extract:  40%|███▉      | 372/938 [01:22<02:03,  4.59it/s]extract:  40%|███▉      | 373/938 [01:22<02:01,  4.64it/s]extract:  40%|███▉      | 374/938 [01:22<02:02,  4.59it/s]extract:  40%|███▉      | 375/938 [01:22<02:01,  4.63it/s]extract:  40%|████      | 376/938 [01:23<02:03,  4.57it/s]extract:  40%|████      | 377/938 [01:23<02:04,  4.51it/s]extract:  40%|████      | 378/938 [01:23<02:04,  4.51it/s]extract:  40%|████      | 379/938 [01:23<02:05,  4.47it/s]extract:  41%|████      | 380/938 [01:24<02:05,  4.43it/s]extract:  41%|████      | 381/938 [01:24<02:05,  4.42it/s]extract:  41%|████      | 382/938 [01:24<02:06,  4.39it/s]extract:  41%|████      | 383/938 [01:24<02:07,  4.36it/s]extract:  41%|████      | 384/938 [01:24<02:06,  4.36it/s]extract:  41%|████      | 385/938 [01:25<02:06,  4.36it/s]extract:  41%|████      | 386/938 [01:25<02:06,  4.35it/s]extract:  41%|████▏     | 387/938 [01:25<02:06,  4.35it/s]extract:  41%|████▏     | 388/938 [01:25<02:06,  4.35it/s]extract:  41%|████▏     | 389/938 [01:26<02:06,  4.35it/s]extract:  42%|████▏     | 390/938 [01:26<02:05,  4.35it/s]extract:  42%|████▏     | 391/938 [01:26<02:05,  4.35it/s]extract:  42%|████▏     | 392/938 [01:26<02:05,  4.35it/s]extract:  42%|████▏     | 393/938 [01:27<02:05,  4.34it/s]extract:  42%|████▏     | 394/938 [01:27<02:05,  4.33it/s]extract:  42%|████▏     | 395/938 [01:27<02:05,  4.32it/s]extract:  42%|████▏     | 396/938 [01:27<02:04,  4.36it/s]extract:  42%|████▏     | 397/938 [01:27<02:02,  4.40it/s]extract:  42%|████▏     | 398/938 [01:28<02:03,  4.36it/s]extract:  43%|████▎     | 399/938 [01:28<02:02,  4.41it/s]extract:  43%|████▎     | 400/938 [01:28<02:01,  4.44it/s]extract:  43%|████▎     | 401/938 [01:28<02:00,  4.46it/s]extract:  43%|████▎     | 402/938 [01:29<01:58,  4.51it/s]extract:  43%|████▎     | 403/938 [01:29<01:57,  4.54it/s]extract:  43%|████▎     | 404/938 [01:29<01:58,  4.50it/s]extract:  43%|████▎     | 405/938 [01:29<02:00,  4.44it/s]extract:  43%|████▎     | 406/938 [01:29<01:58,  4.49it/s]extract:  43%|████▎     | 407/938 [01:30<01:57,  4.53it/s]extract:  43%|████▎     | 408/938 [01:30<01:58,  4.49it/s]extract:  44%|████▎     | 409/938 [01:30<01:59,  4.42it/s]extract:  44%|████▎     | 410/938 [01:30<01:58,  4.44it/s]extract:  44%|████▍     | 411/938 [01:31<01:58,  4.43it/s]extract:  44%|████▍     | 412/938 [01:31<01:57,  4.46it/s]extract:  44%|████▍     | 413/938 [01:31<01:58,  4.43it/s]extract:  44%|████▍     | 414/938 [01:31<01:57,  4.45it/s]extract:  44%|████▍     | 415/938 [01:31<01:56,  4.48it/s]extract:  44%|████▍     | 416/938 [01:32<01:57,  4.43it/s]extract:  44%|████▍     | 417/938 [01:32<01:56,  4.47it/s]extract:  45%|████▍     | 418/938 [01:32<01:55,  4.49it/s]extract:  45%|████▍     | 419/938 [01:32<01:56,  4.44it/s]extract:  45%|████▍     | 420/938 [01:33<01:55,  4.50it/s]extract:  45%|████▍     | 421/938 [01:33<01:56,  4.45it/s]extract:  45%|████▍     | 422/938 [01:33<01:55,  4.48it/s]extract:  45%|████▌     | 423/938 [01:33<01:54,  4.49it/s]extract:  45%|████▌     | 424/938 [01:34<01:55,  4.46it/s]extract:  45%|████▌     | 425/938 [01:34<01:53,  4.50it/s]extract:  45%|████▌     | 426/938 [01:34<01:54,  4.47it/s]extract:  46%|████▌     | 427/938 [01:34<01:53,  4.49it/s]extract:  46%|████▌     | 428/938 [01:34<01:53,  4.48it/s]extract:  46%|████▌     | 429/938 [01:35<01:54,  4.43it/s]extract:  46%|████▌     | 430/938 [01:35<01:53,  4.47it/s]extract:  46%|████▌     | 431/938 [01:35<01:54,  4.43it/s]extract:  46%|████▌     | 432/938 [01:35<01:53,  4.47it/s]extract:  46%|████▌     | 433/938 [01:36<01:53,  4.44it/s]extract:  46%|████▋     | 434/938 [01:36<01:53,  4.45it/s]extract:  46%|████▋     | 435/938 [01:36<01:51,  4.52it/s]extract:  46%|████▋     | 436/938 [01:36<01:52,  4.47it/s]extract:  47%|████▋     | 437/938 [01:36<01:51,  4.51it/s]extract:  47%|████▋     | 438/938 [01:37<01:51,  4.50it/s]extract:  47%|████▋     | 439/938 [01:37<01:51,  4.46it/s]extract:  47%|████▋     | 440/938 [01:37<01:52,  4.42it/s]extract:  47%|████▋     | 441/938 [01:37<01:52,  4.40it/s]extract:  47%|████▋     | 442/938 [01:38<01:52,  4.39it/s]extract:  47%|████▋     | 443/938 [01:38<01:53,  4.37it/s]extract:  47%|████▋     | 444/938 [01:38<01:53,  4.37it/s]extract:  47%|████▋     | 445/938 [01:38<01:53,  4.35it/s]extract:  48%|████▊     | 446/938 [01:38<01:53,  4.34it/s]extract:  48%|████▊     | 447/938 [01:39<01:53,  4.32it/s]extract:  48%|████▊     | 448/938 [01:39<01:53,  4.32it/s]extract:  48%|████▊     | 449/938 [01:39<01:53,  4.32it/s]extract:  48%|████▊     | 450/938 [01:39<01:52,  4.33it/s]extract:  48%|████▊     | 451/938 [01:40<01:52,  4.34it/s]extract:  48%|████▊     | 452/938 [01:40<01:52,  4.33it/s]extract:  48%|████▊     | 453/938 [01:40<01:52,  4.32it/s]extract:  48%|████▊     | 454/938 [01:40<01:52,  4.31it/s]extract:  49%|████▊     | 455/938 [01:41<01:51,  4.31it/s]extract:  49%|████▊     | 456/938 [01:41<01:51,  4.32it/s]extract:  49%|████▊     | 457/938 [01:41<01:50,  4.34it/s]extract:  49%|████▉     | 458/938 [01:41<01:50,  4.34it/s]extract:  49%|████▉     | 459/938 [01:41<01:49,  4.39it/s]extract:  49%|████▉     | 460/938 [01:42<01:48,  4.40it/s]extract:  49%|████▉     | 461/938 [01:42<01:47,  4.43it/s]extract:  49%|████▉     | 462/938 [01:42<01:46,  4.48it/s]extract:  49%|████▉     | 463/938 [01:42<01:46,  4.45it/s]extract:  49%|████▉     | 464/938 [01:43<01:45,  4.50it/s]extract:  50%|████▉     | 465/938 [01:43<01:46,  4.46it/s]extract:  50%|████▉     | 466/938 [01:43<01:45,  4.49it/s]extract:  50%|████▉     | 467/938 [01:43<01:43,  4.53it/s]extract:  50%|████▉     | 468/938 [01:43<01:44,  4.49it/s]extract:  50%|█████     | 469/938 [01:44<01:43,  4.55it/s]extract:  50%|█████     | 470/938 [01:44<01:43,  4.51it/s]extract:  50%|█████     | 471/938 [01:44<01:42,  4.54it/s]extract:  50%|█████     | 472/938 [01:44<01:43,  4.51it/s]extract:  50%|█████     | 473/938 [01:45<01:42,  4.54it/s]extract:  51%|█████     | 474/938 [01:45<01:43,  4.50it/s]extract:  51%|█████     | 475/938 [01:45<01:42,  4.53it/s]extract:  51%|█████     | 476/938 [01:45<01:42,  4.53it/s]extract:  51%|█████     | 477/938 [01:45<01:42,  4.48it/s]extract:  51%|█████     | 478/938 [01:46<01:42,  4.47it/s]extract:  51%|█████     | 479/938 [01:46<01:41,  4.51it/s]extract:  51%|█████     | 480/938 [01:46<01:41,  4.50it/s]extract:  51%|█████▏    | 481/938 [01:46<01:42,  4.45it/s]extract:  51%|█████▏    | 482/938 [01:47<01:43,  4.40it/s]extract:  51%|█████▏    | 483/938 [01:47<01:43,  4.39it/s]extract:  52%|█████▏    | 484/938 [01:47<01:43,  4.37it/s]extract:  52%|█████▏    | 485/938 [01:47<01:43,  4.37it/s]extract:  52%|█████▏    | 486/938 [01:48<01:43,  4.37it/s]extract:  52%|█████▏    | 487/938 [01:48<01:43,  4.37it/s]extract:  52%|█████▏    | 488/938 [01:48<01:42,  4.37it/s]extract:  52%|█████▏    | 489/938 [01:48<01:42,  4.36it/s]extract:  52%|█████▏    | 490/938 [01:48<01:42,  4.36it/s]extract:  52%|█████▏    | 491/938 [01:49<01:42,  4.37it/s]extract:  52%|█████▏    | 492/938 [01:49<01:42,  4.37it/s]extract:  53%|█████▎    | 493/938 [01:49<01:41,  4.37it/s]extract:  53%|█████▎    | 494/938 [01:49<01:41,  4.37it/s]extract:  53%|█████▎    | 495/938 [01:50<01:41,  4.35it/s]extract:  53%|█████▎    | 496/938 [01:50<01:41,  4.33it/s]extract:  53%|█████▎    | 497/938 [01:50<01:41,  4.34it/s]extract:  53%|█████▎    | 498/938 [01:50<01:41,  4.34it/s]extract:  53%|█████▎    | 499/938 [01:50<01:40,  4.35it/s]extract:  53%|█████▎    | 500/938 [01:51<01:40,  4.36it/s]extract:  53%|█████▎    | 501/938 [01:51<01:40,  4.36it/s]extract:  54%|█████▎    | 502/938 [01:51<01:39,  4.37it/s]extract:  54%|█████▎    | 503/938 [01:51<01:39,  4.37it/s]extract:  54%|█████▎    | 504/938 [01:52<01:39,  4.37it/s]extract:  54%|█████▍    | 505/938 [01:52<01:39,  4.37it/s]extract:  54%|█████▍    | 506/938 [01:52<01:38,  4.37it/s]extract:  54%|█████▍    | 507/938 [01:52<01:38,  4.37it/s]extract:  54%|█████▍    | 508/938 [01:53<01:38,  4.37it/s]extract:  54%|█████▍    | 509/938 [01:53<01:38,  4.38it/s]extract:  54%|█████▍    | 510/938 [01:53<01:37,  4.37it/s]extract:  54%|█████▍    | 511/938 [01:53<01:37,  4.37it/s]extract:  55%|█████▍    | 512/938 [01:53<01:38,  4.35it/s]extract:  55%|█████▍    | 513/938 [01:54<01:37,  4.35it/s]extract:  55%|█████▍    | 514/938 [01:54<01:37,  4.36it/s]extract:  55%|█████▍    | 515/938 [01:54<01:36,  4.37it/s]extract:  55%|█████▌    | 516/938 [01:54<01:36,  4.37it/s]extract:  55%|█████▌    | 517/938 [01:55<01:36,  4.37it/s]extract:  55%|█████▌    | 518/938 [01:55<01:35,  4.38it/s]extract:  55%|█████▌    | 519/938 [01:55<01:35,  4.38it/s]extract:  55%|█████▌    | 520/938 [01:55<01:35,  4.38it/s]extract:  56%|█████▌    | 521/938 [01:56<01:35,  4.39it/s]extract:  56%|█████▌    | 522/938 [01:56<01:34,  4.39it/s]extract:  56%|█████▌    | 523/938 [01:56<01:34,  4.40it/s]extract:  56%|█████▌    | 524/938 [01:56<01:34,  4.40it/s]extract:  56%|█████▌    | 525/938 [01:56<01:34,  4.39it/s]extract:  56%|█████▌    | 526/938 [01:57<01:33,  4.39it/s]extract:  56%|█████▌    | 527/938 [01:57<01:33,  4.39it/s]extract:  56%|█████▋    | 528/938 [01:57<01:33,  4.39it/s]extract:  56%|█████▋    | 529/938 [01:57<01:33,  4.39it/s]extract:  57%|█████▋    | 530/938 [01:58<01:33,  4.38it/s]extract:  57%|█████▋    | 531/938 [01:58<01:32,  4.38it/s]extract:  57%|█████▋    | 532/938 [01:58<01:33,  4.36it/s]extract:  57%|█████▋    | 533/938 [01:58<01:33,  4.34it/s]extract:  57%|█████▋    | 534/938 [01:58<01:33,  4.33it/s]extract:  57%|█████▋    | 535/938 [01:59<01:33,  4.33it/s]extract:  57%|█████▋    | 536/938 [01:59<01:32,  4.34it/s]extract:  57%|█████▋    | 537/938 [01:59<01:32,  4.35it/s]extract:  57%|█████▋    | 538/938 [01:59<01:31,  4.36it/s]extract:  57%|█████▋    | 539/938 [02:00<01:31,  4.36it/s]extract:  58%|█████▊    | 540/938 [02:00<01:31,  4.36it/s]extract:  58%|█████▊    | 541/938 [02:00<01:31,  4.36it/s]extract:  58%|█████▊    | 542/938 [02:00<01:30,  4.36it/s]extract:  58%|█████▊    | 543/938 [02:01<01:30,  4.36it/s]extract:  58%|█████▊    | 544/938 [02:01<01:30,  4.35it/s]extract:  58%|█████▊    | 545/938 [02:01<01:30,  4.35it/s]extract:  58%|█████▊    | 546/938 [02:01<01:30,  4.35it/s]extract:  58%|█████▊    | 547/938 [02:01<01:29,  4.36it/s]extract:  58%|█████▊    | 548/938 [02:02<01:29,  4.36it/s]extract:  59%|█████▊    | 549/938 [02:02<01:29,  4.35it/s]extract:  59%|█████▊    | 550/938 [02:02<01:29,  4.35it/s]extract:  59%|█████▊    | 551/938 [02:02<01:28,  4.39it/s]extract:  59%|█████▉    | 552/938 [02:03<01:26,  4.44it/s]extract:  59%|█████▉    | 553/938 [02:03<01:26,  4.47it/s]extract:  59%|█████▉    | 554/938 [02:03<01:26,  4.45it/s]extract:  59%|█████▉    | 555/938 [02:03<01:26,  4.43it/s]extract:  59%|█████▉    | 556/938 [02:04<01:26,  4.43it/s]extract:  59%|█████▉    | 557/938 [02:04<01:25,  4.45it/s]extract:  59%|█████▉    | 558/938 [02:04<01:25,  4.47it/s]extract:  60%|█████▉    | 559/938 [02:04<01:25,  4.42it/s]extract:  60%|█████▉    | 560/938 [02:04<01:25,  4.40it/s]extract:  60%|█████▉    | 561/938 [02:05<01:25,  4.39it/s]extract:  60%|█████▉    | 562/938 [02:05<01:24,  4.43it/s]extract:  60%|██████    | 563/938 [02:05<01:25,  4.41it/s]extract:  60%|██████    | 564/938 [02:05<01:25,  4.38it/s]extract:  60%|██████    | 565/938 [02:06<01:25,  4.35it/s]extract:  60%|██████    | 566/938 [02:06<01:24,  4.39it/s]extract:  60%|██████    | 567/938 [02:06<01:24,  4.41it/s]extract:  61%|██████    | 568/938 [02:06<01:24,  4.37it/s]extract:  61%|██████    | 569/938 [02:06<01:24,  4.36it/s]extract:  61%|██████    | 570/938 [02:07<01:23,  4.41it/s]extract:  61%|██████    | 571/938 [02:07<01:23,  4.42it/s]extract:  61%|██████    | 572/938 [02:07<01:23,  4.39it/s]extract:  61%|██████    | 573/938 [02:07<01:23,  4.38it/s]extract:  61%|██████    | 574/938 [02:08<01:22,  4.43it/s]extract:  61%|██████▏   | 575/938 [02:08<01:21,  4.44it/s]extract:  61%|██████▏   | 576/938 [02:08<01:22,  4.41it/s]extract:  62%|██████▏   | 577/938 [02:08<01:22,  4.39it/s]extract:  62%|██████▏   | 578/938 [02:09<01:21,  4.39it/s]extract:  62%|██████▏   | 579/938 [02:09<01:21,  4.43it/s]extract:  62%|██████▏   | 580/938 [02:09<01:21,  4.41it/s]extract:  62%|██████▏   | 581/938 [02:09<01:20,  4.45it/s]extract:  62%|██████▏   | 582/938 [02:09<01:19,  4.49it/s]extract:  62%|██████▏   | 583/938 [02:10<01:20,  4.44it/s]extract:  62%|██████▏   | 584/938 [02:10<01:19,  4.46it/s]extract:  62%|██████▏   | 585/938 [02:10<01:19,  4.41it/s]extract:  62%|██████▏   | 586/938 [02:10<01:19,  4.43it/s]extract:  63%|██████▎   | 587/938 [02:11<01:20,  4.36it/s]extract:  63%|██████▎   | 588/938 [02:11<01:19,  4.42it/s]extract:  63%|██████▎   | 589/938 [02:11<01:19,  4.39it/s]extract:  63%|██████▎   | 590/938 [02:11<01:18,  4.42it/s]extract:  63%|██████▎   | 591/938 [02:11<01:18,  4.45it/s]extract:  63%|██████▎   | 592/938 [02:12<01:17,  4.46it/s]extract:  63%|██████▎   | 593/938 [02:12<01:18,  4.41it/s]extract:  63%|██████▎   | 594/938 [02:12<01:18,  4.41it/s]extract:  63%|██████▎   | 595/938 [02:12<01:17,  4.43it/s]extract:  64%|██████▎   | 596/938 [02:13<01:16,  4.45it/s]extract:  64%|██████▎   | 597/938 [02:13<01:16,  4.45it/s]extract:  64%|██████▍   | 598/938 [02:13<01:15,  4.48it/s]extract:  64%|██████▍   | 599/938 [02:13<01:15,  4.51it/s]extract:  64%|██████▍   | 600/938 [02:13<01:14,  4.52it/s]extract:  64%|██████▍   | 601/938 [02:14<01:15,  4.47it/s]extract:  64%|██████▍   | 602/938 [02:14<01:15,  4.47it/s]extract:  64%|██████▍   | 603/938 [02:14<01:14,  4.51it/s]extract:  64%|██████▍   | 604/938 [02:14<01:14,  4.46it/s]extract:  64%|██████▍   | 605/938 [02:15<01:14,  4.50it/s]extract:  65%|██████▍   | 606/938 [02:15<01:14,  4.44it/s]extract:  65%|██████▍   | 607/938 [02:15<01:14,  4.45it/s]extract:  65%|██████▍   | 608/938 [02:15<01:13,  4.47it/s]extract:  65%|██████▍   | 609/938 [02:15<01:13,  4.48it/s]extract:  65%|██████▌   | 610/938 [02:16<01:13,  4.45it/s]extract:  65%|██████▌   | 611/938 [02:16<01:13,  4.44it/s]extract:  65%|██████▌   | 612/938 [02:16<01:12,  4.47it/s]extract:  65%|██████▌   | 613/938 [02:16<01:12,  4.49it/s]extract:  65%|██████▌   | 614/938 [02:17<01:11,  4.52it/s]extract:  66%|██████▌   | 615/938 [02:17<01:12,  4.47it/s]extract:  66%|██████▌   | 616/938 [02:17<01:11,  4.48it/s]extract:  66%|██████▌   | 617/938 [02:17<01:11,  4.50it/s]extract:  66%|██████▌   | 618/938 [02:17<01:10,  4.53it/s]extract:  66%|██████▌   | 619/938 [02:18<01:10,  4.53it/s]extract:  66%|██████▌   | 620/938 [02:18<01:10,  4.51it/s]extract:  66%|██████▌   | 621/938 [02:18<01:11,  4.44it/s]extract:  66%|██████▋   | 622/938 [02:18<01:11,  4.45it/s]extract:  66%|██████▋   | 623/938 [02:19<01:10,  4.49it/s]extract:  67%|██████▋   | 624/938 [02:19<01:07,  4.65it/s]extract:  67%|██████▋   | 625/938 [02:19<01:03,  4.90it/s]extract:  67%|██████▋   | 626/938 [02:19<01:01,  5.11it/s]extract:  67%|██████▋   | 627/938 [02:19<00:58,  5.29it/s]extract:  67%|██████▋   | 628/938 [02:19<00:57,  5.43it/s]extract:  67%|██████▋   | 629/938 [02:20<00:56,  5.52it/s]extract:  67%|██████▋   | 630/938 [02:20<00:54,  5.61it/s]extract:  67%|██████▋   | 631/938 [02:20<00:54,  5.65it/s]extract:  67%|██████▋   | 632/938 [02:20<00:54,  5.62it/s]extract:  67%|██████▋   | 633/938 [02:20<00:53,  5.71it/s]extract:  68%|██████▊   | 634/938 [02:21<00:52,  5.74it/s]extract:  68%|██████▊   | 635/938 [02:21<00:52,  5.76it/s]extract:  68%|██████▊   | 636/938 [02:21<00:52,  5.77it/s]extract:  68%|██████▊   | 637/938 [02:21<00:52,  5.78it/s]extract:  68%|██████▊   | 638/938 [02:21<00:51,  5.79it/s]extract:  68%|██████▊   | 639/938 [02:21<00:51,  5.79it/s]extract:  68%|██████▊   | 640/938 [02:22<00:51,  5.79it/s]extract:  68%|██████▊   | 641/938 [02:22<00:51,  5.80it/s]extract:  68%|██████▊   | 642/938 [02:22<00:51,  5.79it/s]extract:  69%|██████▊   | 643/938 [02:22<00:50,  5.80it/s]extract:  69%|██████▊   | 644/938 [02:22<00:50,  5.78it/s]extract:  69%|██████▉   | 645/938 [02:22<00:50,  5.76it/s]extract:  69%|██████▉   | 646/938 [02:23<00:50,  5.80it/s]extract:  69%|██████▉   | 647/938 [02:23<00:50,  5.81it/s]extract:  69%|██████▉   | 648/938 [02:23<00:49,  5.82it/s]extract:  69%|██████▉   | 649/938 [02:23<00:49,  5.83it/s]extract:  69%|██████▉   | 650/938 [02:23<00:49,  5.82it/s]extract:  69%|██████▉   | 651/938 [02:23<00:49,  5.81it/s]extract:  70%|██████▉   | 652/938 [02:24<00:49,  5.81it/s]extract:  70%|██████▉   | 653/938 [02:24<00:49,  5.80it/s]extract:  70%|██████▉   | 654/938 [02:24<00:49,  5.75it/s]extract:  70%|██████▉   | 655/938 [02:24<00:48,  5.78it/s]extract:  70%|██████▉   | 656/938 [02:24<00:48,  5.80it/s]extract:  70%|███████   | 657/938 [02:24<00:48,  5.82it/s]extract:  70%|███████   | 658/938 [02:25<00:47,  5.85it/s]extract:  70%|███████   | 659/938 [02:25<00:47,  5.86it/s]extract:  70%|███████   | 660/938 [02:25<00:47,  5.86it/s]extract:  70%|███████   | 661/938 [02:25<00:47,  5.87it/s]extract:  71%|███████   | 662/938 [02:25<00:46,  5.88it/s]extract:  71%|███████   | 663/938 [02:26<00:46,  5.90it/s]extract:  71%|███████   | 664/938 [02:26<00:46,  5.87it/s]extract:  71%|███████   | 665/938 [02:26<00:46,  5.88it/s]extract:  71%|███████   | 666/938 [02:26<00:45,  5.93it/s]extract:  71%|███████   | 667/938 [02:26<00:46,  5.87it/s]extract:  71%|███████   | 668/938 [02:26<00:45,  5.91it/s]extract:  71%|███████▏  | 669/938 [02:27<00:46,  5.84it/s]extract:  71%|███████▏  | 670/938 [02:27<00:45,  5.91it/s]extract:  72%|███████▏  | 671/938 [02:27<00:45,  5.87it/s]extract:  72%|███████▏  | 672/938 [02:27<00:44,  5.94it/s]extract:  72%|███████▏  | 673/938 [02:27<00:44,  5.89it/s]extract:  72%|███████▏  | 674/938 [02:27<00:44,  5.95it/s]extract:  72%|███████▏  | 675/938 [02:28<00:44,  5.87it/s]extract:  72%|███████▏  | 676/938 [02:28<00:44,  5.94it/s]extract:  72%|███████▏  | 677/938 [02:28<00:44,  5.89it/s]extract:  72%|███████▏  | 678/938 [02:28<00:43,  5.95it/s]extract:  72%|███████▏  | 679/938 [02:28<00:43,  5.91it/s]extract:  72%|███████▏  | 680/938 [02:28<00:43,  5.94it/s]extract:  73%|███████▎  | 681/938 [02:29<00:43,  5.88it/s]extract:  73%|███████▎  | 682/938 [02:29<00:43,  5.95it/s]extract:  73%|███████▎  | 683/938 [02:29<00:43,  5.88it/s]extract:  73%|███████▎  | 684/938 [02:29<00:42,  5.96it/s]extract:  73%|███████▎  | 685/938 [02:29<00:42,  5.90it/s]extract:  73%|███████▎  | 686/938 [02:29<00:42,  5.94it/s]extract:  73%|███████▎  | 687/938 [02:30<00:42,  5.88it/s]extract:  73%|███████▎  | 688/938 [02:30<00:42,  5.92it/s]extract:  73%|███████▎  | 689/938 [02:30<00:42,  5.85it/s]extract:  74%|███████▎  | 690/938 [02:30<00:41,  5.92it/s]extract:  74%|███████▎  | 691/938 [02:30<00:42,  5.84it/s]extract:  74%|███████▍  | 692/938 [02:30<00:41,  5.92it/s]extract:  74%|███████▍  | 693/938 [02:31<00:41,  5.85it/s]extract:  74%|███████▍  | 694/938 [02:31<00:41,  5.91it/s]extract:  74%|███████▍  | 695/938 [02:31<00:41,  5.84it/s]extract:  74%|███████▍  | 696/938 [02:31<00:41,  5.89it/s]extract:  74%|███████▍  | 697/938 [02:31<00:41,  5.83it/s]extract:  74%|███████▍  | 698/938 [02:32<00:45,  5.32it/s]extract:  75%|███████▍  | 699/938 [02:32<00:47,  5.06it/s]extract:  75%|███████▍  | 700/938 [02:32<00:48,  4.87it/s]extract:  75%|███████▍  | 701/938 [02:32<00:49,  4.75it/s]extract:  75%|███████▍  | 702/938 [02:32<00:50,  4.67it/s]extract:  75%|███████▍  | 703/938 [02:33<00:50,  4.61it/s]extract:  75%|███████▌  | 704/938 [02:33<00:51,  4.55it/s]extract:  75%|███████▌  | 705/938 [02:33<00:51,  4.51it/s]extract:  75%|███████▌  | 706/938 [02:33<00:50,  4.55it/s]extract:  75%|███████▌  | 707/938 [02:34<00:50,  4.53it/s]extract:  75%|███████▌  | 708/938 [02:34<00:51,  4.49it/s]extract:  76%|███████▌  | 709/938 [02:34<00:51,  4.45it/s]extract:  76%|███████▌  | 710/938 [02:34<00:51,  4.42it/s]extract:  76%|███████▌  | 711/938 [02:34<00:51,  4.42it/s]extract:  76%|███████▌  | 712/938 [02:35<00:50,  4.44it/s]extract:  76%|███████▌  | 713/938 [02:35<00:50,  4.41it/s]extract:  76%|███████▌  | 714/938 [02:35<00:51,  4.39it/s]extract:  76%|███████▌  | 715/938 [02:35<00:50,  4.39it/s]extract:  76%|███████▋  | 716/938 [02:36<00:49,  4.45it/s]extract:  76%|███████▋  | 717/938 [02:36<00:49,  4.43it/s]extract:  77%|███████▋  | 718/938 [02:36<00:47,  4.60it/s]extract:  77%|███████▋  | 719/938 [02:36<00:45,  4.85it/s]extract:  77%|███████▋  | 720/938 [02:36<00:42,  5.08it/s]extract:  77%|███████▋  | 721/938 [02:37<00:41,  5.25it/s]extract:  77%|███████▋  | 722/938 [02:37<00:40,  5.38it/s]extract:  77%|███████▋  | 723/938 [02:37<00:39,  5.47it/s]extract:  77%|███████▋  | 724/938 [02:37<00:38,  5.56it/s]extract:  77%|███████▋  | 725/938 [02:37<00:38,  5.53it/s]extract:  77%|███████▋  | 726/938 [02:37<00:37,  5.66it/s]extract:  78%|███████▊  | 727/938 [02:38<00:37,  5.63it/s]extract:  78%|███████▊  | 728/938 [02:38<00:36,  5.73it/s]extract:  78%|███████▊  | 729/938 [02:38<00:36,  5.71it/s]extract:  78%|███████▊  | 730/938 [02:38<00:35,  5.78it/s]extract:  78%|███████▊  | 731/938 [02:38<00:35,  5.75it/s]extract:  78%|███████▊  | 732/938 [02:38<00:35,  5.81it/s]extract:  78%|███████▊  | 733/938 [02:39<00:35,  5.76it/s]extract:  78%|███████▊  | 734/938 [02:39<00:35,  5.82it/s]extract:  78%|███████▊  | 735/938 [02:39<00:35,  5.77it/s]extract:  78%|███████▊  | 736/938 [02:39<00:34,  5.83it/s]extract:  79%|███████▊  | 737/938 [02:39<00:34,  5.78it/s]extract:  79%|███████▊  | 738/938 [02:39<00:34,  5.83it/s]extract:  79%|███████▉  | 739/938 [02:40<00:34,  5.78it/s]extract:  79%|███████▉  | 740/938 [02:40<00:33,  5.84it/s]extract:  79%|███████▉  | 741/938 [02:40<00:33,  5.80it/s]extract:  79%|███████▉  | 742/938 [02:40<00:33,  5.85it/s]extract:  79%|███████▉  | 743/938 [02:40<00:32,  5.92it/s]extract:  79%|███████▉  | 744/938 [02:40<00:32,  5.92it/s]extract:  79%|███████▉  | 745/938 [02:41<00:32,  5.87it/s]extract:  80%|███████▉  | 746/938 [02:41<00:32,  5.88it/s]extract:  80%|███████▉  | 747/938 [02:41<00:32,  5.89it/s]extract:  80%|███████▉  | 748/938 [02:41<00:32,  5.91it/s]extract:  80%|███████▉  | 749/938 [02:41<00:31,  5.92it/s]extract:  80%|███████▉  | 750/938 [02:41<00:31,  5.92it/s]extract:  80%|████████  | 751/938 [02:42<00:31,  5.96it/s]extract:  80%|████████  | 752/938 [02:42<00:31,  5.98it/s]extract:  80%|████████  | 753/938 [02:42<00:30,  5.98it/s]extract:  80%|████████  | 754/938 [02:42<00:31,  5.89it/s]extract:  80%|████████  | 755/938 [02:42<00:31,  5.85it/s]extract:  81%|████████  | 756/938 [02:43<00:31,  5.84it/s]extract:  81%|████████  | 757/938 [02:43<00:30,  5.88it/s]extract:  81%|████████  | 758/938 [02:43<00:30,  5.88it/s]extract:  81%|████████  | 759/938 [02:43<00:30,  5.89it/s]extract:  81%|████████  | 760/938 [02:43<00:30,  5.91it/s]extract:  81%|████████  | 761/938 [02:43<00:29,  5.91it/s]extract:  81%|████████  | 762/938 [02:44<00:29,  5.89it/s]extract:  81%|████████▏ | 763/938 [02:44<00:29,  5.91it/s]extract:  81%|████████▏ | 764/938 [02:44<00:29,  5.97it/s]extract:  82%|████████▏ | 765/938 [02:44<00:29,  5.89it/s]extract:  82%|████████▏ | 766/938 [02:44<00:29,  5.89it/s]extract:  82%|████████▏ | 767/938 [02:44<00:28,  5.90it/s]extract:  82%|████████▏ | 768/938 [02:45<00:28,  5.90it/s]extract:  82%|████████▏ | 769/938 [02:45<00:28,  5.94it/s]extract:  82%|████████▏ | 770/938 [02:45<00:28,  5.96it/s]extract:  82%|████████▏ | 771/938 [02:45<00:27,  6.00it/s]extract:  82%|████████▏ | 772/938 [02:45<00:28,  5.92it/s]extract:  82%|████████▏ | 773/938 [02:45<00:28,  5.87it/s]extract:  83%|████████▎ | 774/938 [02:46<00:27,  5.90it/s]extract:  83%|████████▎ | 775/938 [02:46<00:27,  5.91it/s]extract:  83%|████████▎ | 776/938 [02:46<00:27,  5.94it/s]extract:  83%|████████▎ | 777/938 [02:46<00:27,  5.96it/s]extract:  83%|████████▎ | 778/938 [02:46<00:26,  5.97it/s]extract:  83%|████████▎ | 779/938 [02:46<00:26,  5.89it/s]extract:  83%|████████▎ | 780/938 [02:47<00:27,  5.84it/s]extract:  83%|████████▎ | 781/938 [02:47<00:26,  5.85it/s]extract:  83%|████████▎ | 782/938 [02:47<00:26,  5.87it/s]extract:  83%|████████▎ | 783/938 [02:47<00:26,  5.88it/s]extract:  84%|████████▎ | 784/938 [02:47<00:26,  5.90it/s]extract:  84%|████████▎ | 785/938 [02:47<00:25,  5.89it/s]extract:  84%|████████▍ | 786/938 [02:48<00:25,  5.93it/s]extract:  84%|████████▍ | 787/938 [02:48<00:25,  5.95it/s]extract:  84%|████████▍ | 788/938 [02:48<00:25,  5.89it/s]extract:  84%|████████▍ | 789/938 [02:48<00:25,  5.83it/s]extract:  84%|████████▍ | 790/938 [02:48<00:25,  5.83it/s]extract:  84%|████████▍ | 791/938 [02:48<00:25,  5.84it/s]extract:  84%|████████▍ | 792/938 [02:49<00:24,  5.87it/s]extract:  85%|████████▍ | 793/938 [02:49<00:24,  5.89it/s]extract:  85%|████████▍ | 794/938 [02:49<00:24,  5.91it/s]extract:  85%|████████▍ | 795/938 [02:49<00:24,  5.84it/s]extract:  85%|████████▍ | 796/938 [02:49<00:24,  5.88it/s]extract:  85%|████████▍ | 797/938 [02:49<00:24,  5.81it/s]extract:  85%|████████▌ | 798/938 [02:50<00:23,  5.87it/s]extract:  85%|████████▌ | 799/938 [02:50<00:23,  5.83it/s]extract:  85%|████████▌ | 800/938 [02:50<00:23,  5.89it/s]extract:  85%|████████▌ | 801/938 [02:50<00:23,  5.81it/s]extract:  86%|████████▌ | 802/938 [02:50<00:25,  5.33it/s]extract:  86%|████████▌ | 803/938 [02:51<00:26,  5.06it/s]extract:  86%|████████▌ | 804/938 [02:51<00:27,  4.89it/s]extract:  86%|████████▌ | 805/938 [02:51<00:27,  4.78it/s]extract:  86%|████████▌ | 806/938 [02:51<00:28,  4.70it/s]extract:  86%|████████▌ | 807/938 [02:51<00:28,  4.61it/s]extract:  86%|████████▌ | 808/938 [02:52<00:28,  4.54it/s]extract:  86%|████████▌ | 809/938 [02:52<00:28,  4.51it/s]extract:  86%|████████▋ | 810/938 [02:52<00:28,  4.52it/s]extract:  86%|████████▋ | 811/938 [02:52<00:28,  4.46it/s]extract:  87%|████████▋ | 812/938 [02:53<00:28,  4.42it/s]extract:  87%|████████▋ | 813/938 [02:53<00:26,  4.75it/s]extract:  87%|████████▋ | 814/938 [02:53<00:25,  4.96it/s]extract:  87%|████████▋ | 815/938 [02:53<00:23,  5.16it/s]extract:  87%|████████▋ | 816/938 [02:53<00:22,  5.36it/s]extract:  87%|████████▋ | 817/938 [02:53<00:22,  5.41it/s]extract:  87%|████████▋ | 818/938 [02:54<00:21,  5.59it/s]extract:  87%|████████▋ | 819/938 [02:54<00:21,  5.64it/s]extract:  87%|████████▋ | 820/938 [02:54<00:20,  5.76it/s]extract:  88%|████████▊ | 821/938 [02:54<00:20,  5.77it/s]extract:  88%|████████▊ | 822/938 [02:54<00:19,  5.87it/s]extract:  88%|████████▊ | 823/938 [02:55<00:19,  5.84it/s]extract:  88%|████████▊ | 824/938 [02:55<00:19,  5.93it/s]extract:  88%|████████▊ | 825/938 [02:55<00:19,  5.89it/s]extract:  88%|████████▊ | 826/938 [02:55<00:18,  5.94it/s]extract:  88%|████████▊ | 827/938 [02:55<00:18,  5.87it/s]extract:  88%|████████▊ | 828/938 [02:55<00:18,  5.90it/s]extract:  88%|████████▊ | 829/938 [02:56<00:20,  5.44it/s]extract:  88%|████████▊ | 830/938 [02:56<00:21,  5.13it/s]extract:  89%|████████▊ | 831/938 [02:56<00:21,  4.93it/s]extract:  89%|████████▊ | 832/938 [02:56<00:22,  4.80it/s]extract:  89%|████████▉ | 833/938 [02:56<00:22,  4.71it/s]extract:  89%|████████▉ | 834/938 [02:57<00:22,  4.62it/s]extract:  89%|████████▉ | 835/938 [02:57<00:22,  4.57it/s]extract:  89%|████████▉ | 836/938 [02:57<00:22,  4.57it/s]extract:  89%|████████▉ | 837/938 [02:57<00:22,  4.48it/s]extract:  89%|████████▉ | 838/938 [02:58<00:22,  4.43it/s]extract:  89%|████████▉ | 839/938 [02:58<00:22,  4.39it/s]extract:  90%|████████▉ | 840/938 [02:58<00:22,  4.42it/s]extract:  90%|████████▉ | 841/938 [02:58<00:22,  4.40it/s]extract:  90%|████████▉ | 842/938 [02:59<00:21,  4.37it/s]extract:  90%|████████▉ | 843/938 [02:59<00:21,  4.37it/s]extract:  90%|████████▉ | 844/938 [02:59<00:21,  4.37it/s]extract:  90%|█████████ | 845/938 [02:59<00:21,  4.36it/s]extract:  90%|█████████ | 846/938 [02:59<00:21,  4.36it/s]extract:  90%|█████████ | 847/938 [03:00<00:20,  4.40it/s]extract:  90%|█████████ | 848/938 [03:00<00:20,  4.45it/s]extract:  91%|█████████ | 849/938 [03:00<00:20,  4.42it/s]extract:  91%|█████████ | 850/938 [03:00<00:19,  4.40it/s]extract:  91%|█████████ | 851/938 [03:01<00:19,  4.39it/s]extract:  91%|█████████ | 852/938 [03:01<00:19,  4.38it/s]extract:  91%|█████████ | 853/938 [03:01<00:19,  4.38it/s]extract:  91%|█████████ | 854/938 [03:01<00:19,  4.37it/s]extract:  91%|█████████ | 855/938 [03:01<00:19,  4.37it/s]extract:  91%|█████████▏| 856/938 [03:02<00:19,  4.12it/s]extract:  91%|█████████▏| 857/938 [03:02<00:20,  3.98it/s]extract:  91%|█████████▏| 858/938 [03:02<00:19,  4.04it/s]extract:  92%|█████████▏| 859/938 [03:02<00:19,  4.14it/s]extract:  92%|█████████▏| 860/938 [03:03<00:18,  4.20it/s]extract:  92%|█████████▏| 861/938 [03:03<00:18,  4.24it/s]extract:  92%|█████████▏| 862/938 [03:03<00:17,  4.28it/s]extract:  92%|█████████▏| 863/938 [03:03<00:17,  4.33it/s]extract:  92%|█████████▏| 864/938 [03:04<00:17,  4.31it/s]extract:  92%|█████████▏| 865/938 [03:04<00:16,  4.30it/s]extract:  92%|█████████▏| 866/938 [03:04<00:16,  4.31it/s]extract:  92%|█████████▏| 867/938 [03:04<00:16,  4.33it/s]extract:  93%|█████████▎| 868/938 [03:05<00:16,  4.34it/s]extract:  93%|█████████▎| 869/938 [03:05<00:15,  4.35it/s]extract:  93%|█████████▎| 870/938 [03:05<00:15,  4.36it/s]extract:  93%|█████████▎| 871/938 [03:05<00:15,  4.37it/s]extract:  93%|█████████▎| 872/938 [03:05<00:15,  4.36it/s]extract:  93%|█████████▎| 873/938 [03:06<00:14,  4.36it/s]extract:  93%|█████████▎| 874/938 [03:06<00:14,  4.37it/s]extract:  93%|█████████▎| 875/938 [03:06<00:14,  4.39it/s]extract:  93%|█████████▎| 876/938 [03:06<00:13,  4.46it/s]extract:  93%|█████████▎| 877/938 [03:07<00:13,  4.47it/s]extract:  94%|█████████▎| 878/938 [03:07<00:13,  4.44it/s]extract:  94%|█████████▎| 879/938 [03:07<00:13,  4.49it/s]extract:  94%|█████████▍| 880/938 [03:07<00:13,  4.43it/s]extract:  94%|█████████▍| 881/938 [03:07<00:12,  4.47it/s]extract:  94%|█████████▍| 882/938 [03:08<00:12,  4.42it/s]extract:  94%|█████████▍| 883/938 [03:08<00:12,  4.47it/s]extract:  94%|█████████▍| 884/938 [03:08<00:12,  4.43it/s]extract:  94%|█████████▍| 885/938 [03:08<00:11,  4.47it/s]extract:  94%|█████████▍| 886/938 [03:09<00:11,  4.48it/s]extract:  95%|█████████▍| 887/938 [03:09<00:11,  4.51it/s]extract:  95%|█████████▍| 888/938 [03:09<00:11,  4.44it/s]extract:  95%|█████████▍| 889/938 [03:09<00:11,  4.39it/s]extract:  95%|█████████▍| 890/938 [03:10<00:10,  4.37it/s]extract:  95%|█████████▍| 891/938 [03:10<00:10,  4.36it/s]extract:  95%|█████████▌| 892/938 [03:10<00:10,  4.40it/s]extract:  95%|█████████▌| 893/938 [03:10<00:10,  4.42it/s]extract:  95%|█████████▌| 894/938 [03:10<00:10,  4.39it/s]extract:  95%|█████████▌| 895/938 [03:11<00:09,  4.38it/s]extract:  96%|█████████▌| 896/938 [03:11<00:09,  4.66it/s]extract:  96%|█████████▌| 897/938 [03:11<00:08,  4.88it/s]extract:  96%|█████████▌| 898/938 [03:11<00:07,  5.17it/s]extract:  96%|█████████▌| 899/938 [03:11<00:07,  5.36it/s]extract:  96%|█████████▌| 900/938 [03:12<00:06,  5.55it/s]extract:  96%|█████████▌| 901/938 [03:12<00:06,  5.69it/s]extract:  96%|█████████▌| 902/938 [03:12<00:06,  5.68it/s]extract:  96%|█████████▋| 903/938 [03:12<00:06,  5.78it/s]extract:  96%|█████████▋| 904/938 [03:12<00:05,  5.81it/s]extract:  96%|█████████▋| 905/938 [03:12<00:05,  5.79it/s]extract:  97%|█████████▋| 906/938 [03:13<00:05,  5.87it/s]extract:  97%|█████████▋| 907/938 [03:13<00:05,  5.89it/s]extract:  97%|█████████▋| 908/938 [03:13<00:05,  5.84it/s]extract:  97%|█████████▋| 909/938 [03:13<00:04,  5.92it/s]extract:  97%|█████████▋| 910/938 [03:13<00:04,  5.89it/s]extract:  97%|█████████▋| 911/938 [03:13<00:04,  5.95it/s]extract:  97%|█████████▋| 912/938 [03:14<00:04,  5.94it/s]extract:  97%|█████████▋| 913/938 [03:14<00:04,  5.97it/s]extract:  97%|█████████▋| 914/938 [03:14<00:04,  5.86it/s]extract:  98%|█████████▊| 915/938 [03:14<00:03,  5.91it/s]extract:  98%|█████████▊| 916/938 [03:14<00:03,  5.67it/s]extract:  98%|█████████▊| 917/938 [03:14<00:03,  5.69it/s]extract:  98%|█████████▊| 918/938 [03:15<00:03,  5.72it/s]extract:  98%|█████████▊| 919/938 [03:15<00:03,  5.80it/s]extract:  98%|█████████▊| 920/938 [03:15<00:03,  5.75it/s]extract:  98%|█████████▊| 921/938 [03:15<00:02,  5.84it/s]extract:  98%|█████████▊| 922/938 [03:15<00:02,  5.78it/s]extract:  98%|█████████▊| 923/938 [03:15<00:02,  5.76it/s]extract:  99%|█████████▊| 924/938 [03:16<00:02,  5.81it/s]extract:  99%|█████████▊| 925/938 [03:16<00:02,  5.82it/s]extract:  99%|█████████▊| 926/938 [03:16<00:02,  5.84it/s]extract:  99%|█████████▉| 927/938 [03:16<00:01,  5.81it/s]extract:  99%|█████████▉| 928/938 [03:16<00:01,  5.34it/s]extract:  99%|█████████▉| 929/938 [03:17<00:01,  5.07it/s]extract:  99%|█████████▉| 930/938 [03:17<00:01,  4.92it/s]extract:  99%|█████████▉| 931/938 [03:17<00:01,  4.84it/s]extract:  99%|█████████▉| 932/938 [03:17<00:01,  5.02it/s]extract:  99%|█████████▉| 933/938 [03:17<00:00,  5.21it/s]extract: 100%|█████████▉| 934/938 [03:18<00:00,  5.33it/s]extract: 100%|█████████▉| 935/938 [03:18<00:00,  5.49it/s]extract: 100%|█████████▉| 936/938 [03:18<00:00,  5.55it/s]extract: 100%|█████████▉| 937/938 [03:18<00:00,  5.66it/s]extract: 100%|██████████| 938/938 [03:18<00:00,  4.72it/s]
extract:   0%|          | 0/157 [00:00<?, ?it/s]extract:   1%|          | 1/157 [00:00<00:26,  5.83it/s]extract:   1%|▏         | 2/157 [00:00<00:26,  5.86it/s]extract:   2%|▏         | 3/157 [00:00<00:25,  6.04it/s]extract:   3%|▎         | 4/157 [00:00<00:25,  6.02it/s]extract:   3%|▎         | 5/157 [00:00<00:24,  6.08it/s]extract:   4%|▍         | 6/157 [00:00<00:24,  6.09it/s]extract:   4%|▍         | 7/157 [00:01<00:24,  6.08it/s]extract:   5%|▌         | 8/157 [00:01<00:24,  6.12it/s]extract:   6%|▌         | 9/157 [00:01<00:24,  6.06it/s]extract:   6%|▋         | 10/157 [00:01<00:23,  6.14it/s]extract:   7%|▋         | 11/157 [00:01<00:23,  6.15it/s]extract:   8%|▊         | 12/157 [00:01<00:23,  6.08it/s]extract:   8%|▊         | 13/157 [00:02<00:23,  6.13it/s]extract:   9%|▉         | 14/157 [00:02<00:23,  6.08it/s]extract:  10%|▉         | 15/157 [00:02<00:23,  6.15it/s]extract:  10%|█         | 16/157 [00:02<00:22,  6.13it/s]extract:  11%|█         | 17/157 [00:02<00:22,  6.15it/s]extract:  11%|█▏        | 18/157 [00:02<00:22,  6.12it/s]extract:  12%|█▏        | 19/157 [00:03<00:22,  6.11it/s]extract:  13%|█▎        | 20/157 [00:03<00:22,  6.14it/s]extract:  13%|█▎        | 21/157 [00:03<00:22,  6.08it/s]extract:  14%|█▍        | 22/157 [00:03<00:21,  6.16it/s]extract:  15%|█▍        | 23/157 [00:03<00:21,  6.13it/s]extract:  15%|█▌        | 24/157 [00:03<00:21,  6.14it/s]extract:  16%|█▌        | 25/157 [00:04<00:21,  6.14it/s]extract:  17%|█▋        | 26/157 [00:04<00:21,  6.13it/s]extract:  17%|█▋        | 27/157 [00:04<00:21,  6.13it/s]extract:  18%|█▊        | 28/157 [00:04<00:20,  6.18it/s]extract:  18%|█▊        | 29/157 [00:04<00:20,  6.15it/s]extract:  19%|█▉        | 30/157 [00:04<00:20,  6.17it/s]extract:  20%|█▉        | 31/157 [00:05<00:20,  6.14it/s]extract:  20%|██        | 32/157 [00:05<00:20,  6.08it/s]extract:  21%|██        | 33/157 [00:05<00:20,  6.04it/s]extract:  22%|██▏       | 34/157 [00:05<00:20,  6.13it/s]extract:  22%|██▏       | 35/157 [00:05<00:19,  6.12it/s]extract:  23%|██▎       | 36/157 [00:05<00:19,  6.16it/s]extract:  24%|██▎       | 37/157 [00:06<00:19,  6.13it/s]extract:  24%|██▍       | 38/157 [00:06<00:19,  6.04it/s]extract:  25%|██▍       | 39/157 [00:06<00:19,  6.11it/s]extract:  25%|██▌       | 40/157 [00:06<00:19,  6.06it/s]extract:  26%|██▌       | 41/157 [00:06<00:18,  6.11it/s]extract:  27%|██▋       | 42/157 [00:06<00:18,  6.09it/s]extract:  27%|██▋       | 43/157 [00:07<00:18,  6.08it/s]extract:  28%|██▊       | 44/157 [00:07<00:18,  6.04it/s]extract:  29%|██▊       | 45/157 [00:07<00:18,  6.10it/s]extract:  29%|██▉       | 46/157 [00:07<00:18,  6.06it/s]extract:  30%|██▉       | 47/157 [00:07<00:18,  6.07it/s]extract:  31%|███       | 48/157 [00:07<00:18,  6.02it/s]extract:  31%|███       | 49/157 [00:08<00:18,  5.94it/s]extract:  32%|███▏      | 50/157 [00:08<00:18,  5.93it/s]extract:  32%|███▏      | 51/157 [00:08<00:18,  5.80it/s]extract:  33%|███▎      | 52/157 [00:08<00:17,  5.85it/s]extract:  34%|███▍      | 53/157 [00:08<00:17,  5.84it/s]extract:  34%|███▍      | 54/157 [00:08<00:17,  5.94it/s]extract:  35%|███▌      | 55/157 [00:09<00:16,  6.02it/s]extract:  36%|███▌      | 56/157 [00:09<00:16,  5.96it/s]extract:  36%|███▋      | 57/157 [00:09<00:16,  6.01it/s]extract:  37%|███▋      | 58/157 [00:09<00:16,  6.03it/s]extract:  38%|███▊      | 59/157 [00:09<00:16,  6.04it/s]extract:  38%|███▊      | 60/157 [00:09<00:16,  6.02it/s]extract:  39%|███▉      | 61/157 [00:10<00:16,  5.96it/s]extract:  39%|███▉      | 62/157 [00:10<00:15,  5.98it/s]extract:  40%|████      | 63/157 [00:10<00:15,  6.01it/s]extract:  41%|████      | 64/157 [00:10<00:15,  5.93it/s]extract:  41%|████▏     | 65/157 [00:10<00:15,  5.91it/s]extract:  42%|████▏     | 66/157 [00:10<00:15,  5.98it/s]extract:  43%|████▎     | 67/157 [00:11<00:15,  5.91it/s]extract:  43%|████▎     | 68/157 [00:11<00:15,  5.88it/s]extract:  44%|████▍     | 69/157 [00:11<00:16,  5.42it/s]extract:  45%|████▍     | 70/157 [00:11<00:16,  5.18it/s]extract:  45%|████▌     | 71/157 [00:11<00:17,  5.04it/s]extract:  46%|████▌     | 72/157 [00:12<00:17,  4.92it/s]extract:  46%|████▋     | 73/157 [00:12<00:17,  4.81it/s]extract:  47%|████▋     | 74/157 [00:12<00:17,  4.73it/s]extract:  48%|████▊     | 75/157 [00:12<00:17,  4.67it/s]extract:  48%|████▊     | 76/157 [00:12<00:17,  4.63it/s]extract:  49%|████▉     | 77/157 [00:13<00:17,  4.59it/s]extract:  50%|████▉     | 78/157 [00:13<00:17,  4.56it/s]extract:  50%|█████     | 79/157 [00:13<00:17,  4.53it/s]extract:  51%|█████     | 80/157 [00:13<00:17,  4.50it/s]extract:  52%|█████▏    | 81/157 [00:14<00:16,  4.56it/s]extract:  52%|█████▏    | 82/157 [00:14<00:16,  4.61it/s]extract:  53%|█████▎    | 83/157 [00:14<00:16,  4.62it/s]extract:  54%|█████▎    | 84/157 [00:14<00:15,  4.64it/s]extract:  54%|█████▍    | 85/157 [00:14<00:15,  4.65it/s]extract:  55%|█████▍    | 86/157 [00:15<00:15,  4.68it/s]extract:  55%|█████▌    | 87/157 [00:15<00:15,  4.63it/s]extract:  56%|█████▌    | 88/157 [00:15<00:15,  4.57it/s]extract:  57%|█████▋    | 89/157 [00:15<00:14,  4.54it/s]extract:  57%|█████▋    | 90/157 [00:16<00:14,  4.52it/s]extract:  58%|█████▊    | 91/157 [00:16<00:14,  4.50it/s]extract:  59%|█████▊    | 92/157 [00:16<00:14,  4.49it/s]extract:  59%|█████▉    | 93/157 [00:16<00:14,  4.49it/s]extract:  60%|█████▉    | 94/157 [00:16<00:14,  4.49it/s]extract:  61%|██████    | 95/157 [00:17<00:13,  4.48it/s]extract:  61%|██████    | 96/157 [00:17<00:13,  4.49it/s]extract:  62%|██████▏   | 97/157 [00:17<00:13,  4.49it/s]extract:  62%|██████▏   | 98/157 [00:17<00:13,  4.49it/s]extract:  63%|██████▎   | 99/157 [00:18<00:12,  4.51it/s]extract:  64%|██████▎   | 100/157 [00:18<00:12,  4.55it/s]extract:  64%|██████▍   | 101/157 [00:18<00:12,  4.57it/s]extract:  65%|██████▍   | 102/157 [00:18<00:12,  4.56it/s]extract:  66%|██████▌   | 103/157 [00:18<00:11,  4.54it/s]extract:  66%|██████▌   | 104/157 [00:19<00:11,  4.52it/s]extract:  67%|██████▋   | 105/157 [00:19<00:11,  4.53it/s]extract:  68%|██████▊   | 106/157 [00:19<00:11,  4.48it/s]extract:  68%|██████▊   | 107/157 [00:19<00:11,  4.48it/s]extract:  69%|██████▉   | 108/157 [00:20<00:10,  4.51it/s]extract:  69%|██████▉   | 109/157 [00:20<00:10,  4.50it/s]extract:  70%|███████   | 110/157 [00:20<00:10,  4.52it/s]extract:  71%|███████   | 111/157 [00:20<00:10,  4.51it/s]extract:  71%|███████▏  | 112/157 [00:20<00:09,  4.54it/s]extract:  72%|███████▏  | 113/157 [00:21<00:09,  4.55it/s]extract:  73%|███████▎  | 114/157 [00:21<00:09,  4.55it/s]extract:  73%|███████▎  | 115/157 [00:21<00:08,  4.74it/s]extract:  74%|███████▍  | 116/157 [00:21<00:08,  4.93it/s]extract:  75%|███████▍  | 117/157 [00:21<00:07,  5.21it/s]extract:  75%|███████▌  | 118/157 [00:22<00:07,  5.41it/s]extract:  76%|███████▌  | 119/157 [00:22<00:06,  5.53it/s]extract:  76%|███████▋  | 120/157 [00:22<00:06,  5.67it/s]extract:  77%|███████▋  | 121/157 [00:22<00:06,  5.72it/s]extract:  78%|███████▊  | 122/157 [00:22<00:06,  5.36it/s]extract:  78%|███████▊  | 123/157 [00:22<00:06,  5.19it/s]extract:  79%|███████▉  | 124/157 [00:23<00:06,  4.96it/s]extract:  80%|███████▉  | 125/157 [00:23<00:06,  4.86it/s]extract:  80%|████████  | 126/157 [00:23<00:06,  4.80it/s]extract:  81%|████████  | 127/157 [00:23<00:06,  4.75it/s]extract:  82%|████████▏ | 128/157 [00:24<00:06,  4.70it/s]extract:  82%|████████▏ | 129/157 [00:24<00:06,  4.63it/s]extract:  83%|████████▎ | 130/157 [00:24<00:05,  4.58it/s]extract:  83%|████████▎ | 131/157 [00:24<00:05,  4.56it/s]extract:  84%|████████▍ | 132/157 [00:24<00:05,  4.55it/s]extract:  85%|████████▍ | 133/157 [00:25<00:05,  4.55it/s]extract:  85%|████████▌ | 134/157 [00:25<00:05,  4.54it/s]extract:  86%|████████▌ | 135/157 [00:25<00:04,  4.54it/s]extract:  87%|████████▋ | 136/157 [00:25<00:04,  4.60it/s]extract:  87%|████████▋ | 137/157 [00:26<00:04,  4.62it/s]extract:  88%|████████▊ | 138/157 [00:26<00:04,  4.67it/s]extract:  89%|████████▊ | 139/157 [00:26<00:03,  4.70it/s]extract:  89%|████████▉ | 140/157 [00:26<00:03,  4.68it/s]extract:  90%|████████▉ | 141/157 [00:26<00:03,  4.65it/s]extract:  90%|█████████ | 142/157 [00:27<00:03,  4.57it/s]extract:  91%|█████████ | 143/157 [00:27<00:03,  4.54it/s]extract:  92%|█████████▏| 144/157 [00:27<00:02,  4.53it/s]extract:  92%|█████████▏| 145/157 [00:27<00:02,  4.52it/s]extract:  93%|█████████▎| 146/157 [00:28<00:02,  4.52it/s]extract:  94%|█████████▎| 147/157 [00:28<00:02,  4.52it/s]extract:  94%|█████████▍| 148/157 [00:28<00:01,  4.51it/s]extract:  95%|█████████▍| 149/157 [00:28<00:01,  4.51it/s]extract:  96%|█████████▌| 150/157 [00:28<00:01,  4.32it/s]extract:  96%|█████████▌| 151/157 [00:29<00:01,  4.58it/s]extract:  97%|█████████▋| 152/157 [00:29<00:01,  4.72it/s]extract:  97%|█████████▋| 153/157 [00:29<00:00,  4.78it/s]extract:  98%|█████████▊| 154/157 [00:29<00:00,  4.77it/s]extract:  99%|█████████▊| 155/157 [00:29<00:00,  4.68it/s]extract:  99%|█████████▉| 156/157 [00:30<00:00,  4.77it/s]extract: 100%|██████████| 157/157 [00:30<00:00,  5.19it/s]
    -> {'top1_accuracy': 0.5838, 'ci95_low': 0.5745475, 'ci95_high': 0.5929, 'n_test': 10000, 'n_train_per_class': 1, 'n_classes': 10, 'correct_per_example': [0, 1, 1, 1, 0, 1, 1, 0, 0, 1, 1, 0, 1, 1, 0, 1, 1, 1, 0, 1, 1, 0, 1, 0, 1, 1, 0, 0, 1, 0, 0, 0, 0, 1, 0, 0, 1, 0, 1, 1, 0, 1, 1, 1, 0, 1, 1, 1, 0, 0, 0, 1, 1, 0, 1, 0, 1, 0, 0, 1, 1, 1, 0, 1, 1, 1, 1, 0, 0, 0, 1, 1, 1, 0, 1, 1, 1, 1, 0, 1, 1, 0, 0, 1, 0, 1, 1, 1, 1, 0, 0, 1, 0, 1, 1, 0, 0, 1, 0, 1, 0, 0, 1, 1, 1, 0, 0, 0, 0, 1, 1, 1, 1, 1, 1, 1, 1, 0, 1, 0, 0, 0, 0, 0, 0, 1, 0, 0, 1, 1, 0, 1, 1, 1, 1, 0, 1, 1, 1, 1, 1, 1, 1, 1, 1, 0, 1, 0, 1, 1, 0, 1, 1, 1, 0, 1, 0, 1, 1, 0, 1, 1, 1, 0, 0, 0, 1, 1, 1, 1, 1, 0, 1, 1, 0, 1, 0, 1, 0, 1, 1, 1, 0, 0, 1, 1, 1, 1, 0, 1, 1, 1, 1, 1, 1, 0, 1, 0, 0, 1, 1, 0, 1, 1, 1, 1, 1, 1, 1, 0, 0, 1, 1, 0, 1, 1, 1, 0, 1, 1, 1, 0, 1, 0, 1, 1, 0, 0, 1, 1, 1, 0, 1, 1, 0, 1, 1, 1, 0, 1, 1, 0, 1, 1, 0, 1, 0, 1, 0, 1, 1, 1, 0, 0, 0, 0, 0, 0, 1, 0, 1, 1, 0, 1, 1, 0, 0, 0, 0, 0, 1, 1, 1, 1, 1, 1, 0, 0, 1, 1, 1, 1, 0, 1, 1, 0, 0, 1, 0, 0, 0, 1, 1, 0, 0, 0, 1, 0, 1, 0, 0, 0, 0, 1, 0, 1, 1, 0, 1, 1, 1, 0, 0, 1, 1, 0, 0, 1, 0, 1, 0, 1, 1, 1, 1, 0, 1, 1, 1, 1, 1, 1, 1, 1, 1, 0, 1, 0, 1, 0, 0, 0, 0, 1, 0, 1, 1, 1, 1, 1, 1, 1, 0, 0, 1, 0, 1, 1, 0, 0, 1, 1, 1, 0, 1, 1, 1, 1, 1, 0, 0, 1, 0, 1, 1, 0, 1, 1, 0, 0, 1, 1, 0, 1, 1, 0, 1, 0, 1, 0, 1, 0, 1, 1, 1, 1, 1, 0, 1, 1, 0, 0, 1, 1, 0, 0, 1, 0, 0, 1, 1, 0, 1, 0, 1, 0, 1, 1, 0, 0, 1, 0, 0, 1, 0, 1, 1, 0, 1, 0, 0, 1, 1, 1, 1, 1, 1, 0, 1, 1, 1, 0, 0, 1, 1, 0, 0, 1, 0, 0, 1, 1, 1, 1, 0, 1, 0, 0, 1, 0, 0, 1, 1, 1, 1, 0, 1, 0, 1, 0, 1, 0, 0, 1, 0, 1, 0, 1, 1, 1, 0, 1, 0, 1, 0, 1, 1, 1, 1, 0, 0, 1, 0, 1, 1, 1, 1, 1, 1, 0, 1, 0, 0, 1, 1, 0, 1, 1, 1, 0, 0, 0, 0, 1, 1, 0, 1, 1, 1, 1, 1, 0, 1, 1, 0, 1, 1, 1, 0, 0, 1, 1, 0, 0, 0, 0, 1, 1, 1, 0, 1, 0, 0, 1, 1, 1, 1, 1, 0, 1, 0, 1, 0, 1, 1, 1, 1, 1, 0, 1, 0, 0, 0, 0, 1, 0, 1, 0, 0, 0, 1, 0, 0, 1, 1, 1, 1, 0, 0, 0, 1, 0, 1, 1, 1, 0, 1, 0, 0, 0, 1, 1, 1, 1, 1, 0, 0, 1, 0, 1, 1, 1, 1, 1, 1, 1, 1, 0, 1, 1, 1, 1, 0, 1, 1, 1, 0, 1, 0, 0, 1, 1, 1, 0, 0, 1, 1, 0, 0, 0, 1, 0, 1, 1, 0, 0, 1, 0, 0, 1, 1, 0, 0, 0, 0, 1, 1, 1, 0, 1, 0, 1, 1, 1, 0, 0, 1, 0, 0, 1, 1, 1, 1, 1, 0, 0, 1, 1, 1, 1, 0, 1, 0, 0, 0, 1, 1, 1, 0, 1, 1, 0, 0, 1, 0, 0, 0, 1, 0, 1, 1, 1, 1, 1, 0, 0, 0, 0, 1, 1, 0, 1, 0, 0, 1, 1, 0, 1, 0, 0, 1, 0, 1, 1, 1, 1, 0, 1, 1, 1, 1, 0, 0, 1, 0, 0, 1, 1, 1, 0, 0, 1, 0, 1, 0, 1, 1, 0, 0, 1, 1, 0, 1, 1, 0, 1, 1, 1, 0, 1, 1, 1, 1, 0, 1, 1, 1, 1, 0, 1, 0, 0, 0, 0, 1, 0, 0, 0, 0, 1, 1, 1, 1, 1, 0, 0, 1, 1, 0, 1, 1, 1, 1, 1, 1, 0, 0, 1, 1, 1, 1, 1, 1, 0, 0, 1, 1, 0, 1, 0, 0, 1, 0, 0, 1, 1, 0, 1, 1, 0, 1, 0, 1, 0, 0, 0, 1, 0, 1, 0, 1, 0, 1, 0, 1, 1, 1, 0, 0, 0, 1, 1, 0, 1, 1, 1, 0, 0, 1, 1, 0, 1, 1, 1, 0, 1, 1, 0, 0, 1, 0, 0, 0, 1, 1, 1, 0, 1, 0, 0, 1, 1, 1, 1, 1, 0, 1, 1, 0, 1, 0, 0, 0, 1, 1, 1, 1, 1, 0, 1, 1, 1, 1, 1, 1, 0, 1, 0, 1, 1, 0, 1, 0, 1, 0, 0, 1, 1, 0, 1, 0, 1, 1, 1, 0, 0, 1, 1, 1, 0, 1, 1, 1, 1, 1, 1, 0, 1, 1, 1, 0, 1, 1, 1, 0, 1, 1, 1, 0, 0, 1, 0, 1, 1, 0, 0, 1, 1, 0, 0, 1, 1, 1, 1, 1, 0, 0, 0, 0, 1, 1, 1, 0, 1, 1, 1, 1, 1, 0, 1, 0, 0, 0, 0, 0, 1, 0, 1, 0, 1, 0, 0, 0, 1, 1, 1, 0, 0, 1, 1, 1, 1, 0, 1, 0, 0, 1, 1, 0, 0, 1, 1, 1, 0, 0, 0, 1, 0, 1, 1, 0, 0, 0, 0, 0, 1, 0, 1, 0, 0, 1, 0, 1, 1, 0, 0, 1, 1, 1, 1, 1, 0, 0, 0, 1, 0, 1, 0, 1, 0, 0, 1, 1, 1, 1, 1, 0, 0, 1, 0, 1, 1, 1, 1, 0, 1, 0, 1, 0, 1, 0, 0, 1, 0, 0, 1, 0, 0, 0, 1, 1, 0, 1, 1, 0, 1, 0, 1, 1, 1, 1, 0, 1, 1, 1, 1, 0, 0, 1, 0, 1, 0, 1, 1, 1, 0, 1, 1, 0, 1, 0, 1, 0, 1, 1, 1, 0, 1, 1, 1, 1, 1, 1, 0, 1, 1, 0, 0, 1, 1, 0, 0, 1, 1, 0, 0, 1, 1, 1, 1, 1, 0, 0, 1, 0, 0, 0, 1, 1, 0, 0, 0, 1, 1, 0, 0, 0, 0, 0, 0, 0, 1, 1, 1, 0, 1, 0, 1, 1, 1, 0, 1, 0, 1, 1, 0, 1, 1, 0, 1, 0, 0, 0, 1, 1, 0, 1, 0, 1, 1, 1, 1, 1, 1, 0, 1, 0, 0, 0, 1, 0, 1, 1, 1, 1, 0, 1, 1, 1, 0, 1, 1, 0, 1, 1, 1, 1, 0, 1, 0, 1, 1, 1, 0, 0, 1, 1, 0, 1, 0, 0, 1, 1, 1, 0, 1, 1, 1, 1, 1, 0, 1, 0, 0, 1, 1, 0, 1, 1, 1, 0, 0, 1, 1, 1, 1, 0, 0, 1, 1, 0, 0, 1, 0, 1, 0, 1, 0, 1, 1, 1, 0, 1, 0, 1, 0, 0, 1, 0, 1, 1, 0, 0, 0, 0, 1, 0, 1, 1, 1, 0, 1, 1, 1, 1, 1, 0, 0, 0, 1, 1, 1, 1, 0, 1, 1, 0, 0, 1, 1, 0, 0, 0, 1, 0, 1, 0, 0, 1, 0, 0, 1, 1, 0, 1, 1, 0, 1, 1, 0, 0, 1, 1, 0, 0, 1, 0, 0, 0, 1, 0, 1, 1, 1, 0, 1, 1, 1, 1, 0, 0, 0, 1, 0, 0, 0, 1, 0, 0, 0, 0, 1, 0, 1, 0, 1, 1, 0, 1, 0, 1, 1, 0, 1, 1, 1, 1, 1, 0, 1, 1, 1, 1, 1, 1, 1, 1, 0, 1, 0, 0, 0, 1, 0, 1, 0, 1, 0, 0, 0, 1, 1, 1, 1, 1, 0, 1, 1, 1, 1, 1, 1, 1, 1, 0, 0, 0, 1, 1, 1, 0, 1, 1, 1, 0, 1, 0, 1, 0, 1, 0, 1, 0, 1, 1, 1, 1, 1, 1, 0, 0, 1, 1, 0, 1, 0, 1, 0, 1, 1, 1, 0, 1, 1, 1, 0, 1, 0, 1, 1, 1, 0, 1, 1, 1, 1, 1, 0, 1, 1, 1, 1, 1, 0, 1, 0, 0, 1, 0, 1, 1, 1, 1, 1, 1, 1, 1, 1, 0, 0, 0, 1, 0, 1, 1, 1, 1, 1, 1, 1, 1, 0, 1, 0, 1, 1, 1, 0, 1, 0, 0, 1, 1, 0, 1, 1, 1, 0, 0, 1, 0, 0, 0, 1, 0, 1, 1, 1, 0, 0, 1, 1, 1, 0, 0, 0, 1, 1, 1, 0, 1, 0, 0, 0, 1, 0, 1, 0, 0, 1, 1, 0, 0, 0, 1, 1, 0, 1, 1, 1, 1, 1, 1, 1, 0, 0, 0, 1, 0, 0, 1, 0, 1, 1, 0, 0, 0, 1, 1, 0, 1, 1, 0, 0, 0, 1, 1, 1, 0, 1, 0, 1, 1, 1, 1, 0, 1, 0, 0, 0, 1, 1, 1, 1, 0, 0, 0, 0, 1, 0, 0, 1, 1, 1, 1, 1, 1, 0, 0, 1, 1, 0, 1, 1, 1, 1, 0, 1, 1, 0, 0, 1, 1, 1, 1, 1, 1, 0, 0, 0, 0, 0, 1, 1, 1, 1, 0, 1, 0, 0, 0, 1, 0, 1, 1, 1, 1, 1, 1, 0, 0, 0, 0, 1, 0, 0, 0, 1, 1, 0, 0, 1, 1, 1, 1, 1, 1, 1, 1, 1, 1, 1, 1, 1, 1, 0, 1, 0, 1, 1, 1, 0, 1, 1, 0, 1, 0, 0, 0, 1, 1, 1, 1, 1, 0, 1, 0, 0, 1, 1, 1, 1, 1, 0, 1, 0, 1, 1, 0, 0, 1, 1, 1, 1, 1, 1, 0, 0, 0, 1, 1, 1, 0, 0, 1, 1, 1, 0, 1, 1, 0, 0, 1, 1, 1, 1, 1, 1, 0, 1, 0, 0, 0, 1, 0, 1, 0, 1, 0, 0, 1, 0, 1, 0, 0, 0, 0, 0, 1, 1, 1, 0, 1, 0, 1, 0, 0, 0, 1, 0, 1, 1, 0, 1, 0, 1, 1, 1, 0, 0, 1, 0, 1, 1, 1, 1, 1, 0, 0, 0, 1, 0, 0, 1, 1, 1, 1, 0, 1, 1, 1, 0, 1, 0, 0, 1, 0, 0, 0, 0, 1, 1, 1, 0, 1, 1, 1, 0, 1, 0, 0, 0, 1, 1, 0, 1, 1, 0, 1, 0, 1, 1, 1, 0, 1, 0, 1, 1, 1, 0, 1, 1, 1, 1, 0, 1, 0, 0, 1, 0, 1, 0, 1, 0, 1, 1, 0, 1, 1, 1, 0, 1, 0, 1, 1, 1, 1, 1, 1, 1, 1, 1, 0, 1, 1, 1, 1, 0, 1, 1, 1, 1, 0, 1, 1, 1, 1, 1, 1, 1, 1, 1, 1, 1, 0, 1, 0, 1, 0, 1, 1, 0, 1, 0, 1, 1, 1, 1, 1, 1, 0, 1, 1, 1, 0, 1, 1, 1, 1, 0, 0, 1, 0, 1, 1, 1, 1, 0, 1, 1, 0, 1, 0, 1, 1, 1, 1, 1, 1, 1, 0, 0, 1, 1, 0, 0, 1, 1, 1, 0, 0, 1, 0, 0, 1, 0, 1, 0, 1, 0, 1, 1, 0, 0, 0, 1, 1, 1, 0, 1, 0, 1, 1, 1, 1, 0, 1, 0, 1, 0, 1, 0, 1, 0, 0, 0, 0, 0, 0, 1, 0, 1, 1, 0, 0, 1, 0, 0, 1, 0, 1, 1, 1, 1, 0, 1, 1, 1, 0, 0, 0, 0, 1, 1, 0, 1, 1, 1, 0, 0, 0, 1, 1, 0, 1, 1, 0, 1, 0, 1, 0, 0, 0, 1, 1, 1, 1, 0, 1, 1, 1, 0, 1, 1, 0, 1, 1, 0, 1, 1, 1, 1, 1, 1, 0, 1, 1, 0, 1, 0, 1, 1, 0, 0, 1, 1, 0, 0, 0, 0, 1, 0, 0, 1, 0, 0, 1, 0, 1, 0, 1, 0, 0, 0, 1, 1, 0, 1, 0, 0, 1, 1, 1, 1, 1, 0, 0, 0, 1, 0, 1, 0, 0, 1, 1, 1, 1, 0, 0, 1, 1, 1, 1, 0, 0, 1, 1, 1, 1, 0, 0, 1, 1, 1, 1, 1, 0, 1, 1, 1, 1, 0, 1, 1, 1, 1, 1, 1, 0, 0, 1, 0, 1, 1, 0, 1, 0, 0, 0, 1, 1, 1, 1, 1, 0, 0, 1, 1, 0, 0, 0, 1, 0, 1, 0, 1, 1, 0, 1, 0, 1, 1, 0, 1, 1, 0, 0, 1, 0, 1, 0, 1, 1, 1, 0, 1, 0, 1, 0, 1, 1, 0, 1, 0, 1, 1, 1, 1, 1, 0, 0, 0, 0, 1, 1, 0, 0, 0, 1, 1, 1, 0, 0, 0, 1, 1, 0, 1, 1, 1, 1, 1, 1, 1, 1, 1, 1, 1, 1, 0, 0, 1, 1, 0, 0, 1, 1, 1, 1, 0, 0, 0, 0, 1, 1, 1, 0, 1, 0, 0, 0, 1, 1, 1, 1, 0, 1, 0, 0, 0, 0, 1, 0, 1, 1, 0, 0, 0, 1, 1, 1, 0, 1, 0, 1, 1, 1, 0, 0, 1, 1, 0, 0, 1, 0, 1, 0, 0, 0, 0, 1, 0, 1, 0, 1, 1, 1, 0, 1, 0, 0, 1, 1, 0, 1, 1, 1, 0, 0, 0, 0, 1, 0, 1, 0, 0, 1, 1, 0, 0, 0, 0, 1, 1, 1, 1, 0, 1, 1, 0, 1, 1, 1, 1, 0, 1, 0, 0, 0, 0, 1, 0, 1, 1, 1, 1, 1, 0, 1, 1, 1, 0, 1, 1, 0, 1, 0, 1, 1, 1, 1, 0, 0, 1, 1, 0, 0, 1, 1, 1, 0, 1, 0, 1, 1, 1, 1, 0, 1, 1, 1, 0, 0, 0, 1, 1, 1, 1, 1, 1, 1, 0, 0, 0, 1, 0, 1, 1, 1, 0, 0, 1, 1, 1, 1, 0, 0, 0, 1, 1, 1, 0, 0, 1, 1, 1, 1, 1, 0, 1, 1, 1, 1, 1, 1, 1, 0, 1, 0, 0, 1, 0, 0, 0, 1, 0, 0, 1, 1, 1, 1, 0, 1, 0, 0, 0, 1, 0, 0, 1, 0, 1, 0, 0, 0, 1, 0, 0, 0, 0, 0, 0, 1, 0, 1, 1, 1, 1, 0, 0, 1, 1, 0, 1, 0, 0, 1, 1, 1, 0, 0, 0, 1, 0, 1, 0, 0, 1, 0, 1, 0, 0, 1, 1, 0, 0, 1, 1, 0, 1, 1, 0, 1, 0, 1, 0, 1, 1, 0, 0, 0, 1, 1, 0, 1, 1, 1, 0, 0, 1, 1, 1, 1, 0, 0, 1, 1, 1, 1, 0, 1, 1, 1, 1, 1, 1, 0, 0, 1, 0, 0, 0, 1, 1, 1, 0, 0, 1, 0, 1, 0, 1, 0, 1, 1, 1, 0, 1, 0, 0, 1, 0, 1, 1, 1, 1, 1, 1, 1, 0, 1, 0, 1, 1, 1, 1, 1, 1, 1, 0, 0, 0, 1, 0, 1, 0, 0, 1, 0, 0, 0, 1, 1, 1, 0, 1, 1, 1, 0, 1, 1, 0, 1, 1, 0, 1, 1, 0, 1, 0, 1, 1, 0, 0, 1, 0, 1, 1, 0, 0, 1, 0, 1, 1, 0, 1, 0, 0, 1, 1, 1, 0, 0, 0, 1, 1, 1, 0, 0, 0, 1, 1, 0, 1, 1, 1, 0, 0, 1, 0, 1, 1, 0, 1, 1, 1, 1, 0, 0, 1, 1, 1, 1, 0, 1, 0, 1, 1, 1, 0, 0, 0, 1, 1, 1, 1, 1, 0, 0, 0, 0, 0, 0, 1, 0, 1, 0, 1, 0, 0, 1, 1, 1, 0, 1, 0, 1, 1, 0, 0, 0, 1, 1, 0, 0, 1, 0, 1, 1, 1, 1, 1, 1, 0, 0, 0, 0, 1, 0, 1, 0, 1, 1, 1, 1, 1, 1, 0, 1, 1, 0, 0, 1, 1, 0, 0, 1, 1, 1, 1, 1, 1, 0, 1, 1, 0, 1, 1, 1, 1, 1, 1, 1, 1, 1, 1, 0, 1, 1, 0, 0, 1, 0, 1, 0, 1, 1, 0, 0, 1, 1, 0, 0, 1, 1, 0, 1, 1, 1, 1, 1, 1, 1, 1, 1, 1, 1, 0, 1, 0, 0, 1, 1, 1, 0, 1, 1, 0, 1, 0, 1, 0, 0, 1, 1, 0, 0, 0, 0, 1, 1, 0, 0, 1, 1, 0, 1, 0, 1, 1, 1, 1, 1, 1, 1, 1, 1, 1, 0, 0, 0, 0, 0, 1, 0, 0, 1, 0, 1, 1, 1, 1, 0, 0, 0, 1, 1, 0, 0, 0, 0, 0, 0, 0, 1, 1, 1, 0, 1, 0, 0, 1, 0, 1, 0, 1, 0, 1, 1, 1, 0, 1, 1, 1, 1, 0, 1, 0, 0, 0, 0, 1, 1, 1, 0, 0, 1, 0, 0, 0, 0, 1, 0, 1, 1, 1, 1, 1, 1, 1, 0, 0, 1, 0, 1, 1, 0, 0, 0, 0, 0, 1, 1, 0, 1, 0, 0, 0, 1, 0, 0, 1, 1, 1, 1, 0, 1, 0, 0, 0, 0, 0, 1, 1, 0, 1, 1, 0, 1, 1, 1, 1, 1, 1, 1, 0, 0, 1, 1, 1, 1, 1, 0, 1, 1, 1, 1, 0, 1, 1, 0, 1, 1, 0, 0, 1, 1, 1, 0, 1, 1, 1, 0, 1, 1, 1, 0, 0, 0, 1, 1, 1, 1, 1, 0, 1, 0, 1, 1, 1, 1, 0, 1, 0, 1, 0, 0, 0, 0, 0, 0, 0, 0, 1, 1, 1, 1, 0, 0, 1, 1, 1, 1, 1, 1, 1, 0, 0, 0, 1, 1, 1, 1, 1, 1, 1, 1, 1, 1, 0, 0, 1, 1, 1, 1, 1, 0, 0, 1, 1, 1, 0, 1, 1, 1, 0, 1, 1, 1, 0, 1, 1, 0, 1, 1, 0, 0, 0, 1, 0, 1, 1, 1, 1, 0, 0, 1, 0, 0, 1, 0, 0, 1, 1, 0, 1, 1, 0, 1, 0, 1, 0, 0, 1, 0, 1, 0, 1, 0, 1, 0, 1, 1, 1, 0, 1, 1, 0, 1, 1, 0, 0, 0, 0, 1, 0, 1, 1, 1, 1, 1, 0, 1, 0, 1, 1, 0, 1, 0, 0, 1, 0, 0, 0, 1, 0, 0, 1, 0, 1, 0, 0, 1, 1, 0, 0, 1, 1, 0, 0, 1, 1, 1, 0, 1, 1, 1, 1, 0, 1, 0, 1, 1, 0, 1, 0, 0, 1, 0, 1, 0, 0, 0, 1, 1, 1, 1, 0, 0, 0, 1, 0, 1, 0, 1, 1, 1, 1, 0, 0, 1, 0, 1, 0, 0, 1, 1, 1, 1, 0, 1, 0, 1, 1, 0, 0, 1, 0, 0, 0, 0, 0, 0, 0, 1, 0, 1, 0, 1, 1, 0, 0, 1, 0, 1, 0, 0, 1, 1, 0, 1, 1, 0, 0, 1, 1, 1, 1, 1, 0, 1, 1, 1, 1, 1, 0, 0, 1, 0, 0, 0, 0, 0, 0, 1, 0, 1, 1, 1, 0, 0, 0, 0, 1, 1, 1, 0, 1, 1, 0, 0, 1, 1, 0, 0, 0, 0, 0, 0, 1, 1, 1, 0, 0, 1, 0, 1, 0, 1, 0, 1, 1, 1, 0, 1, 1, 0, 0, 1, 0, 1, 0, 0, 0, 0, 1, 1, 1, 1, 1, 1, 1, 1, 1, 1, 1, 0, 1, 0, 1, 1, 1, 0, 1, 1, 1, 1, 1, 1, 1, 1, 1, 0, 0, 1, 1, 1, 1, 1, 1, 0, 1, 1, 1, 1, 1, 1, 0, 1, 1, 1, 1, 1, 0, 0, 1, 0, 1, 0, 1, 1, 1, 1, 1, 1, 0, 1, 0, 1, 1, 0, 1, 0, 1, 0, 1, 1, 1, 1, 1, 1, 1, 0, 1, 1, 0, 1, 1, 1, 1, 1, 1, 0, 1, 1, 0, 0, 1, 1, 0, 1, 0, 1, 0, 0, 1, 0, 1, 1, 1, 1, 0, 1, 0, 1, 1, 1, 1, 1, 1, 1, 0, 0, 1, 0, 1, 1, 1, 0, 0, 1, 0, 1, 0, 0, 0, 1, 1, 0, 0, 0, 0, 0, 1, 1, 1, 0, 1, 1, 0, 0, 1, 1, 0, 0, 0, 1, 1, 1, 1, 1, 1, 0, 1, 0, 0, 1, 0, 1, 0, 1, 0, 1, 0, 0, 0, 1, 0, 0, 0, 0, 1, 1, 1, 0, 0, 0, 1, 0, 1, 0, 1, 0, 0, 1, 1, 0, 1, 1, 1, 0, 0, 1, 1, 1, 1, 1, 0, 0, 1, 0, 0, 1, 1, 1, 1, 0, 0, 1, 0, 1, 1, 0, 1, 1, 1, 1, 1, 0, 1, 0, 0, 1, 1, 1, 0, 1, 1, 1, 1, 1, 0, 0, 0, 1, 1, 0, 1, 0, 1, 1, 0, 0, 1, 0, 0, 1, 1, 1, 1, 0, 1, 0, 0, 0, 0, 0, 0, 1, 0, 1, 0, 1, 0, 0, 1, 1, 1, 1, 1, 1, 1, 0, 1, 1, 1, 1, 0, 1, 0, 1, 1, 0, 1, 1, 1, 1, 0, 1, 1, 0, 1, 1, 1, 0, 0, 0, 1, 0, 1, 1, 1, 1, 0, 1, 1, 1, 1, 1, 1, 0, 1, 1, 1, 0, 1, 0, 0, 0, 1, 0, 1, 1, 0, 1, 1, 1, 1, 0, 1, 1, 1, 1, 1, 1, 0, 0, 1, 1, 0, 1, 1, 1, 1, 0, 1, 0, 0, 1, 0, 1, 1, 1, 1, 1, 0, 0, 1, 1, 0, 1, 1, 1, 0, 1, 0, 1, 1, 0, 1, 0, 0, 1, 0, 1, 0, 1, 1, 1, 0, 0, 0, 0, 0, 0, 0, 0, 1, 1, 0, 0, 0, 1, 1, 1, 1, 1, 1, 1, 1, 0, 1, 0, 0, 1, 1, 1, 1, 1, 1, 0, 1, 1, 1, 1, 1, 0, 1, 0, 1, 1, 1, 1, 0, 0, 1, 0, 0, 1, 1, 0, 1, 1, 1, 0, 0, 1, 1, 0, 1, 0, 0, 0, 1, 1, 0, 0, 1, 1, 1, 1, 0, 1, 0, 0, 0, 1, 1, 1, 1, 1, 0, 1, 0, 1, 1, 0, 0, 0, 1, 1, 1, 0, 1, 0, 0, 1, 1, 1, 1, 0, 1, 1, 1, 1, 1, 0, 1, 1, 1, 1, 1, 1, 0, 1, 1, 1, 0, 1, 1, 1, 1, 0, 1, 1, 1, 1, 1, 1, 0, 0, 1, 0, 0, 0, 0, 0, 0, 0, 1, 1, 1, 1, 0, 0, 0, 0, 1, 0, 1, 1, 0, 1, 1, 0, 1, 1, 0, 1, 0, 0, 1, 0, 1, 1, 1, 1, 0, 1, 0, 1, 1, 1, 1, 1, 0, 0, 0, 1, 1, 1, 1, 0, 0, 1, 1, 1, 1, 1, 1, 1, 0, 1, 1, 0, 1, 0, 0, 0, 1, 0, 1, 1, 1, 1, 0, 0, 1, 0, 0, 0, 0, 1, 0, 0, 0, 1, 0, 0, 1, 1, 1, 0, 1, 1, 0, 1, 1, 0, 1, 0, 1, 0, 1, 1, 1, 0, 1, 1, 1, 1, 1, 1, 1, 1, 0, 0, 1, 1, 0, 0, 1, 0, 0, 1, 1, 0, 0, 1, 1, 0, 1, 0, 0, 1, 0, 1, 1, 1, 0, 0, 1, 0, 0, 1, 0, 1, 1, 0, 1, 1, 0, 1, 0, 1, 0, 0, 0, 1, 0, 1, 1, 0, 1, 1, 1, 0, 1, 1, 1, 1, 1, 1, 0, 1, 0, 0, 1, 1, 1, 1, 1, 1, 0, 1, 1, 0, 0, 0, 1, 1, 0, 0, 1, 1, 1, 1, 1, 1, 0, 1, 1, 1, 1, 0, 0, 1, 1, 1, 0, 1, 0, 0, 1, 1, 0, 1, 1, 1, 0, 1, 0, 0, 1, 1, 1, 1, 1, 1, 0, 1, 1, 0, 0, 1, 0, 1, 1, 0, 1, 0, 0, 1, 1, 0, 1, 1, 0, 0, 1, 1, 0, 0, 1, 0, 0, 0, 1, 1, 0, 1, 1, 0, 1, 1, 1, 1, 0, 0, 1, 0, 0, 0, 0, 1, 0, 0, 1, 0, 0, 1, 1, 0, 1, 0, 0, 1, 0, 0, 1, 1, 1, 1, 1, 1, 0, 1, 0, 0, 1, 0, 1, 1, 0, 1, 1, 1, 0, 1, 0, 1, 0, 0, 1, 0, 0, 1, 1, 1, 0, 1, 1, 1, 1, 1, 0, 1, 0, 1, 1, 0, 0, 1, 1, 1, 0, 0, 1, 1, 0, 0, 1, 0, 1, 1, 0, 1, 0, 0, 0, 1, 1, 0, 0, 0, 1, 0, 0, 1, 0, 1, 1, 0, 1, 1, 0, 0, 0, 0, 0, 1, 1, 1, 0, 1, 0, 1, 1, 0, 1, 1, 0, 0, 1, 1, 0, 1, 1, 1, 0, 0, 1, 0, 1, 0, 1, 1, 1, 0, 0, 1, 1, 1, 1, 1, 0, 1, 0, 1, 1, 0, 1, 1, 1, 1, 1, 0, 1, 0, 1, 1, 1, 0, 0, 1, 0, 1, 0, 1, 0, 0, 0, 0, 1, 1, 1, 0, 0, 0, 1, 1, 1, 0, 0, 0, 1, 1, 0, 1, 1, 0, 0, 0, 0, 1, 1, 1, 0, 0, 0, 0, 1, 0, 0, 0, 1, 1, 0, 1, 1, 1, 0, 0, 1, 0, 0, 0, 0, 1, 1, 0, 1, 1, 1, 1, 1, 1, 1, 1, 1, 1, 1, 0, 0, 0, 1, 1, 0, 0, 0, 1, 1, 1, 1, 1, 1, 0, 0, 0, 0, 1, 1, 0, 1, 0, 0, 1, 1, 0, 0, 0, 1, 1, 1, 1, 0, 1, 1, 1, 0, 1, 1, 1, 0, 1, 1, 0, 0, 0, 1, 1, 0, 1, 1, 0, 1, 1, 0, 1, 0, 0, 0, 0, 0, 1, 1, 1, 1, 1, 1, 0, 1, 0, 1, 1, 0, 1, 1, 0, 1, 1, 1, 1, 0, 1, 1, 1, 1, 1, 0, 0, 1, 0, 1, 1, 0, 0, 0, 0, 0, 1, 1, 1, 1, 1, 1, 0, 1, 0, 1, 0, 1, 0, 0, 1, 0, 0, 0, 0, 1, 1, 0, 0, 1, 1, 1, 0, 1, 0, 0, 0, 1, 1, 1, 0, 1, 0, 0, 0, 0, 0, 0, 1, 1, 1, 0, 1, 1, 0, 1, 1, 1, 1, 1, 1, 1, 1, 1, 0, 1, 1, 0, 1, 0, 1, 0, 1, 1, 1, 1, 1, 0, 0, 0, 1, 0, 1, 0, 1, 1, 1, 1, 1, 1, 1, 1, 1, 0, 1, 0, 1, 0, 1, 1, 0, 1, 1, 1, 1, 0, 1, 0, 1, 1, 1, 1, 1, 1, 1, 1, 0, 1, 1, 1, 0, 0, 1, 0, 1, 1, 1, 0, 1, 0, 1, 1, 1, 1, 0, 1, 1, 0, 1, 0, 0, 1, 0, 1, 1, 0, 1, 0, 1, 0, 1, 0, 1, 0, 1, 0, 1, 0, 0, 0, 1, 1, 0, 1, 1, 0, 1, 1, 0, 0, 1, 1, 0, 1, 1, 1, 1, 1, 1, 1, 1, 1, 0, 0, 0, 0, 0, 0, 1, 0, 1, 0, 1, 1, 0, 0, 1, 1, 0, 1, 0, 0, 1, 1, 0, 0, 0, 1, 1, 0, 0, 0, 1, 0, 0, 0, 1, 0, 1, 1, 1, 1, 1, 1, 1, 0, 1, 0, 1, 1, 1, 1, 1, 1, 0, 1, 0, 1, 1, 1, 1, 1, 1, 0, 1, 0, 1, 1, 1, 1, 1, 0, 1, 0, 1, 1, 0, 1, 0, 0, 0, 0, 0, 1, 1, 0, 1, 0, 1, 1, 0, 0, 0, 1, 0, 0, 1, 1, 0, 0, 0, 1, 1, 0, 0, 0, 1, 1, 0, 1, 0, 0, 1, 0, 1, 1, 1, 1, 1, 1, 1, 0, 0, 1, 1, 0, 0, 0, 1, 1, 1, 0, 0, 1, 0, 0, 0, 1, 0, 0, 0, 0, 1, 1, 0, 0, 1, 0, 0, 1, 0, 1, 0, 0, 1, 0, 0, 1, 1, 1, 0, 1, 0, 1, 0, 1, 0, 0, 1, 0, 0, 0, 1, 0, 0, 0, 1, 0, 0, 1, 0, 1, 0, 1, 1, 1, 0, 0, 0, 1, 0, 0, 0, 1, 0, 1, 1, 1, 1, 0, 0, 1, 1, 1, 1, 0, 0, 1, 0, 1, 0, 0, 0, 0, 0, 1, 1, 1, 1, 0, 0, 0, 1, 1, 1, 0, 1, 0, 1, 0, 1, 0, 1, 1, 0, 0, 0, 1, 0, 0, 0, 0, 1, 0, 0, 1, 0, 0, 1, 1, 1, 1, 0, 0, 0, 1, 0, 1, 1, 0, 0, 0, 0, 0, 0, 0, 1, 1, 1, 1, 0, 0, 0, 1, 1, 1, 0, 0, 0, 1, 0, 0, 1, 1, 1, 1, 0, 1, 0, 1, 1, 1, 1, 1, 1, 1, 1, 1, 0, 1, 1, 0, 0, 0, 1, 1, 1, 0, 1, 1, 1, 1, 1, 1, 1, 1, 0, 1, 1, 1, 1, 0, 0, 0, 1, 1, 1, 0, 1, 0, 1, 1, 0, 1, 1, 1, 1, 0, 0, 0, 1, 1, 1, 0, 0, 0, 1, 1, 0, 1, 1, 0, 0, 1, 1, 0, 1, 1, 1, 1, 0, 1, 1, 1, 1, 1, 1, 0, 1, 0, 0, 0, 0, 1, 1, 1, 0, 0, 1, 0, 1, 0, 0, 0, 0, 0, 1, 0, 1, 0, 0, 0, 1, 1, 0, 1, 0, 1, 1, 0, 0, 1, 1, 0, 0, 0, 0, 1, 0, 1, 1, 1, 0, 1, 1, 0, 0, 0, 1, 1, 1, 1, 1, 1, 1, 1, 0, 1, 1, 1, 0, 1, 1, 1, 0, 1, 1, 0, 0, 0, 0, 1, 0, 1, 1, 0, 1, 0, 1, 0, 0, 0, 1, 1, 0, 1, 1, 0, 0, 0, 0, 0, 0, 1, 0, 1, 1, 1, 1, 1, 1, 1, 0, 0, 1, 0, 0, 0, 1, 1, 1, 1, 1, 1, 1, 0, 1, 1, 0, 0, 1, 0, 0, 1, 1, 0, 1, 1, 1, 1, 1, 0, 1, 1, 1, 0, 0, 0, 1, 1, 1, 0, 0, 0, 1, 0, 0, 0, 0, 0, 0, 1, 1, 1, 1, 1, 0, 1, 0, 0, 0, 1, 0, 1, 0, 1, 1, 1, 1, 1, 1, 1, 1, 1, 0, 0, 1, 1, 1, 0, 0, 0, 1, 1, 1, 1, 1, 0, 0, 0, 1, 1, 1, 1, 1, 0, 1, 1, 1, 0, 0, 0, 0, 1, 0, 1, 0, 0, 1, 0, 1, 0, 1, 0, 0, 0, 1, 0, 1, 1, 0, 0, 0, 1, 1, 0, 1, 0, 1, 1, 0, 1, 1, 1, 0, 1, 0, 0, 0, 1, 0, 1, 1, 0, 1, 0, 0, 0, 1, 0, 0, 1, 0, 1, 0, 1, 1, 1, 0, 0, 0, 1, 1, 1, 1, 0, 1, 0, 1, 1, 1, 1, 0, 1, 1, 1, 1, 1, 1, 1, 1, 1, 1, 0, 1, 1, 1, 0, 1, 1, 1, 0, 0, 1, 0, 0, 1, 1, 1, 1, 1, 1, 1, 1, 1, 1, 0, 1, 0, 0, 1, 1, 1, 1, 0, 0, 1, 0, 1, 1, 0, 0, 1, 0, 1, 1, 0, 0, 0, 1, 0, 0, 0, 1, 1, 1, 1, 0, 1, 1, 1, 1, 1, 1, 1, 1, 1, 1, 0, 0, 1, 0, 0, 1, 1, 0, 0, 0, 1, 1, 1, 0, 1, 0, 1, 1, 1, 0, 1, 1, 0, 0, 1, 1, 1, 1, 0, 1, 0, 1, 0, 1, 0, 1, 1, 0, 1, 1, 1, 1, 1, 1, 1, 0, 1, 0, 0, 1, 1, 0, 0, 0, 0, 1, 1, 0, 1, 0, 0, 0, 1, 0, 1, 1, 1, 1, 1, 0, 0, 1, 1, 0, 1, 1, 0, 0, 0, 1, 1, 1, 1, 0, 0, 0, 0, 1, 1, 0, 1, 0, 1, 1, 1, 0, 0, 1, 0, 0, 1, 1, 0, 1, 0, 1, 0, 0, 0, 1, 1, 0, 1, 1, 1, 0, 0, 1, 1, 1, 1, 1, 0, 0, 0, 0, 1, 1, 0, 1, 1, 0, 1, 0, 0, 1, 0, 0, 1, 0, 0, 0, 1, 1, 0, 1, 1, 1, 0, 1, 1, 1, 1, 1, 1, 1, 0, 1, 0, 1, 0, 1, 1, 1, 1, 1, 1, 1, 0, 1, 0, 1, 1, 1, 0, 1, 0, 1, 0, 0, 1, 1, 1, 1, 1, 1, 0, 0, 0, 1, 1, 0, 0, 0, 0, 0, 0, 1, 0, 1, 0, 1, 1, 0, 1, 1, 1, 1, 1, 1, 0, 1, 1, 1, 1, 0, 0, 1, 1, 1, 1, 1, 0, 1, 1, 1, 0, 0, 1, 0, 1, 0, 0, 1, 1, 0, 1, 1, 1, 0, 0, 1, 1, 0, 0, 1, 1, 0, 0, 0, 0, 1, 1, 1, 1, 0, 1, 1, 0, 1, 0, 1, 1, 1, 1, 1, 0, 1, 1, 1, 0, 1, 1, 1, 0, 1, 1, 0, 1, 0, 0, 0, 0, 1, 0, 0, 0, 0, 1, 0, 1, 0, 1, 0, 0, 0, 1, 1, 1, 1, 0, 0, 0, 1, 1, 0, 1, 0, 0, 1, 0, 0, 0, 0, 0, 1, 0, 1, 0, 0, 0, 1, 0, 0, 0, 1, 1, 1, 0, 0, 0, 1, 0, 0, 0, 1, 0, 1, 1, 1, 1, 0, 1, 1, 0, 0, 1, 0, 1, 0, 0, 1, 1, 1, 0, 1, 0, 1, 1, 1, 1, 1, 0, 1, 0, 1, 0, 1, 1, 1, 0, 0, 0, 0, 0, 1, 0, 1, 1, 1, 1, 1, 0, 1, 0, 1, 1, 0, 1, 1, 1, 0, 1, 1, 1, 0, 1, 1, 1, 1, 0, 0, 1, 0, 1, 1, 1, 0, 1, 0, 0, 1, 1, 0, 1, 0, 1, 1, 0, 0, 0, 0, 1, 1, 0, 1, 1, 1, 1, 0, 0, 0, 1, 1, 1, 1, 1, 0, 0, 0, 1, 1, 0, 0, 0, 1, 1, 1, 1, 0, 1, 1, 0, 1, 1, 1, 1, 0, 0, 0, 0, 1, 1, 0, 1, 1, 0, 0, 0, 1, 1, 1, 0, 1, 0, 1, 1, 1, 1, 1, 0, 0, 0, 1, 0, 1, 1, 1, 1, 1, 1, 0, 1, 1, 1, 0, 0, 0, 1, 0, 1, 0, 1, 0, 1, 1, 1, 1, 0, 1, 0, 1, 1, 0, 0, 1, 0, 1, 1, 0, 1, 0, 1, 1, 0, 0, 1, 0, 0, 1, 1, 1, 0, 1, 0, 0, 1, 1, 0, 1, 1, 1, 1, 0, 0, 0, 0, 1, 1, 0, 1, 0, 0, 1, 1, 1, 0, 0, 1, 0, 0, 1, 1, 1, 1, 0, 1, 1, 1, 0, 0, 0, 1, 1, 0, 1, 1, 1, 1, 1, 0, 1, 0, 0, 1, 0, 1, 1, 0, 1, 1, 0, 0, 1, 1, 1, 0, 1, 0, 1, 1, 0, 1, 0, 0, 1, 0, 1, 0, 1, 1, 0, 0, 1, 1, 1, 1, 0, 0, 1, 1, 1, 0, 0, 0, 0, 1, 1, 1, 1, 1, 1, 0, 1, 0, 0, 0, 1, 1, 0, 0, 0, 1, 1, 0, 0, 0, 1, 1, 0, 1, 0, 1, 1, 0, 0, 0, 1, 1, 1, 0, 1, 1, 0, 1, 1, 1, 1, 0, 0, 0, 0, 1, 0, 1, 1, 1, 1, 0, 1, 0, 1, 0, 1, 0, 0, 0, 0, 1, 0, 0, 0, 1, 1, 0, 0, 1, 0, 0, 0, 1, 0, 0, 1, 0, 0, 1, 1, 0, 1, 1, 0, 0, 1, 0, 0, 0, 1, 1, 0, 0, 1, 1, 1, 0, 0, 0, 1, 0, 0, 0, 1, 1, 1, 1, 0, 0, 1, 1, 1, 1, 0, 0, 0, 0, 0, 1, 1, 1, 1, 1, 0, 1, 1, 1, 0, 1, 0, 1, 1, 1, 1, 1, 1, 1, 1, 1, 0, 0, 1, 1, 1, 1, 0, 1, 0, 0, 1, 0, 0, 0, 0, 1, 0, 1, 1, 1, 0, 1, 1, 1, 0, 1, 1, 0, 1, 0, 0, 1, 1, 1, 0, 1, 1, 0, 1, 1, 1, 0, 1, 1, 1, 0, 0, 0, 1, 1, 0, 1, 1, 1, 1, 1, 1, 0, 1, 1, 1, 1, 1, 0, 1, 1, 1, 0, 1, 1, 1, 0, 0, 1, 0, 1, 1, 0, 0, 0, 1, 1, 0, 1, 1, 1, 1, 0, 1, 0, 1, 0, 1, 0, 0, 1, 0, 1, 0, 1, 0, 0, 1, 1, 0, 1, 1, 0, 1, 1, 0, 0, 1, 1, 0, 0, 0, 1, 1, 0, 0, 1, 0, 0, 1, 1, 0, 1, 0, 0, 1, 0, 0, 1, 0, 1, 1, 1, 0, 1, 1, 1, 1, 1, 1, 0, 1, 1, 1, 1, 1, 1, 0, 0, 0, 1, 1, 0, 0, 1, 1, 1, 0, 1, 0, 0, 0, 0, 1, 1, 1, 1, 1, 0, 0, 0, 1, 0, 0, 1, 1, 1, 0, 1, 0, 0, 1, 1, 0, 1, 1, 0, 0, 0, 1, 1, 1, 0, 1, 0, 1, 1, 1, 0, 0, 0, 0, 0, 0, 0, 1, 0, 1, 0, 1, 1, 1, 1, 1, 1, 0, 1, 1, 1, 0, 1, 0, 0, 1, 1, 0, 1, 0, 1, 1, 1, 1, 1, 0, 1, 1, 0, 1, 1, 0, 0, 1, 1, 0, 1, 1, 1, 1, 1, 1, 1, 1, 1, 0, 1, 0, 1, 0, 1, 1, 0, 0, 1, 1, 1, 1, 1, 1, 0, 0, 1, 0, 0, 1, 1, 0, 1, 0, 0, 1, 1, 0, 1, 1, 1, 1, 0, 0, 1, 1, 0, 1, 1, 0, 1, 1, 1, 1, 1, 1, 0, 0, 0, 1, 1, 1, 1, 1, 0, 0, 0, 1, 0, 0, 0, 0, 1, 0, 0, 1, 1, 1, 1, 0, 0, 0, 0, 1, 0, 1, 0, 1, 1, 1, 1, 1, 1, 1, 0, 1, 1, 1, 1, 1, 1, 1, 0, 1, 0, 0, 0, 1, 1, 0, 1, 1, 0, 1, 1, 1, 1, 1, 1, 1, 1, 0, 0, 0, 0, 1, 1, 1, 0, 1, 0, 1, 1, 1, 1, 0, 1, 1, 1, 0, 0, 1, 1, 1, 1, 1, 0, 1, 0, 1, 1, 1, 1, 1, 0, 1, 0, 1, 1, 0, 1, 1, 1, 0, 1, 0, 1, 1, 1, 1, 0, 1, 0, 0, 1, 1, 0, 1, 0, 0, 0, 1, 0, 1, 1, 1, 0, 0, 1, 1, 0, 1, 1, 0, 0, 1, 1, 1, 1, 1, 1, 1, 1, 0, 1, 0, 0, 1, 1, 1, 0, 1, 0, 0, 0, 1, 0, 1, 1, 0, 1, 1, 0, 1, 0, 1, 1, 0, 0, 1, 0, 0, 1, 1, 1, 1, 1, 1, 1, 1, 1, 0, 0, 1, 1, 1, 1, 1, 1, 0, 0, 1, 1, 1, 0, 0, 0, 1, 1, 0, 0, 1, 1, 0, 0, 1, 1, 1, 0, 0, 1, 0, 1, 0, 1, 0, 1, 0, 1, 0, 0, 0, 1, 1, 0, 0, 0, 1, 1, 0, 1, 1, 1, 0, 0, 1, 0, 1, 0, 0, 0, 1, 0, 0, 0, 1, 0, 1, 1, 1, 0, 1, 1, 1, 1, 0, 0, 1, 0, 0, 1, 0, 1, 0, 0, 1, 0, 1, 0, 1, 0, 1, 0, 1, 1, 0, 0, 0, 0, 1, 0, 0, 0, 0, 1, 1, 0, 1, 1, 0, 0, 0, 1, 0, 0, 0, 1, 0, 1, 1, 0, 1, 1, 1, 1, 0, 0, 0, 0, 0, 1, 1, 1, 0, 1, 0, 1, 1, 0, 1, 0, 0, 1, 1, 0, 1, 1, 1, 1, 1, 0, 1, 1, 1, 1, 1, 0, 0, 1, 0, 1, 0, 0, 1, 1, 1, 1, 0, 0, 1, 1, 0, 0, 0, 0, 1, 1, 1, 0, 1, 0, 1, 0, 0, 1, 0, 1, 1, 1, 0, 0, 0, 0, 1, 1, 0, 0, 1, 0, 1, 1, 1, 1, 1, 0, 1, 1, 1, 0, 0, 1, 0, 1, 0, 0, 0, 1, 0, 1, 1, 1, 1, 1, 1, 1, 1, 1, 1, 1, 1, 0, 1, 0, 0, 1, 1, 1, 0, 1, 1, 0, 1, 0, 1, 1, 1, 1, 0, 1, 0, 1, 0, 0, 0, 1, 1, 0, 1, 0, 0, 0, 0, 1, 0, 1, 1, 0, 0, 1, 1, 1, 0, 1, 0, 1, 1, 1, 0, 1, 0, 0, 0, 1, 0, 0, 0, 0, 1, 0, 1, 1, 0, 1, 1, 0, 1, 1, 0, 1, 1, 1, 1, 1, 1, 0, 1, 0, 0, 1, 1, 1, 0, 0, 1, 1, 1, 0, 1, 0, 1, 1, 0, 1, 0, 0, 1, 1, 0, 1, 1, 1, 0, 0, 1, 1, 1, 0, 0, 0, 1, 0, 0, 1, 1, 1, 1, 1, 0, 0, 1, 0, 1, 0, 0, 0, 1, 0, 1, 0, 0, 1, 1, 1, 1, 0, 0, 0, 1, 0, 0, 1, 1, 1, 0, 1, 1, 0, 1, 0, 1, 1, 0, 1, 0, 1, 1, 1, 0, 0, 1, 0, 0, 0, 0, 1, 0, 0, 1, 1, 1, 1, 1, 0, 0, 1, 0, 1, 1, 1, 0, 1, 1, 1, 0, 1, 1, 1, 0, 0, 0, 0, 1, 1, 1, 1, 0, 1, 0, 0, 1, 1, 0, 0, 1, 1, 1, 1, 0, 1, 1, 0, 0, 0, 1, 0, 0, 0, 1, 1, 0, 1, 1, 1, 1, 1, 1, 1, 1, 1, 1, 1, 1, 0, 1, 0, 1, 0, 1, 0, 1, 1, 0, 1, 0, 1, 0, 1, 1, 1, 1, 0, 1, 1, 0, 0, 1, 0, 0, 0, 1, 0, 1, 0, 0, 1, 0, 1, 0, 1, 1, 1, 1, 0, 0, 0, 1, 1, 0, 1, 0, 1, 1, 1, 1, 1, 0, 1, 1, 1, 1, 0, 0, 1, 1, 1, 0, 0, 1, 1, 0, 1, 1, 0, 1, 1, 0, 1, 1, 0, 1, 0, 0, 1, 1, 1, 1, 1, 1, 0, 0, 0, 1, 1, 0, 1, 0, 0, 0, 0, 1, 1, 1, 1, 1, 1, 0, 1, 0, 1, 1, 0, 1, 0, 0, 1, 1, 0, 1, 1, 1, 0, 0, 1, 1, 0, 1, 1, 0, 1, 1, 1, 1, 0, 1, 1, 0, 0, 1, 0, 1, 0, 0, 0, 1, 1, 0, 0, 1, 0, 0, 1, 0, 1, 1, 0, 1, 1, 1, 1, 0, 0, 1, 1, 1, 0, 0, 1, 1, 0, 1, 0, 1, 1, 1, 1, 0, 1, 1, 1, 0, 0, 1, 0, 0, 0, 1, 1, 1, 1, 1, 0, 0, 0, 1, 1, 0, 0, 0, 1, 1, 1, 1, 1, 1, 1, 1, 0, 1, 0, 1, 1, 1, 0, 0, 1, 1, 0, 1, 1, 1, 0, 0, 0, 0, 0, 0, 1, 0, 1, 1, 1, 1, 1, 1, 1, 0, 1, 0, 1, 1, 0, 1, 0, 0, 1, 1, 0, 1, 1, 1, 1, 0, 1, 1, 1, 1, 0, 1, 1, 1, 0, 1, 1, 1, 0, 1, 0, 0, 1, 0, 0, 1, 0, 0, 0, 1, 1, 1, 1, 1, 1, 1, 1, 0, 0, 1, 1, 0, 1, 1, 1, 1, 1, 0, 1, 0, 0, 1, 1, 1, 1, 0, 1, 1, 1, 0, 1, 0, 1, 1, 1, 1, 1, 1, 1, 0, 0, 0, 1, 0, 1, 1, 1, 1, 0, 0, 0, 1, 1, 1, 1, 1, 0, 1, 1, 1, 0, 1, 0, 1, 0, 0, 0, 1, 1, 0, 1, 0, 1, 1, 0, 1, 0, 0, 1, 0, 1, 1, 1, 1, 0, 1, 0, 1, 1, 1, 1, 1, 1, 1, 1, 0, 0, 1, 1, 0, 1, 1, 0, 1, 1, 1, 1, 0, 1, 0, 1, 1, 0, 0, 1, 0, 0, 1, 0, 0, 0, 0, 1, 1, 1, 0, 1, 0, 0, 1, 1, 0, 1, 0, 0, 1, 0, 1, 1, 0, 0, 1, 0, 0, 1, 0, 1, 1, 1, 1, 0, 0, 0, 1, 0, 0, 0, 1, 1, 0, 1, 1, 0, 1, 1, 0, 1, 0, 0, 1, 0, 0, 1, 0, 1, 0, 1, 1, 1, 1, 0, 1, 1, 0, 0, 1, 1, 0, 1, 1, 0, 0, 0, 1, 0, 0, 0, 1, 0, 0, 1, 0, 0, 1, 1, 0, 0, 0, 0, 1, 0, 0, 1, 1, 0, 0, 1, 1, 1, 1, 1, 1, 1, 0, 1, 1, 0, 0, 1, 1, 0, 0, 1, 0, 1, 0, 1, 1, 0, 0, 0, 0, 0, 0, 1, 1, 0, 1, 1, 0, 1, 1, 0, 0, 1, 0, 1, 1, 1, 1, 1, 1, 1, 0, 0, 1, 1, 0, 1, 1, 1, 1, 1, 1, 0, 1, 1, 0, 1, 1, 1, 1, 1, 0, 0, 0, 1, 1, 1, 1, 0, 0, 1, 1, 1, 0, 0, 0, 1, 0, 0, 1, 0, 1, 0, 0, 1, 0, 1, 0, 0, 1, 1, 1, 0, 1, 1, 0, 1, 0, 0, 1, 1, 0, 1, 1, 1, 1, 0, 1, 1, 1, 1, 1, 0, 0, 1, 0, 1, 0, 1, 1, 1, 1, 1, 0, 0, 0, 0, 1, 1, 0, 1, 1, 1, 1, 0, 1, 1, 1, 1, 0, 1, 1, 0, 1, 1, 1, 0, 0, 1, 0, 0, 0, 1, 1, 1, 1, 0, 1, 1, 1, 1, 1, 1, 0, 0, 0, 1, 1, 1, 1, 1, 0, 1, 0, 0, 1, 0, 1, 1, 0, 1, 1, 0, 0, 1, 0, 1, 0, 1, 1, 1, 1, 1, 0, 0, 1, 0, 1, 1, 1, 0, 1, 1, 0, 1, 1, 1, 0, 1, 1, 1, 1, 1, 1, 1, 0, 0, 1, 1, 1, 1, 1, 1, 0, 0, 0, 1, 1, 0, 0, 1, 0, 1, 0, 0, 1, 1, 0, 0, 0, 0, 0, 0, 1, 1, 0, 1, 1, 1, 1, 0, 1, 1, 1, 0, 0, 1, 1, 0, 0, 1, 1, 1, 1, 1, 1, 0, 1, 1, 0, 1, 1, 0, 0, 1, 0, 1, 1, 1, 0, 1, 0, 0, 0, 0, 0, 1, 1, 1, 1, 1, 0, 1, 0, 1, 0, 1, 1, 1, 1, 0, 1, 0, 1, 0, 0, 0, 1, 1, 1, 0, 1, 1, 0, 1, 1, 0, 1, 0, 1, 1, 0, 1, 0, 1, 1, 0, 1, 1, 1, 1, 1, 0, 0, 1, 1, 1, 0, 1, 1, 1, 1, 1, 0, 0, 1, 0, 0, 0, 1, 1, 0, 1, 1, 1, 0, 0, 0, 0, 1, 1, 1, 1, 1, 1, 1, 1, 0, 1, 0, 0, 0, 1, 1, 1, 1, 0, 0, 0, 1, 0, 1, 0, 0, 1, 0, 1, 1, 0, 1, 0, 0, 0, 0, 1, 1, 0, 1, 1, 1, 1, 1, 0, 0, 0, 1, 1, 0, 1, 1, 1, 1, 1, 1, 1, 1, 1, 0, 1, 0, 0, 1, 1, 1, 1, 1, 1, 1, 0, 0, 1, 0, 1, 1, 1, 0, 1, 1, 1, 1, 0, 0, 1, 1, 1, 0, 0, 1, 1, 1, 1, 1, 0, 1, 1, 0, 0, 0, 1, 1, 0, 1, 0, 0, 1, 1, 0, 1, 1, 0, 1, 0, 1, 1, 1, 0, 1, 0, 0, 1, 0, 0, 1, 0, 1, 0, 1, 0, 0, 0, 0, 1, 1, 1, 0, 1, 0, 0, 0, 1, 1, 1, 0, 0, 1, 1, 0, 1, 0, 0, 1, 1, 1, 0, 1, 1, 1, 1, 1, 1, 1, 1, 1, 1, 1, 1, 1, 1, 1, 1, 0, 1, 0, 1, 1, 0, 1, 0, 1, 0, 1, 0, 1, 0, 0, 1, 1, 1, 0, 1, 1, 1, 1, 1, 0, 0, 0, 1, 0, 0, 1, 0, 0, 1, 0, 0, 0, 1, 1, 1, 1, 1, 0, 0, 0, 1, 0, 1, 1, 0, 1, 0, 1, 1, 1, 0, 0, 0, 1, 0, 0, 1, 0, 1, 0, 0, 1, 1, 1, 1, 1, 0, 1, 1, 1, 1, 1, 0, 1, 1, 0, 1, 1, 0, 0, 0, 1, 1, 0, 1, 0, 1, 1, 0, 1, 1, 1, 1, 1, 0, 0, 1, 0, 1, 1, 1, 0, 1, 1, 1, 1, 0, 0, 0, 0, 1, 0, 1, 1, 0, 1, 0, 0, 1, 0, 1, 0, 0, 0, 0, 1, 0, 0, 1, 1, 0, 0, 0, 1, 0, 1, 0, 0, 1, 1, 0, 1, 1, 0, 1, 0, 1, 0, 0, 0, 1, 1, 1, 1, 0, 0, 1, 0, 0, 0, 1, 1, 0, 1, 0, 1, 1, 0, 1, 1, 1, 0, 1, 0, 0, 0, 1, 0, 1, 0, 0, 1, 1, 1, 1, 1, 0, 1, 0, 1, 1, 0, 0, 1, 1, 1, 0, 1, 0, 0, 0, 0, 0, 0, 1, 1, 0, 0, 1, 0, 1, 1, 1, 1, 1, 1, 1, 1, 1, 0, 1, 1, 1, 0, 0, 0, 1, 0, 1, 0, 1, 1, 0, 1, 1, 0, 0, 0, 0, 1, 1, 1, 0, 1, 0, 1, 1, 1, 1, 1, 1, 0, 0, 0, 1, 0, 0, 0, 1, 1, 0, 0, 0, 0, 1, 0, 0, 1, 1, 1, 1, 0, 0, 1, 1, 0, 0, 1, 1, 0, 1, 0, 1, 1, 1, 0, 1, 1, 1, 1, 0, 0, 0, 1, 1, 1, 1, 1, 1, 1, 1, 1, 0, 0, 1, 1, 1, 1, 1, 1, 0, 1, 1, 1, 0, 1, 1, 1, 0, 1, 1, 1, 0, 1, 0, 1, 0, 1, 1, 0, 0, 1, 0, 1, 1, 1, 1, 1, 0, 1, 0, 1, 0, 0, 0, 1, 0, 0, 1, 0, 0, 1, 1, 1, 1, 1, 0, 0, 0, 1, 1, 1, 1, 0, 1, 1, 1, 0, 0, 1, 1, 0, 0, 0, 1, 0, 1, 0, 1, 1, 1, 1, 1, 1, 0, 1, 0, 1, 0, 1, 1, 0, 0, 0, 0, 1, 1, 1, 0, 1, 1, 1, 1, 1, 1, 0, 1, 0, 1, 0, 0, 0, 0, 1, 1, 1, 0, 1, 0, 0, 1, 0, 1, 0, 0, 1, 1, 1, 0, 1, 1, 1, 0, 1, 1, 0, 1, 0, 0, 0, 0, 0, 0, 1, 0, 0, 1, 0, 1, 0, 1, 1, 1, 1, 0, 1, 0, 0, 1, 0, 1, 1, 1, 1, 1, 1, 1, 1, 0, 1, 1, 1, 1, 1, 1, 1, 1, 1, 1, 1, 1, 0, 0, 1, 1, 1, 1, 0, 0, 1, 0, 1, 0, 1, 0, 0, 1, 0, 1, 0, 1, 0, 0, 0, 1, 1, 0, 0, 1, 0, 0, 1, 0, 0, 0, 1, 0, 1, 1, 0, 1, 1, 1, 0, 1, 0, 1, 1, 0, 0, 0, 1, 1, 0, 0, 1, 0, 0, 1, 0, 1, 0, 1, 1, 0, 1, 0, 1, 1, 0, 1, 0, 1, 1, 0, 1, 1, 1, 1, 0, 0, 0, 1, 0, 0, 1, 1, 0, 1, 0, 0, 1, 0, 1, 1, 1, 0, 1, 1, 1, 1, 1, 0, 1, 1, 1, 0, 0, 1, 1, 0, 0, 1, 0, 1, 1, 1, 0, 1, 1, 0, 0, 0, 0, 1, 1, 0, 0, 0, 1, 1, 1, 1, 1, 0, 0, 0, 0, 1, 1, 0, 1, 1, 1, 1, 1, 1, 0, 0, 1, 0, 1, 1, 0, 1, 0, 0, 1, 0, 1, 1, 1, 0, 0, 1, 1, 0, 1, 1, 0, 1, 1, 0, 1, 0, 0, 1, 0, 1, 1, 0, 1, 0, 1, 1, 1, 1, 1, 1, 1, 0, 0, 1, 0, 0, 0, 0, 1, 0, 0, 1, 0, 1, 1, 1, 0, 0, 1, 1, 1, 1, 1, 1, 0, 1, 1, 0, 0, 0, 0, 1, 1, 1, 0, 1, 1, 1, 0, 1, 0, 1, 0, 1, 1, 0, 1, 1, 0, 1, 0, 1, 1, 1, 1, 1, 1, 0, 0, 1, 1, 1, 1, 1, 0, 1, 1, 0, 1, 0, 1, 1, 0, 1, 1, 1, 1, 0, 0, 1, 1, 1, 1, 1, 0, 1, 1, 0, 1, 0, 1, 1, 1, 1, 0, 1, 1, 0, 1, 0, 1, 1, 0, 1, 0, 1, 0, 1, 1, 0, 0, 1, 1, 1, 0, 1, 1, 1, 0, 1, 1, 0, 1, 0, 1, 0, 0, 0, 1, 1, 1, 1, 0, 0, 0, 1, 0, 1, 1, 1, 1, 1, 0, 1, 0, 1, 1, 1, 1, 0, 1, 1, 1, 1, 1, 1, 1, 1, 1, 0, 1, 1, 1, 0, 1, 1, 1, 1, 1, 0, 0, 0, 0, 0, 1, 1, 1, 0, 0, 0, 1, 1, 0, 1, 1, 0, 1, 0, 0, 1, 0, 0, 1, 1, 1, 1, 1, 1, 0, 0, 1, 1, 1, 1, 0, 1, 0, 0, 1, 0, 0, 1, 1, 1, 0, 1, 0, 1, 0, 1, 0, 1, 0, 1, 1, 1, 0, 1, 0, 1, 1, 0, 1, 0, 1, 1, 1, 1, 1, 0, 0, 0, 1, 1, 1, 1, 0, 1, 1, 0, 0, 1, 0, 1, 1, 0, 0, 1, 1, 0, 0, 0, 0, 1, 1, 0, 1, 0, 1, 0, 0, 0, 1, 1, 0, 1, 1, 1, 1, 1, 0, 1, 1, 1, 0, 1, 1, 0, 0, 1, 1, 0, 1, 0, 0, 0, 0, 0, 1, 1, 0, 1, 0, 1, 0, 0, 1, 0, 1, 1, 0, 1, 1, 1, 1, 1, 1, 0, 0, 0, 1, 0, 0, 1, 0, 1, 0, 0, 1, 0, 0, 1, 0, 0, 1, 0, 1, 1, 1, 1, 1, 0, 1, 1, 1, 1, 1, 1, 0, 0, 1, 1, 0, 1, 1, 0, 1, 0, 1, 1, 1, 0, 1, 1, 0, 1, 1, 0, 1, 0, 1, 0, 0, 1, 1, 1, 0, 0, 1, 1, 1, 1, 0, 1, 1, 1, 0, 1, 0, 0, 0, 0, 0, 1, 0, 1, 0, 1, 1, 1, 1, 1, 0, 1, 0, 0, 0, 1, 0, 0, 0, 0, 1, 0, 0, 1, 0, 1, 1, 1, 1, 1, 0, 1, 0, 1, 0, 1, 0, 1, 0, 0, 1, 0, 1, 1, 1, 0, 1, 1, 0, 1, 1, 0, 1, 0, 0, 0, 0, 0, 0, 1, 1, 1, 0, 1, 1, 0, 0, 0, 1, 0, 1, 1, 1, 0, 1, 1, 1, 0, 0, 0, 1, 0, 1, 1, 1, 1, 1, 0, 0, 1, 1, 1, 1, 0, 0, 1, 0, 1, 1, 1, 1, 1, 1, 1, 1, 1, 1, 0, 0, 1, 0, 1, 0, 0, 1, 0, 0, 1, 0, 0, 0, 0, 1, 1, 1, 1, 0, 1, 1, 0, 0, 1, 1, 0, 1, 0, 0, 1, 1, 0, 0, 0, 0, 1, 1, 0, 1, 1, 0, 1, 0, 0, 1, 1, 1, 0, 1, 0, 0, 0, 1, 1, 0, 1, 1, 1, 0, 1, 0, 1, 1, 1, 0, 0, 1, 1, 1, 0, 0, 0, 1, 0, 0, 1, 0, 0, 1, 1, 0, 0, 1, 0, 0, 0, 0, 1, 1, 1, 0, 1, 1, 1, 0, 1, 0, 0, 0, 1, 1, 0, 1, 1, 0, 0, 0, 0, 1, 1, 1, 1, 1, 0, 0, 1, 1, 1, 0, 0, 0, 0, 1, 0, 0, 0, 0, 0, 1, 0, 0, 1, 1, 0, 1, 1, 0, 1, 0, 0, 1, 1, 1, 1, 0, 0, 0, 1, 0, 0, 0, 0, 1, 0, 1, 1, 1, 1, 0, 1, 0, 0, 0, 0, 0, 0, 0, 1, 1, 0, 1, 1, 1, 0, 1, 0, 1, 1, 1, 1, 0, 1, 1, 1, 1, 1, 1, 0, 1, 1, 1, 1, 1, 1, 1, 1, 0, 1, 0, 1, 0, 1, 1, 1, 0, 0, 1, 1, 1, 1, 1, 0, 1, 1, 1, 1, 0, 1, 1, 1, 1, 0, 0, 1, 1, 1, 0, 1, 0, 0, 0, 0, 1, 1, 0, 1, 0, 0, 0, 1, 1, 1, 1, 0, 1, 1, 1, 1, 0, 0, 1, 1, 1, 0, 1, 0, 0, 1, 1, 0, 1, 0, 1, 0, 0, 0, 0, 1, 1, 1, 1, 1, 0, 0, 0, 0, 1, 1, 0, 1, 1, 1, 1, 0, 0, 1, 1, 0, 1, 1, 1, 0, 1, 1, 1, 0, 0, 0, 1, 1, 0, 0, 1, 1, 1, 0, 1, 1, 0, 1, 0, 1, 1, 0, 0, 1, 0, 1, 1, 1, 1, 0, 1, 1, 0, 1, 1, 1, 1, 1, 1, 1, 1, 1, 0, 1, 0, 0, 1, 1, 0, 1, 0, 1, 0, 1, 0, 0, 1, 1, 0, 1, 1, 1, 0, 1, 1, 1, 1, 1, 0, 1, 0, 1, 1, 0, 0, 1, 0, 0, 0, 1, 1, 0, 1, 0, 1, 1, 0, 1, 0, 1, 1, 0, 1, 1, 0, 1, 1, 1, 0, 1, 0, 1, 1, 0, 0, 1, 0, 1, 1, 0, 0, 1, 0, 0, 0, 1, 1, 1, 0, 1, 0, 1, 0, 1, 1, 1, 1, 1, 1, 1, 1, 1, 1, 1, 1, 0, 0, 0, 1, 1, 0, 0, 1, 1, 0, 1, 0, 0, 1, 1, 0, 1, 0, 0, 0, 1, 1, 1, 0, 1, 1, 1, 1, 1, 0, 1, 1, 1, 1, 0, 1, 0, 1, 1, 1, 0, 1, 1, 0, 1, 1, 0, 0, 0, 1, 1, 1, 1, 0, 0, 1, 1, 0, 1, 0, 0, 0, 1, 0, 1, 0, 1, 1, 1, 0, 1, 1, 1, 1, 1, 0, 0, 1, 0, 1, 0, 1, 1, 1, 1, 1, 1, 1, 1, 0, 0, 1, 1, 0, 1, 1, 1, 0, 0, 1, 0, 1, 0, 1, 0, 0, 1, 0, 1, 0, 1, 0, 1, 1, 0, 0, 0, 0, 0, 0, 0, 0, 1, 1, 0, 1, 1, 0, 0, 0, 0, 1, 1, 0, 1, 1, 1, 1, 1, 1, 1, 1, 1, 1, 1, 1, 0, 1, 1, 1, 1, 1, 1, 1, 0, 1, 1, 0, 1, 0, 0, 1, 1, 1, 1, 1, 1, 1, 0, 0, 1, 0, 1, 0, 1, 1, 0, 1, 0, 1, 1, 1, 0, 1, 0, 1, 0, 1, 0, 1, 0, 1, 0, 0, 0, 1, 1, 0, 0, 1, 1, 0, 1, 1, 0, 1, 0, 1, 0, 1, 1, 0, 1, 0, 0, 0, 1, 0, 1, 0, 1, 1, 1, 1, 1, 1, 1, 0, 0, 1, 1, 0, 0, 1, 1, 1, 1, 1, 0, 1, 0, 0, 1, 1, 1, 1, 0, 1, 0, 0, 0, 1, 1, 0, 1, 1, 1, 0, 0, 1, 1, 0, 1, 0, 1, 1, 0, 0, 1, 1, 1, 0, 1, 0, 1, 1, 1, 1, 1, 1, 0, 1, 1, 1, 0, 1, 0, 1, 1, 1, 1, 1, 1, 0, 0, 0, 0, 1, 1, 1, 1, 1, 1, 1, 1, 0, 1, 0, 1, 1, 1, 1, 0, 1, 0, 1, 1, 1, 0, 1, 0, 1, 0, 1, 1, 0, 0, 1, 0, 1, 0, 0, 1, 1, 0, 0, 1, 1, 1, 0, 1, 1, 0, 1, 0, 0, 1, 1, 0, 0, 0, 1, 0, 1, 0, 0, 1, 1, 1, 1, 1, 1, 0, 1, 0, 0, 1, 1, 1, 1, 0, 1, 0]}
[done] runs/iteration_round_1/M8_alpha0p1/results.json
{
  "milestone": "M8",
  "verifies": [
    "C4b"
  ],
  "per_dataset": {
    "breeds_super13": {
      "aligned": 0.442159383033419,
      "unaligned": 0.23361182519280205,
      "delta": 0.20854755784061696,
      "paired_bootstrap": {
        "diff_ci95_low": 0.1902313624678663,
        "diff_ci95_high": 0.22847043701799485,
        "p_positive": 1.0
      }
    },
    "breeds_super26": {
      "aligned": 0.3195991091314031,
      "unaligned": 0.1984966592427617,
      "delta": 0.12110244988864141,
      "paired_bootstrap": {
        "diff_ci95_low": 0.10286052338530068,
        "diff_ci95_high": 0.1391982182628062,
        "p_positive": 1.0
      }
    },
    "imagenet_val_20_easy": {
      "aligned": 0.608,
      "unaligned": 0.876,
      "delta": -0.268,
      "paired_bootstrap": {
        "diff_ci95_low": -0.30905,
        "diff_ci95_high": -0.22895000000000001,
        "p_positive": 0.0
      }
    },
    "imagenet_val_20_hard": {
      "aligned": 0.518,
      "unaligned": 0.928,
      "delta": -0.41000000000000003,
      "paired_bootstrap": {
        "diff_ci95_low": -0.4541,
        "diff_ci95_high": -0.368,
        "p_positive": 0.0
      }
    },
    "fashion_mnist_ood": {
      "aligned": 0.3641,
      "unaligned": 0.5838,
      "delta": -0.2197,
      "paired_bootstrap": {
        "diff_ci95_low": -0.23090500000000003,
        "diff_ci95_high": -0.20929999999999999,
        "p_positive": 0.0
      }
    }
  },
  "mean_top1_aligned": 0.45037169843296443,
  "mean_top1_unaligned": 0.5639816968871127,
  "delta_mean": -0.11360999845414832,
  "verdict": "conditional"
}
