
[STUDENT] aligned <- ../runs/M3_aligned_dinov2/checkpoint.pt
/data/zhenqian/Reproduction1/mechanica/multimodal/alignet_visual/code/eval_downstream.py:62: FutureWarning: You are using `torch.load` with `weights_only=False` (the current default value), which uses the default pickle module implicitly. It is possible to construct malicious pickle data which will execute arbitrary code during unpickling (See https://github.com/pytorch/pytorch/blob/main/SECURITY.md#untrusted-models for more details). In a future release, the default value for `weights_only` will be flipped to `True`. This limits the functions that could be executed during unpickling. Arbitrary objects will no longer be allowed to be loaded via this mode unless they are explicitly allowlisted by the user via `torch.serialization.add_safe_globals`. We recommend you start setting `weights_only=True` for any use case where you don't have full control of the loaded file. Please open an issue on GitHub for any issues related to this experimental feature.
  state = torch.load(ckpt, map_location="cpu")
[load] loaded student state from ../runs/M3_aligned_dinov2/checkpoint.pt
  [dataset] breeds_super13
[data] loading ALL imagenet-val bytes (50000 images) into memory ...
[data] loaded 50000 image byte-strings (6.71 GB in-memory)
extract:   0%|          | 0/6 [00:00<?, ?it/s]extract:  17%|█▋        | 1/6 [00:02<00:14,  2.98s/it]extract:  33%|███▎      | 2/6 [00:04<00:07,  1.89s/it]extract:  50%|█████     | 3/6 [00:05<00:05,  1.74s/it]extract:  67%|██████▋   | 4/6 [00:07<00:03,  1.76s/it]extract:  83%|████████▎ | 5/6 [00:08<00:01,  1.48s/it]extract: 100%|██████████| 6/6 [00:09<00:00,  1.44s/it]extract: 100%|██████████| 6/6 [00:09<00:00,  1.63s/it]
extract:   0%|          | 0/49 [00:00<?, ?it/s]extract:   2%|▏         | 1/49 [00:02<02:10,  2.71s/it]extract:   4%|▍         | 2/49 [00:03<01:24,  1.81s/it]extract:   6%|▌         | 3/49 [00:06<01:29,  1.95s/it]extract:   8%|▊         | 4/49 [00:08<01:36,  2.15s/it]extract:  10%|█         | 5/49 [00:09<01:15,  1.72s/it]extract:  12%|█▏        | 6/49 [00:11<01:18,  1.83s/it]extract:  14%|█▍        | 7/49 [00:14<01:31,  2.17s/it]extract:  16%|█▋        | 8/49 [00:15<01:17,  1.89s/it]extract:  18%|█▊        | 9/49 [00:17<01:15,  1.89s/it]extract:  20%|██        | 10/49 [00:19<01:12,  1.86s/it]extract:  22%|██▏       | 11/49 [00:20<01:00,  1.59s/it]extract:  24%|██▍       | 12/49 [00:22<01:03,  1.71s/it]extract:  27%|██▋       | 13/49 [00:24<01:07,  1.87s/it]extract:  29%|██▊       | 14/49 [00:25<00:57,  1.63s/it]extract:  31%|███       | 15/49 [00:27<00:54,  1.60s/it]extract:  33%|███▎      | 16/49 [00:29<00:56,  1.71s/it]extract:  35%|███▍      | 17/49 [00:30<00:47,  1.50s/it]extract:  37%|███▋      | 18/49 [00:31<00:45,  1.46s/it]extract:  39%|███▉      | 19/49 [00:34<00:57,  1.92s/it]extract:  41%|████      | 20/49 [00:35<00:48,  1.68s/it]extract:  43%|████▎     | 21/49 [00:37<00:49,  1.77s/it]extract:  45%|████▍     | 22/49 [00:38<00:42,  1.57s/it]extract:  47%|████▋     | 23/49 [00:39<00:36,  1.41s/it]extract:  49%|████▉     | 24/49 [00:40<00:33,  1.33s/it]extract:  51%|█████     | 25/49 [00:41<00:30,  1.27s/it]extract:  53%|█████▎    | 26/49 [00:42<00:27,  1.18s/it]extract:  55%|█████▌    | 27/49 [00:44<00:25,  1.17s/it]extract:  57%|█████▋    | 28/49 [00:45<00:24,  1.17s/it]extract:  59%|█████▉    | 29/49 [00:46<00:21,  1.06s/it]extract:  61%|██████    | 30/49 [00:47<00:20,  1.07s/it]extract:  63%|██████▎   | 31/49 [00:48<00:19,  1.09s/it]extract:  65%|██████▌   | 32/49 [00:49<00:17,  1.04s/it]extract:  67%|██████▋   | 33/49 [00:50<00:16,  1.06s/it]extract:  69%|██████▉   | 34/49 [00:51<00:15,  1.02s/it]extract:  71%|███████▏  | 35/49 [00:52<00:14,  1.04s/it]extract:  73%|███████▎  | 36/49 [00:53<00:13,  1.01s/it]extract:  76%|███████▌  | 37/49 [00:54<00:12,  1.03s/it]extract:  78%|███████▊  | 38/49 [00:55<00:11,  1.04s/it]extract:  80%|███████▉  | 39/49 [00:56<00:10,  1.06s/it]extract:  82%|████████▏ | 40/49 [00:57<00:09,  1.08s/it]extract:  84%|████████▎ | 41/49 [00:58<00:08,  1.02s/it]extract:  86%|████████▌ | 42/49 [00:59<00:07,  1.02s/it]extract:  88%|████████▊ | 43/49 [01:00<00:06,  1.05s/it]extract:  90%|████████▉ | 44/49 [01:02<00:06,  1.38s/it]extract:  92%|█████████▏| 45/49 [01:03<00:04,  1.24s/it]extract:  94%|█████████▍| 46/49 [01:05<00:04,  1.37s/it]extract:  96%|█████████▌| 47/49 [01:07<00:02,  1.48s/it]extract:  98%|█████████▊| 48/49 [01:08<00:01,  1.37s/it]extract: 100%|██████████| 49/49 [01:09<00:00,  1.25s/it]extract: 100%|██████████| 49/49 [01:09<00:00,  1.41s/it]
    -> {'top1_accuracy': 0.43541131105398456, 'ci95_low': 0.41645244215938304, 'ci95_high': 0.45261086118251925, 'n_test': 3112, 'n_train_per_class': 1, 'n_classes': 13, 'correct_per_example': [0, 0, 0, 0, 0, 0, 0, 1, 1, 1, 1, 1, 1, 1, 1, 1, 1, 1, 1, 0, 1, 1, 1, 0, 1, 1, 1, 1, 0, 1, 1, 1, 0, 0, 1, 0, 0, 0, 0, 0, 1, 0, 1, 1, 1, 0, 0, 1, 1, 0, 1, 1, 1, 1, 1, 1, 1, 1, 0, 0, 1, 0, 0, 1, 1, 1, 1, 1, 0, 1, 1, 0, 0, 0, 0, 0, 0, 0, 0, 0, 0, 0, 1, 1, 1, 1, 1, 1, 1, 0, 1, 1, 1, 1, 0, 0, 1, 1, 0, 1, 0, 0, 1, 0, 1, 0, 1, 1, 1, 0, 1, 1, 1, 0, 0, 0, 0, 0, 0, 1, 0, 0, 1, 1, 1, 1, 0, 0, 1, 0, 1, 1, 1, 1, 1, 1, 0, 0, 1, 0, 1, 0, 0, 0, 1, 0, 1, 1, 0, 0, 1, 0, 0, 0, 1, 1, 0, 1, 0, 0, 0, 0, 0, 0, 1, 0, 0, 1, 1, 1, 1, 1, 1, 1, 0, 1, 1, 1, 1, 1, 1, 1, 1, 1, 1, 0, 0, 0, 0, 1, 1, 1, 1, 1, 1, 1, 0, 1, 0, 1, 1, 1, 1, 1, 1, 1, 0, 1, 0, 0, 0, 0, 0, 0, 0, 0, 0, 0, 0, 0, 1, 0, 1, 0, 0, 1, 1, 1, 1, 1, 1, 0, 1, 0, 0, 1, 0, 0, 1, 1, 0, 0, 0, 0, 0, 0, 0, 0, 0, 0, 0, 0, 0, 0, 0, 0, 0, 0, 0, 0, 0, 0, 0, 0, 0, 0, 0, 0, 0, 0, 0, 0, 0, 0, 0, 0, 0, 0, 0, 0, 0, 0, 0, 0, 0, 0, 0, 0, 0, 0, 0, 0, 0, 0, 0, 0, 0, 0, 0, 0, 0, 0, 0, 0, 0, 0, 0, 0, 0, 0, 0, 0, 0, 0, 0, 0, 0, 0, 0, 0, 0, 0, 0, 0, 0, 0, 0, 0, 0, 0, 0, 0, 0, 0, 0, 0, 0, 0, 0, 0, 0, 0, 0, 0, 0, 0, 0, 0, 0, 0, 0, 0, 0, 0, 0, 0, 0, 0, 0, 0, 0, 0, 0, 0, 0, 0, 0, 0, 0, 0, 0, 0, 0, 0, 0, 0, 0, 0, 0, 0, 0, 0, 0, 0, 1, 1, 1, 1, 1, 1, 1, 1, 1, 1, 1, 1, 1, 1, 1, 1, 0, 1, 1, 1, 1, 1, 1, 1, 1, 1, 1, 1, 1, 1, 1, 0, 1, 1, 1, 1, 1, 1, 1, 1, 1, 1, 1, 1, 1, 1, 1, 1, 1, 1, 1, 1, 1, 1, 1, 1, 0, 1, 1, 1, 1, 1, 1, 1, 1, 1, 1, 1, 1, 1, 1, 1, 1, 1, 1, 1, 1, 1, 1, 1, 1, 1, 1, 1, 1, 1, 0, 1, 1, 1, 1, 1, 1, 1, 1, 1, 1, 1, 1, 1, 1, 1, 1, 1, 1, 1, 1, 0, 1, 1, 1, 1, 1, 1, 1, 1, 1, 1, 1, 1, 1, 1, 1, 1, 0, 1, 1, 1, 1, 1, 1, 1, 1, 1, 1, 1, 1, 1, 1, 1, 1, 1, 1, 1, 1, 1, 1, 0, 1, 1, 1, 1, 1, 1, 1, 1, 1, 1, 1, 1, 1, 1, 1, 1, 1, 1, 1, 1, 1, 1, 1, 1, 1, 1, 1, 0, 1, 1, 1, 1, 1, 1, 1, 1, 0, 0, 0, 0, 0, 0, 1, 1, 1, 1, 1, 1, 1, 1, 1, 1, 1, 1, 1, 1, 1, 1, 1, 1, 0, 1, 0, 0, 0, 0, 0, 1, 0, 1, 0, 0, 1, 0, 0, 1, 1, 1, 1, 1, 1, 1, 1, 1, 1, 1, 0, 1, 0, 1, 0, 0, 1, 1, 1, 1, 1, 1, 1, 1, 0, 0, 0, 0, 0, 0, 0, 0, 1, 1, 1, 1, 1, 1, 1, 1, 0, 0, 0, 0, 0, 1, 0, 1, 1, 1, 1, 1, 1, 1, 1, 1, 0, 0, 1, 1, 1, 0, 0, 1, 1, 1, 1, 1, 1, 1, 1, 1, 0, 0, 0, 0, 0, 0, 0, 1, 1, 1, 1, 1, 1, 1, 1, 1, 1, 0, 1, 0, 1, 1, 1, 1, 1, 1, 1, 1, 1, 0, 1, 1, 1, 1, 1, 1, 1, 1, 1, 1, 1, 1, 1, 1, 1, 1, 1, 1, 0, 0, 1, 0, 0, 0, 0, 0, 0, 0, 0, 0, 0, 0, 0, 0, 1, 1, 0, 1, 1, 1, 1, 1, 0, 0, 0, 0, 1, 0, 0, 0, 1, 0, 1, 1, 1, 1, 1, 1, 0, 0, 0, 0, 0, 0, 0, 0, 1, 1, 1, 1, 1, 1, 0, 1, 0, 0, 0, 0, 0, 0, 0, 0, 0, 0, 0, 0, 0, 0, 0, 0, 1, 1, 1, 1, 1, 1, 1, 0, 1, 1, 1, 1, 1, 1, 1, 1, 0, 0, 1, 0, 0, 0, 0, 0, 1, 1, 1, 1, 1, 1, 1, 1, 1, 1, 1, 1, 1, 1, 1, 1, 1, 1, 1, 1, 0, 1, 1, 1, 0, 0, 0, 1, 0, 0, 0, 0, 1, 1, 1, 1, 1, 1, 1, 1, 1, 1, 1, 1, 1, 1, 1, 1, 1, 1, 0, 0, 0, 0, 1, 0, 1, 1, 1, 1, 1, 1, 1, 1, 0, 0, 0, 0, 0, 0, 0, 0, 1, 1, 0, 1, 1, 1, 1, 0, 0, 0, 0, 0, 0, 0, 0, 0, 1, 0, 0, 1, 1, 1, 1, 1, 1, 1, 0, 1, 0, 1, 1, 1, 1, 0, 1, 0, 0, 1, 1, 0, 1, 1, 1, 1, 1, 1, 1, 1, 1, 1, 0, 0, 0, 0, 0, 0, 1, 1, 1, 1, 1, 1, 0, 1, 1, 1, 1, 1, 1, 1, 1, 1, 0, 1, 1, 0, 1, 1, 1, 1, 1, 0, 0, 0, 0, 1, 1, 1, 1, 1, 0, 1, 1, 1, 1, 1, 1, 1, 1, 1, 1, 1, 1, 1, 1, 1, 1, 1, 1, 1, 1, 1, 1, 1, 1, 1, 1, 1, 1, 1, 1, 0, 0, 0, 0, 0, 0, 0, 1, 1, 0, 1, 1, 1, 1, 1, 1, 1, 1, 1, 1, 1, 1, 1, 1, 1, 1, 1, 1, 1, 1, 1, 1, 1, 1, 1, 1, 1, 1, 1, 0, 0, 1, 0, 1, 0, 1, 0, 1, 1, 1, 1, 1, 1, 1, 1, 1, 1, 1, 0, 1, 1, 0, 0, 1, 0, 0, 1, 1, 0, 0, 0, 0, 0, 1, 0, 1, 0, 1, 0, 1, 1, 1, 1, 1, 1, 1, 1, 1, 0, 1, 0, 0, 1, 1, 0, 0, 0, 0, 0, 0, 0, 0, 0, 1, 1, 1, 1, 0, 0, 0, 0, 1, 1, 1, 1, 1, 1, 1, 1, 0, 0, 0, 0, 1, 1, 0, 0, 0, 1, 0, 1, 1, 1, 0, 1, 0, 1, 1, 0, 0, 0, 0, 0, 1, 1, 1, 1, 1, 1, 1, 1, 1, 0, 1, 1, 1, 1, 1, 1, 1, 1, 1, 1, 1, 1, 0, 1, 1, 1, 1, 1, 0, 1, 1, 1, 1, 1, 1, 0, 1, 1, 1, 1, 0, 1, 0, 0, 1, 0, 1, 0, 1, 1, 1, 1, 1, 1, 1, 1, 1, 1, 1, 1, 0, 1, 1, 1, 0, 0, 1, 0, 0, 1, 1, 0, 1, 1, 1, 0, 1, 1, 1, 1, 1, 1, 0, 1, 1, 1, 1, 1, 1, 0, 1, 0, 0, 1, 0, 1, 1, 1, 1, 1, 1, 1, 0, 0, 0, 0, 0, 0, 0, 0, 0, 0, 0, 0, 0, 0, 0, 0, 1, 0, 1, 1, 1, 1, 1, 1, 0, 1, 0, 0, 0, 0, 0, 0, 0, 0, 1, 1, 1, 1, 1, 1, 1, 0, 1, 1, 1, 1, 1, 1, 1, 0, 1, 1, 1, 1, 1, 1, 1, 1, 0, 1, 0, 1, 0, 0, 0, 1, 0, 0, 1, 0, 1, 1, 1, 0, 1, 1, 1, 0, 1, 1, 1, 1, 1, 0, 1, 1, 0, 1, 1, 1, 1, 1, 1, 1, 1, 1, 0, 1, 1, 0, 0, 1, 0, 0, 1, 0, 1, 1, 1, 1, 1, 1, 1, 1, 1, 1, 1, 1, 1, 1, 1, 1, 1, 1, 1, 1, 1, 1, 0, 1, 1, 1, 1, 1, 1, 1, 1, 1, 0, 0, 0, 0, 0, 0, 0, 0, 1, 1, 1, 1, 0, 0, 1, 1, 1, 0, 0, 1, 1, 1, 1, 1, 1, 1, 1, 1, 1, 1, 1, 0, 1, 1, 0, 1, 1, 1, 0, 1, 0, 0, 0, 0, 0, 0, 0, 0, 0, 0, 0, 0, 0, 0, 0, 0, 0, 0, 0, 0, 0, 0, 0, 0, 0, 0, 0, 0, 1, 0, 0, 1, 0, 0, 0, 0, 0, 0, 0, 0, 0, 0, 0, 0, 0, 0, 0, 0, 0, 0, 0, 0, 1, 0, 1, 0, 1, 0, 0, 0, 1, 0, 0, 0, 0, 1, 1, 0, 0, 1, 0, 1, 0, 0, 0, 0, 0, 0, 0, 0, 0, 0, 0, 0, 0, 0, 0, 0, 0, 0, 0, 0, 0, 0, 0, 0, 0, 0, 0, 0, 0, 0, 0, 0, 0, 0, 0, 0, 0, 0, 0, 0, 0, 0, 0, 0, 0, 0, 0, 0, 0, 0, 0, 0, 0, 0, 0, 0, 0, 0, 0, 0, 0, 0, 0, 0, 0, 0, 0, 0, 0, 0, 0, 0, 0, 1, 0, 0, 0, 1, 0, 0, 0, 0, 0, 0, 0, 0, 0, 0, 0, 0, 0, 0, 0, 0, 0, 0, 0, 0, 0, 0, 0, 0, 1, 0, 0, 0, 0, 0, 0, 0, 0, 0, 1, 0, 1, 0, 0, 0, 0, 0, 0, 0, 0, 0, 0, 0, 0, 0, 0, 0, 0, 0, 0, 0, 0, 0, 1, 0, 1, 0, 0, 1, 0, 1, 1, 0, 0, 0, 0, 0, 0, 0, 0, 0, 0, 0, 0, 0, 0, 0, 0, 0, 0, 0, 0, 0, 0, 0, 0, 0, 0, 1, 0, 0, 0, 0, 0, 0, 0, 0, 0, 0, 1, 0, 0, 0, 0, 0, 0, 0, 0, 0, 0, 0, 1, 0, 0, 1, 0, 0, 1, 0, 0, 0, 0, 0, 0, 0, 0, 0, 0, 0, 0, 0, 0, 0, 0, 0, 0, 0, 0, 0, 0, 0, 1, 1, 1, 0, 0, 1, 0, 0, 0, 0, 0, 0, 0, 0, 0, 0, 0, 0, 1, 0, 0, 1, 0, 0, 0, 0, 0, 0, 0, 0, 0, 0, 0, 0, 0, 0, 0, 0, 0, 1, 0, 0, 0, 1, 0, 0, 0, 0, 1, 0, 1, 0, 0, 0, 0, 0, 0, 0, 0, 0, 0, 0, 0, 0, 0, 0, 0, 0, 0, 0, 0, 0, 0, 0, 0, 0, 0, 0, 0, 0, 0, 0, 0, 0, 1, 0, 0, 0, 0, 0, 0, 0, 0, 0, 0, 0, 0, 0, 0, 0, 0, 0, 0, 0, 0, 0, 0, 0, 0, 0, 0, 0, 0, 0, 0, 0, 0, 0, 0, 0, 1, 1, 0, 0, 0, 0, 0, 0, 1, 1, 1, 1, 1, 1, 1, 1, 0, 1, 0, 0, 1, 0, 0, 1, 1, 0, 1, 1, 0, 1, 1, 0, 0, 1, 1, 0, 1, 1, 1, 1, 0, 1, 1, 0, 1, 1, 1, 1, 1, 0, 0, 0, 0, 0, 0, 1, 1, 1, 1, 1, 1, 1, 1, 1, 1, 1, 1, 1, 0, 0, 1, 1, 1, 1, 1, 1, 1, 1, 1, 0, 0, 1, 1, 1, 1, 1, 1, 1, 1, 1, 1, 1, 1, 1, 1, 1, 1, 1, 1, 1, 1, 0, 0, 1, 0, 1, 1, 1, 1, 0, 1, 1, 1, 1, 1, 1, 1, 1, 1, 1, 1, 0, 0, 1, 1, 1, 1, 1, 0, 0, 1, 0, 0, 0, 0, 0, 1, 1, 1, 1, 1, 1, 1, 1, 1, 1, 1, 1, 1, 1, 1, 1, 0, 0, 1, 0, 1, 1, 1, 0, 1, 0, 1, 1, 1, 0, 1, 1, 1, 0, 0, 0, 0, 0, 1, 0, 0, 0, 0, 0, 0, 0, 0, 1, 1, 1, 1, 1, 1, 1, 1, 1, 0, 0, 0, 0, 1, 0, 0, 0, 0, 0, 0, 0, 0, 0, 0, 0, 0, 0, 0, 0, 0, 0, 0, 0, 1, 0, 1, 0, 1, 1, 1, 0, 0, 0, 0, 0, 0, 0, 0, 0, 1, 0, 1, 1, 1, 1, 1, 1, 1, 1, 0, 1, 1, 1, 0, 1, 0, 0, 0, 1, 0, 0, 0, 0, 0, 0, 0, 0, 0, 0, 0, 0, 1, 1, 1, 1, 1, 0, 1, 1, 0, 0, 0, 0, 0, 0, 0, 0, 1, 1, 0, 0, 0, 1, 0, 1, 1, 1, 0, 1, 0, 1, 0, 0, 1, 1, 0, 0, 0, 0, 1, 0, 1, 0, 0, 0, 0, 1, 0, 0, 0, 0, 0, 0, 0, 1, 0, 0, 1, 0, 1, 1, 0, 0, 0, 0, 1, 0, 0, 1, 0, 0, 0, 0, 1, 1, 1, 1, 1, 1, 0, 1, 1, 0, 1, 0, 1, 1, 0, 0, 1, 0, 0, 1, 1, 1, 1, 0, 0, 0, 0, 0, 0, 0, 0, 0, 0, 0, 0, 0, 0, 0, 0, 0, 0, 0, 0, 1, 1, 1, 0, 1, 0, 0, 0, 0, 0, 1, 1, 1, 0, 0, 1, 1, 0, 0, 0, 0, 0, 0, 0, 0, 0, 0, 0, 0, 0, 0, 0, 0, 0, 0, 0, 0, 0, 0, 0, 0, 0, 0, 0, 0, 0, 0, 0, 0, 0, 0, 0, 0, 0, 0, 0, 0, 0, 0, 0, 0, 0, 0, 0, 0, 0, 0, 0, 0, 0, 0, 0, 0, 0, 0, 0, 0, 0, 0, 0, 0, 0, 0, 0, 0, 1, 0, 1, 0, 0, 0, 1, 1, 0, 0, 0, 0, 0, 0, 0, 0, 0, 0, 0, 0, 0, 0, 0, 0, 0, 0, 0, 0, 0, 0, 0, 0, 0, 0, 0, 0, 0, 1, 0, 0, 0, 0, 0, 0, 0, 0, 0, 0, 0, 0, 0, 0, 0, 0, 0, 0, 0, 0, 0, 0, 0, 0, 0, 0, 0, 1, 0, 0, 0, 0, 0, 0, 0, 0, 0, 0, 0, 0, 0, 0, 0, 1, 1, 1, 0, 1, 1, 1, 0, 0, 0, 0, 0, 0, 0, 0, 0, 0, 0, 0, 0, 0, 0, 0, 0, 0, 0, 0, 0, 0, 0, 0, 0, 0, 0, 0, 0, 0, 0, 0, 0, 0, 0, 0, 0, 0, 0, 0, 0, 0, 0, 0, 0, 0, 0, 0, 0, 0, 0, 0, 0, 0, 0, 0, 0, 1, 0, 0, 1, 0, 0, 0, 0, 0, 0, 0, 0, 0, 0, 0, 0, 0, 0, 0, 0, 0, 0, 0, 0, 0, 0, 0, 1, 0, 0, 0, 0, 0, 0, 0, 0, 0, 0, 0, 0, 1, 0, 0, 0, 0, 0, 0, 0, 0, 0, 0, 0, 0, 0, 0, 0, 0, 0, 0, 0, 0, 0, 0, 0, 0, 0, 0, 0, 0, 0, 0, 0, 0, 0, 0, 0, 0, 0, 0, 0, 0, 0, 0, 0, 0, 0, 0, 0, 0, 0, 0, 0, 0, 0, 0, 0, 0, 0, 0, 0, 0, 0, 0, 0, 0, 0, 0, 0, 0, 0, 0, 0, 0, 0, 0, 0, 0, 0, 0, 0, 0, 0, 0, 0, 0, 0, 0, 0, 0, 0, 0, 0, 0, 0, 0, 0, 0, 0, 0, 0, 0, 0, 0, 1, 1, 0, 0, 1, 0, 0, 0, 0, 0, 0, 0, 0, 0, 0, 0, 0, 0, 0, 0, 0, 0, 0, 0, 0, 0, 0, 0, 0, 0, 0, 0, 0, 0, 0, 0, 0, 0, 0, 0, 0, 0, 0, 0, 0, 0, 0, 0, 0, 0, 0, 0, 0, 0, 0, 0, 0, 0, 0, 0, 0, 0, 0, 0, 0, 0, 0, 0, 0, 0, 0, 0, 0, 0, 0, 1, 0, 0, 0, 0, 0, 1, 1, 0, 1, 1, 1, 1, 0, 1, 1, 1, 1, 0, 0, 0, 0, 0, 0, 0, 0, 0, 0, 0, 1, 1, 1, 1, 1, 0, 1, 1, 0, 0, 0, 0, 1, 0, 0, 0, 0, 0, 0, 0, 1, 0, 1, 0, 0, 0, 0, 0, 0, 0, 0, 0, 1, 1, 1, 0, 1, 1, 0, 1, 1, 1, 1, 1, 0, 1, 1, 0, 0, 0, 0, 0, 0, 1, 0, 0, 0, 0, 0, 0, 0, 0, 0, 0, 0, 0, 0, 0, 0, 0, 0, 0, 1, 1, 1, 1, 1, 1, 1, 1, 1, 1, 0, 1, 1, 0, 0, 1, 1, 1, 1, 0, 1, 1, 1, 1, 1, 0, 0, 1, 1, 0, 0, 1, 1, 1, 1, 1, 0, 1, 1, 1, 1, 1, 0, 1, 0, 0, 0, 1, 1, 0, 1, 0, 1, 1, 0, 1, 1, 1, 1, 1, 1, 1, 1, 1, 1, 1, 1, 1, 1, 1, 1, 1, 1, 0, 1, 1, 1, 1, 1, 1, 0, 1, 1, 1, 0, 0, 1, 1, 0, 0, 0, 0, 0, 0, 0, 0, 1, 1, 1, 1, 0, 1, 1, 1, 0, 0, 0, 0, 0, 0, 0, 0, 1, 0, 0, 0, 1, 0, 0, 0, 0, 0, 0, 0, 0, 0, 0, 0, 0, 0, 0, 0, 0, 0, 0, 0, 0, 0, 0, 0, 0, 0, 1, 0, 0, 1, 0, 0, 0, 0, 0, 0, 0, 0, 0, 0, 0, 0, 0, 0, 0, 0, 0, 0, 0, 0, 0, 0, 0, 0, 0, 0, 0, 0, 0, 0, 0, 0, 0, 0, 0, 0, 0, 0, 0, 0, 0, 0, 0, 0, 0, 0, 0, 0, 0, 0, 0, 0, 0, 0, 0, 0, 0, 0, 0, 0, 0, 0, 0, 0, 0, 0, 0, 0, 0, 0, 1, 0, 1, 1, 1, 1, 1, 1, 1, 1, 1, 1, 0, 1, 1, 1, 1, 1, 1, 1, 1, 1, 1, 1, 1, 1, 1, 1, 1, 1, 1, 1, 1, 1, 1, 1, 1, 1, 1, 1, 1, 1, 1, 1, 1, 1, 1, 1, 1, 1, 1, 1, 1, 1, 1, 0, 1, 1, 1, 1, 1, 1, 1, 1, 1, 1, 1, 1, 1, 1, 1, 1, 0, 0, 1, 0, 1, 0, 1, 1, 0, 1, 0, 1, 0, 0, 1, 1, 1, 1, 1, 1, 1, 1, 1, 1, 1, 1, 1, 1, 1, 1, 1, 1, 1, 1, 1, 1, 1, 1, 1, 1]}
  [dataset] breeds_super26
extract:   0%|          | 0/7 [00:00<?, ?it/s]extract:  14%|█▍        | 1/7 [00:01<00:10,  1.70s/it]extract:  29%|██▊       | 2/7 [00:02<00:06,  1.31s/it]extract:  43%|████▎     | 3/7 [00:04<00:05,  1.40s/it]extract:  57%|█████▋    | 4/7 [00:05<00:04,  1.51s/it]extract:  71%|███████▏  | 5/7 [00:06<00:02,  1.35s/it]extract:  86%|████████▌ | 6/7 [00:08<00:01,  1.50s/it]extract: 100%|██████████| 7/7 [00:10<00:00,  1.67s/it]extract: 100%|██████████| 7/7 [00:10<00:00,  1.54s/it]
extract:   0%|          | 0/57 [00:00<?, ?it/s]extract:   2%|▏         | 1/57 [00:01<01:06,  1.19s/it]extract:   4%|▎         | 2/57 [00:02<01:14,  1.35s/it]extract:   5%|▌         | 3/57 [00:04<01:18,  1.46s/it]extract:   7%|▋         | 4/57 [00:05<01:04,  1.21s/it]extract:   9%|▉         | 5/57 [00:06<01:11,  1.37s/it]extract:  11%|█         | 6/57 [00:08<01:11,  1.41s/it]extract:  12%|█▏        | 7/57 [00:09<01:03,  1.27s/it]extract:  14%|█▍        | 8/57 [00:10<01:09,  1.42s/it]extract:  16%|█▌        | 9/57 [00:12<01:08,  1.43s/it]extract:  18%|█▊        | 10/57 [00:13<01:00,  1.28s/it]extract:  19%|█▉        | 11/57 [00:14<01:03,  1.37s/it]extract:  21%|██        | 12/57 [00:17<01:17,  1.73s/it]extract:  23%|██▎       | 13/57 [00:18<01:05,  1.49s/it]extract:  25%|██▍       | 14/57 [00:20<01:06,  1.55s/it]extract:  26%|██▋       | 15/57 [00:21<01:04,  1.53s/it]extract:  28%|██▊       | 16/57 [00:22<00:57,  1.39s/it]extract:  30%|██▉       | 17/57 [00:24<00:56,  1.40s/it]extract:  32%|███▏      | 18/57 [00:25<00:56,  1.45s/it]extract:  33%|███▎      | 19/57 [00:26<00:51,  1.36s/it]extract:  35%|███▌      | 20/57 [00:28<00:51,  1.40s/it]extract:  37%|███▋      | 21/57 [00:29<00:51,  1.43s/it]extract:  39%|███▊      | 22/57 [00:30<00:46,  1.33s/it]extract:  40%|████      | 23/57 [00:32<00:45,  1.34s/it]extract:  42%|████▏     | 24/57 [00:33<00:47,  1.43s/it]extract:  44%|████▍     | 25/57 [00:35<00:44,  1.38s/it]extract:  46%|████▌     | 26/57 [00:37<00:54,  1.76s/it]extract:  47%|████▋     | 27/57 [00:38<00:45,  1.53s/it]extract:  49%|████▉     | 28/57 [00:40<00:44,  1.53s/it]extract:  51%|█████     | 29/57 [00:42<00:45,  1.62s/it]extract:  53%|█████▎    | 30/57 [00:43<00:38,  1.42s/it]extract:  54%|█████▍    | 31/57 [00:44<00:35,  1.38s/it]extract:  56%|█████▌    | 32/57 [00:46<00:38,  1.52s/it]extract:  58%|█████▊    | 33/57 [00:47<00:32,  1.36s/it]extract:  60%|█████▉    | 34/57 [00:48<00:32,  1.43s/it]extract:  61%|██████▏   | 35/57 [00:50<00:34,  1.56s/it]extract:  63%|██████▎   | 36/57 [00:51<00:28,  1.38s/it]extract:  65%|██████▍   | 37/57 [00:53<00:28,  1.44s/it]extract:  67%|██████▋   | 38/57 [00:55<00:31,  1.67s/it]extract:  68%|██████▊   | 39/57 [00:56<00:27,  1.51s/it]extract:  70%|███████   | 40/57 [00:58<00:26,  1.57s/it]extract:  72%|███████▏  | 41/57 [00:59<00:25,  1.61s/it]extract:  74%|███████▎  | 42/57 [01:00<00:21,  1.43s/it]extract:  75%|███████▌  | 43/57 [01:02<00:20,  1.49s/it]extract:  77%|███████▋  | 44/57 [01:04<00:20,  1.58s/it]extract:  79%|███████▉  | 45/57 [01:05<00:18,  1.50s/it]extract:  81%|████████  | 46/57 [01:08<00:20,  1.87s/it]extract:  82%|████████▏ | 47/57 [01:09<00:16,  1.69s/it]extract:  84%|████████▍ | 48/57 [01:11<00:14,  1.61s/it]extract:  86%|████████▌ | 49/57 [01:12<00:13,  1.68s/it]extract:  88%|████████▊ | 50/57 [01:14<00:11,  1.57s/it]extract:  89%|████████▉ | 51/57 [01:15<00:08,  1.50s/it]extract:  91%|█████████ | 52/57 [01:17<00:07,  1.57s/it]extract:  93%|█████████▎| 53/57 [01:18<00:06,  1.51s/it]extract:  95%|█████████▍| 54/57 [01:21<00:05,  1.91s/it]extract:  96%|█████████▋| 55/57 [01:22<00:03,  1.68s/it]extract:  98%|█████████▊| 56/57 [01:24<00:01,  1.66s/it]extract: 100%|██████████| 57/57 [01:24<00:00,  1.26s/it]extract: 100%|██████████| 57/57 [01:24<00:00,  1.49s/it]
    -> {'top1_accuracy': 0.3143095768374165, 'ci95_low': 0.2996868040089087, 'ci95_high': 0.3289323496659243, 'n_test': 3592, 'n_train_per_class': 1, 'n_classes': 26, 'correct_per_example': [1, 0, 0, 0, 1, 0, 0, 0, 0, 0, 0, 0, 0, 0, 0, 0, 0, 0, 0, 0, 0, 0, 0, 0, 0, 0, 0, 0, 0, 0, 0, 0, 0, 0, 0, 0, 0, 0, 0, 0, 0, 0, 0, 0, 0, 0, 0, 0, 0, 0, 0, 0, 0, 0, 0, 0, 0, 0, 0, 0, 0, 0, 0, 0, 1, 0, 1, 1, 1, 0, 1, 1, 1, 0, 1, 1, 1, 1, 1, 1, 0, 1, 0, 1, 1, 0, 0, 1, 1, 0, 0, 1, 0, 1, 1, 0, 0, 1, 0, 1, 0, 1, 1, 1, 1, 1, 1, 1, 1, 1, 1, 0, 1, 1, 1, 1, 1, 1, 1, 1, 1, 1, 1, 1, 1, 1, 1, 1, 1, 1, 0, 0, 1, 1, 1, 0, 1, 1, 1, 1, 0, 1, 1, 1, 0, 1, 1, 1, 1, 1, 0, 1, 1, 0, 0, 1, 1, 1, 1, 1, 0, 1, 1, 1, 1, 1, 1, 1, 1, 1, 1, 1, 1, 1, 1, 1, 1, 1, 1, 1, 1, 1, 0, 0, 1, 1, 1, 1, 1, 1, 1, 1, 1, 1, 1, 1, 1, 1, 0, 1, 1, 1, 0, 1, 1, 1, 1, 0, 1, 1, 1, 1, 0, 1, 1, 1, 1, 0, 1, 1, 1, 1, 1, 1, 1, 1, 1, 1, 0, 1, 1, 1, 1, 1, 1, 1, 1, 0, 1, 0, 0, 1, 0, 1, 1, 1, 1, 1, 1, 1, 1, 1, 0, 1, 1, 1, 1, 1, 1, 1, 0, 1, 1, 1, 1, 1, 1, 1, 1, 1, 1, 1, 1, 1, 1, 1, 1, 1, 0, 1, 0, 1, 1, 0, 1, 1, 1, 1, 1, 1, 1, 1, 1, 1, 1, 1, 1, 1, 1, 1, 1, 1, 1, 1, 0, 0, 0, 0, 0, 0, 0, 0, 1, 0, 0, 0, 0, 0, 0, 0, 0, 0, 0, 0, 0, 0, 0, 0, 0, 1, 0, 0, 0, 1, 1, 0, 0, 0, 1, 1, 1, 0, 0, 1, 0, 1, 1, 0, 1, 1, 0, 1, 0, 0, 0, 0, 1, 0, 1, 0, 0, 0, 1, 0, 0, 0, 1, 0, 0, 0, 0, 0, 0, 1, 0, 0, 1, 1, 1, 1, 1, 1, 1, 0, 1, 1, 1, 0, 0, 0, 1, 0, 0, 0, 0, 0, 1, 0, 0, 0, 1, 0, 0, 0, 0, 0, 1, 1, 1, 0, 1, 0, 0, 1, 1, 0, 0, 1, 0, 0, 0, 0, 0, 0, 1, 0, 0, 0, 0, 0, 1, 0, 0, 0, 0, 0, 0, 1, 0, 0, 0, 0, 1, 0, 0, 0, 1, 0, 0, 0, 0, 1, 1, 0, 1, 0, 0, 0, 0, 0, 0, 0, 0, 0, 1, 0, 1, 0, 1, 0, 0, 0, 0, 0, 0, 0, 0, 0, 1, 0, 0, 0, 0, 0, 0, 0, 0, 0, 0, 0, 0, 0, 0, 0, 0, 0, 0, 0, 0, 0, 0, 0, 0, 0, 0, 0, 0, 0, 0, 0, 0, 0, 0, 0, 0, 0, 0, 0, 0, 0, 0, 0, 0, 0, 0, 0, 0, 0, 0, 0, 0, 0, 0, 0, 0, 0, 0, 0, 0, 0, 0, 0, 0, 0, 0, 0, 0, 0, 0, 0, 0, 0, 0, 0, 0, 0, 0, 0, 0, 0, 0, 0, 0, 0, 0, 0, 0, 0, 0, 0, 0, 0, 0, 0, 0, 0, 0, 0, 0, 0, 0, 0, 0, 0, 0, 0, 0, 0, 0, 0, 0, 0, 0, 0, 0, 0, 0, 0, 0, 0, 0, 0, 0, 0, 0, 0, 0, 0, 0, 0, 0, 0, 0, 0, 0, 0, 0, 0, 0, 0, 0, 0, 0, 0, 0, 0, 0, 0, 0, 0, 0, 0, 0, 0, 0, 0, 0, 0, 0, 0, 0, 0, 0, 0, 0, 0, 0, 0, 0, 0, 0, 0, 0, 0, 0, 0, 0, 0, 0, 0, 0, 0, 0, 0, 0, 0, 0, 0, 0, 0, 0, 0, 1, 1, 1, 1, 1, 0, 1, 1, 1, 1, 0, 1, 0, 0, 0, 1, 1, 1, 1, 1, 1, 0, 1, 0, 0, 0, 0, 0, 0, 0, 0, 0, 0, 0, 1, 1, 0, 0, 0, 0, 0, 0, 0, 0, 0, 0, 0, 0, 0, 0, 0, 0, 0, 0, 0, 1, 0, 1, 0, 0, 0, 0, 0, 0, 0, 0, 1, 0, 0, 0, 0, 1, 0, 0, 1, 0, 1, 1, 1, 0, 0, 0, 0, 0, 0, 0, 0, 0, 0, 1, 0, 0, 0, 1, 1, 0, 0, 0, 0, 1, 0, 1, 0, 0, 0, 0, 0, 0, 0, 0, 0, 0, 0, 0, 0, 0, 0, 0, 0, 0, 0, 0, 0, 0, 0, 0, 0, 0, 0, 0, 1, 0, 0, 1, 1, 0, 0, 0, 1, 1, 1, 1, 1, 1, 1, 1, 0, 1, 0, 0, 1, 1, 0, 0, 0, 1, 0, 0, 0, 0, 0, 0, 0, 0, 0, 0, 1, 0, 1, 1, 1, 0, 0, 0, 0, 0, 0, 0, 0, 0, 0, 0, 1, 0, 1, 1, 1, 1, 1, 1, 1, 1, 1, 0, 0, 1, 0, 0, 0, 0, 0, 0, 0, 0, 0, 0, 1, 0, 1, 0, 1, 0, 0, 0, 1, 0, 0, 0, 1, 0, 0, 1, 0, 0, 0, 0, 1, 0, 1, 1, 0, 0, 1, 0, 0, 0, 0, 1, 1, 0, 0, 0, 0, 0, 0, 0, 0, 0, 0, 0, 0, 0, 0, 0, 0, 0, 0, 1, 0, 1, 1, 1, 1, 1, 0, 0, 0, 0, 0, 0, 0, 0, 0, 0, 0, 0, 0, 0, 0, 0, 0, 0, 0, 0, 1, 0, 0, 0, 0, 0, 1, 0, 1, 0, 0, 0, 0, 0, 0, 0, 0, 0, 1, 0, 0, 0, 0, 0, 0, 0, 0, 0, 0, 0, 0, 1, 0, 0, 0, 0, 0, 0, 0, 0, 0, 0, 0, 0, 1, 0, 0, 1, 1, 1, 0, 1, 0, 0, 0, 0, 0, 0, 0, 0, 0, 0, 0, 0, 0, 0, 0, 0, 0, 0, 0, 0, 0, 0, 0, 0, 1, 1, 0, 0, 0, 0, 0, 0, 1, 0, 0, 0, 0, 1, 0, 0, 0, 0, 0, 0, 1, 0, 0, 0, 0, 0, 0, 0, 0, 0, 0, 0, 0, 0, 0, 0, 0, 0, 0, 0, 1, 1, 1, 0, 0, 0, 0, 0, 1, 1, 0, 1, 1, 1, 1, 1, 0, 1, 1, 0, 1, 0, 1, 1, 0, 0, 0, 0, 0, 0, 0, 0, 1, 1, 1, 0, 0, 0, 1, 1, 1, 0, 0, 0, 0, 0, 0, 0, 1, 0, 0, 0, 1, 1, 1, 1, 0, 0, 0, 0, 0, 0, 0, 1, 0, 0, 1, 1, 1, 0, 0, 0, 1, 0, 0, 0, 0, 0, 0, 0, 0, 1, 0, 1, 0, 0, 1, 0, 1, 0, 1, 0, 1, 0, 1, 0, 0, 0, 0, 0, 0, 0, 0, 0, 1, 0, 0, 0, 0, 0, 0, 0, 1, 1, 1, 1, 1, 1, 0, 1, 1, 0, 0, 1, 0, 0, 0, 0, 1, 0, 0, 1, 0, 0, 0, 1, 0, 0, 0, 1, 0, 1, 1, 0, 0, 0, 0, 0, 0, 0, 0, 0, 1, 0, 0, 0, 0, 0, 0, 0, 0, 1, 1, 1, 1, 0, 1, 1, 0, 0, 0, 0, 0, 0, 0, 0, 0, 0, 0, 0, 0, 0, 0, 0, 0, 0, 0, 1, 0, 0, 0, 0, 0, 1, 0, 0, 0, 1, 0, 0, 0, 0, 0, 0, 1, 0, 0, 0, 0, 0, 0, 0, 0, 0, 0, 0, 0, 0, 0, 1, 0, 0, 0, 1, 0, 0, 0, 0, 1, 0, 0, 0, 0, 0, 0, 0, 0, 0, 0, 0, 0, 0, 0, 1, 1, 0, 0, 1, 0, 0, 0, 0, 0, 0, 0, 0, 0, 0, 0, 0, 0, 1, 0, 0, 0, 0, 0, 1, 0, 0, 0, 1, 0, 0, 0, 0, 0, 0, 0, 0, 0, 0, 0, 0, 0, 0, 0, 0, 0, 0, 0, 1, 1, 1, 1, 0, 0, 0, 0, 0, 0, 0, 0, 0, 0, 0, 0, 0, 1, 0, 0, 0, 0, 0, 0, 0, 0, 0, 0, 1, 0, 0, 0, 0, 1, 0, 1, 1, 0, 0, 0, 0, 0, 0, 0, 0, 0, 0, 0, 0, 0, 0, 0, 0, 0, 0, 0, 0, 0, 0, 0, 0, 0, 0, 0, 0, 0, 1, 0, 1, 1, 0, 0, 1, 0, 0, 0, 1, 0, 0, 0, 0, 1, 0, 0, 0, 0, 0, 0, 1, 0, 0, 0, 0, 1, 0, 1, 0, 1, 1, 1, 1, 0, 1, 0, 0, 1, 1, 0, 0, 1, 0, 0, 1, 0, 1, 1, 1, 0, 0, 0, 1, 1, 1, 1, 1, 0, 1, 1, 1, 1, 1, 0, 1, 0, 0, 0, 1, 0, 0, 1, 0, 0, 0, 0, 0, 0, 0, 0, 0, 1, 0, 0, 0, 0, 0, 1, 0, 1, 1, 0, 0, 0, 0, 0, 0, 1, 1, 1, 1, 1, 1, 0, 0, 0, 1, 0, 0, 0, 0, 0, 0, 0, 1, 0, 0, 0, 0, 0, 0, 0, 0, 0, 0, 0, 0, 0, 0, 0, 0, 0, 0, 1, 0, 0, 0, 1, 1, 0, 1, 0, 0, 0, 0, 1, 0, 1, 1, 1, 1, 0, 1, 0, 0, 0, 0, 1, 0, 1, 1, 0, 1, 1, 0, 0, 1, 1, 1, 0, 1, 0, 0, 1, 1, 1, 0, 0, 0, 0, 0, 0, 0, 0, 0, 0, 0, 0, 1, 0, 1, 1, 0, 0, 1, 1, 1, 0, 1, 0, 0, 0, 0, 0, 0, 0, 0, 0, 0, 0, 0, 0, 0, 0, 1, 0, 0, 0, 0, 0, 0, 0, 0, 0, 0, 0, 0, 0, 0, 0, 0, 0, 0, 1, 1, 0, 0, 0, 0, 0, 0, 0, 1, 1, 1, 1, 1, 1, 1, 0, 0, 0, 0, 0, 0, 0, 0, 0, 0, 0, 0, 0, 0, 0, 0, 1, 1, 1, 1, 1, 1, 1, 1, 0, 0, 0, 0, 0, 0, 1, 0, 1, 0, 1, 1, 1, 1, 1, 1, 1, 1, 0, 0, 0, 0, 0, 0, 0, 1, 0, 0, 0, 1, 0, 0, 0, 0, 0, 0, 0, 0, 0, 0, 1, 1, 0, 0, 0, 0, 0, 1, 0, 0, 0, 0, 0, 0, 0, 1, 0, 0, 0, 0, 1, 0, 1, 0, 0, 0, 0, 0, 1, 1, 0, 1, 1, 1, 1, 1, 1, 1, 0, 1, 0, 1, 0, 1, 0, 1, 0, 0, 1, 0, 0, 0, 0, 1, 0, 0, 1, 1, 1, 0, 0, 0, 0, 1, 0, 0, 0, 0, 0, 0, 0, 0, 1, 0, 1, 1, 1, 1, 1, 1, 0, 0, 0, 0, 0, 0, 0, 0, 0, 1, 1, 1, 1, 1, 1, 0, 0, 0, 0, 0, 0, 0, 0, 0, 1, 1, 0, 0, 0, 0, 0, 1, 0, 0, 0, 0, 0, 1, 0, 0, 0, 1, 1, 0, 1, 0, 1, 0, 1, 0, 0, 1, 1, 1, 0, 1, 1, 0, 0, 0, 0, 0, 0, 0, 0, 0, 0, 0, 0, 0, 0, 0, 0, 0, 0, 0, 0, 0, 0, 0, 0, 0, 1, 1, 0, 0, 0, 0, 1, 0, 1, 0, 0, 0, 0, 1, 0, 0, 0, 0, 0, 0, 0, 0, 0, 0, 0, 0, 0, 1, 0, 1, 0, 0, 0, 1, 1, 0, 0, 1, 1, 1, 1, 1, 1, 1, 1, 1, 0, 0, 0, 0, 0, 0, 0, 1, 0, 0, 0, 0, 0, 0, 0, 0, 0, 0, 0, 0, 0, 0, 0, 0, 0, 1, 0, 0, 0, 0, 0, 0, 0, 0, 0, 0, 0, 0, 0, 0, 1, 0, 1, 1, 0, 0, 0, 0, 0, 0, 1, 1, 1, 0, 1, 1, 0, 1, 0, 1, 0, 0, 0, 0, 1, 1, 0, 1, 1, 0, 1, 1, 1, 0, 1, 0, 0, 1, 1, 1, 1, 1, 0, 1, 1, 1, 1, 1, 0, 1, 1, 1, 1, 1, 1, 1, 0, 0, 1, 1, 0, 0, 1, 1, 0, 0, 0, 1, 0, 0, 0, 0, 1, 1, 0, 0, 0, 1, 1, 1, 1, 1, 1, 0, 1, 0, 1, 1, 0, 0, 1, 1, 1, 1, 1, 1, 1, 1, 0, 1, 1, 0, 0, 0, 1, 0, 0, 1, 1, 1, 1, 0, 1, 1, 1, 1, 0, 1, 1, 1, 1, 1, 1, 1, 0, 1, 1, 0, 0, 0, 1, 1, 0, 0, 1, 1, 1, 1, 1, 1, 0, 1, 1, 1, 1, 1, 1, 1, 1, 1, 1, 0, 1, 1, 1, 1, 1, 1, 1, 1, 1, 1, 1, 1, 1, 0, 1, 0, 1, 0, 1, 0, 0, 1, 1, 1, 1, 1, 1, 1, 1, 1, 1, 1, 1, 1, 1, 0, 1, 1, 0, 1, 0, 0, 0, 0, 0, 0, 0, 0, 1, 1, 1, 1, 0, 1, 1, 1, 0, 1, 1, 0, 0, 0, 0, 0, 0, 0, 0, 1, 0, 1, 1, 0, 0, 0, 0, 0, 0, 0, 0, 0, 1, 1, 1, 1, 1, 1, 1, 1, 1, 0, 0, 1, 0, 0, 1, 0, 1, 1, 1, 1, 1, 1, 1, 1, 0, 0, 0, 0, 0, 0, 0, 0, 0, 0, 0, 0, 0, 0, 0, 0, 1, 1, 1, 1, 1, 1, 1, 1, 0, 0, 0, 0, 0, 0, 0, 0, 0, 0, 0, 0, 0, 0, 0, 0, 1, 1, 1, 1, 0, 1, 1, 1, 1, 1, 1, 1, 0, 1, 0, 1, 0, 0, 0, 0, 0, 0, 0, 0, 1, 0, 0, 1, 1, 1, 0, 0, 0, 0, 0, 0, 0, 0, 0, 0, 1, 0, 1, 0, 1, 0, 1, 0, 1, 1, 1, 1, 1, 0, 0, 0, 0, 1, 1, 0, 1, 1, 1, 0, 0, 0, 0, 0, 0, 0, 1, 1, 1, 1, 1, 1, 1, 1, 1, 1, 1, 1, 1, 0, 1, 0, 0, 0, 1, 1, 0, 0, 0, 0, 0, 1, 0, 0, 0, 0, 0, 0, 0, 0, 0, 0, 0, 0, 0, 1, 0, 0, 0, 0, 0, 0, 0, 1, 0, 0, 0, 0, 0, 0, 0, 0, 0, 0, 0, 0, 0, 0, 0, 1, 0, 0, 0, 0, 0, 0, 0, 0, 0, 0, 0, 1, 1, 1, 1, 1, 0, 0, 1, 0, 1, 1, 1, 1, 1, 1, 1, 1, 1, 0, 0, 0, 1, 0, 0, 0, 0, 0, 0, 0, 0, 0, 1, 1, 1, 1, 1, 1, 0, 0, 0, 0, 0, 0, 0, 0, 1, 1, 1, 0, 1, 0, 1, 1, 1, 1, 0, 0, 0, 0, 0, 0, 0, 0, 1, 0, 0, 0, 1, 0, 1, 0, 0, 0, 0, 0, 0, 0, 0, 0, 0, 0, 0, 0, 0, 0, 0, 0, 0, 1, 0, 0, 0, 0, 0, 0, 0, 0, 0, 0, 0, 0, 0, 0, 0, 0, 0, 0, 0, 0, 0, 0, 0, 0, 0, 0, 0, 0, 0, 0, 0, 0, 0, 0, 0, 0, 0, 0, 0, 0, 0, 0, 1, 0, 0, 0, 1, 0, 0, 0, 1, 0, 0, 0, 1, 0, 0, 0, 0, 1, 0, 0, 0, 1, 0, 0, 0, 0, 0, 0, 0, 0, 0, 1, 1, 0, 0, 0, 1, 0, 0, 1, 0, 0, 0, 0, 0, 0, 1, 1, 0, 0, 1, 0, 0, 0, 0, 0, 0, 0, 0, 1, 0, 0, 1, 1, 0, 0, 0, 1, 0, 0, 0, 0, 1, 0, 1, 0, 1, 0, 1, 0, 1, 1, 1, 1, 0, 0, 0, 0, 0, 0, 0, 0, 0, 0, 0, 0, 0, 0, 0, 0, 0, 1, 0, 0, 0, 0, 0, 0, 0, 1, 0, 0, 0, 1, 0, 0, 0, 0, 0, 0, 0, 0, 0, 1, 0, 0, 0, 0, 0, 0, 0, 0, 0, 0, 0, 0, 0, 0, 0, 0, 0, 0, 0, 0, 0, 0, 0, 0, 0, 0, 0, 0, 0, 0, 0, 0, 0, 0, 0, 0, 0, 0, 0, 0, 0, 0, 0, 0, 0, 0, 0, 0, 0, 0, 0, 0, 0, 0, 0, 0, 0, 0, 0, 1, 0, 0, 0, 0, 0, 0, 0, 0, 0, 0, 0, 0, 0, 0, 0, 0, 0, 0, 0, 0, 0, 0, 0, 0, 0, 0, 0, 0, 0, 0, 0, 0, 0, 0, 0, 0, 0, 0, 0, 0, 0, 0, 0, 0, 1, 0, 1, 1, 0, 0, 1, 1, 0, 0, 0, 0, 0, 0, 0, 0, 0, 0, 0, 0, 0, 0, 0, 0, 0, 0, 0, 0, 0, 0, 0, 0, 0, 0, 0, 0, 0, 0, 0, 0, 0, 0, 0, 0, 0, 0, 0, 0, 0, 0, 0, 0, 0, 0, 0, 0, 0, 0, 0, 0, 0, 0, 0, 0, 0, 0, 0, 0, 0, 0, 0, 0, 0, 0, 0, 0, 0, 0, 0, 0, 0, 0, 0, 0, 0, 0, 0, 0, 0, 0, 0, 0, 0, 0, 0, 0, 0, 0, 0, 0, 0, 0, 0, 0, 0, 0, 0, 0, 0, 0, 0, 0, 0, 0, 0, 0, 0, 0, 0, 0, 0, 0, 0, 0, 0, 0, 0, 0, 0, 0, 0, 1, 1, 0, 0, 0, 0, 0, 0, 0, 0, 0, 0, 0, 0, 0, 0, 0, 0, 0, 0, 0, 0, 0, 0, 0, 0, 0, 0, 0, 0, 0, 0, 0, 0, 0, 0, 0, 0, 1, 0, 0, 0, 0, 0, 0, 0, 0, 0, 0, 0, 0, 0, 0, 1, 0, 1, 0, 1, 1, 1, 1, 0, 0, 0, 0, 0, 0, 0, 0, 0, 0, 0, 0, 0, 0, 0, 0, 1, 1, 0, 0, 0, 0, 0, 0, 0, 0, 0, 0, 0, 0, 0, 0, 0, 0, 0, 0, 0, 0, 0, 0, 0, 0, 0, 0, 1, 0, 0, 0, 0, 0, 0, 0, 0, 0, 0, 0, 1, 1, 0, 1, 0, 1, 0, 0, 1, 1, 1, 0, 1, 1, 0, 1, 0, 1, 0, 0, 1, 1, 1, 0, 0, 1, 1, 0, 1, 0, 0, 1, 0, 0, 0, 0, 0, 1, 0, 0, 0, 0, 0, 0, 0, 1, 0, 0, 0, 0, 0, 0, 0, 1, 0, 0, 0, 0, 0, 0, 0, 0, 0, 0, 0, 0, 1, 0, 0, 0, 0, 0, 0, 0, 1, 0, 1, 0, 0, 0, 0, 0, 0, 0, 0, 0, 0, 0, 0, 0, 0, 0, 0, 0, 0, 0, 0, 0, 0, 0, 0, 0, 1, 0, 0, 0, 0, 0, 0, 0, 0, 0, 1, 0, 0, 0, 0, 0, 0, 0, 0, 0, 0, 0, 0, 0, 0, 0, 0, 0, 0, 0, 0, 0, 0, 0, 0, 0, 0, 1, 0, 0, 0, 0, 0, 1, 0, 1, 0, 0, 0, 0, 0, 0, 0, 0, 0, 0, 0, 0, 0, 0, 0, 0, 0, 0, 0, 0, 1, 1, 0, 1, 1, 0, 1, 0, 0, 0, 0, 1, 0, 1, 0, 0, 1, 0, 0, 0, 0, 1, 1, 1, 1, 1, 1, 1, 0, 1, 1, 1, 1, 1, 0, 0, 1, 0, 1, 1, 0, 0, 1, 0, 1, 0, 0, 0, 0, 0, 0, 0, 0, 0, 0, 0, 0, 0, 0, 0, 1, 0, 0, 1, 0, 0, 0, 1, 0, 1, 0, 1, 1, 1, 0, 0, 0, 0, 0, 0, 1, 0, 0, 0, 0, 0, 0, 0, 1, 1, 0, 0, 0, 0, 0, 0, 1, 1, 1, 1, 1, 1, 1, 1, 1, 1, 1, 1, 1, 1, 1, 1, 1, 1, 1, 1, 1, 1, 1, 1, 1, 1, 1, 1, 1, 1, 1, 1, 1, 1, 1, 1, 1, 0, 1, 1, 0, 1, 0, 1, 1, 0, 0, 0, 1, 0, 0, 1, 0, 0, 0, 0, 1, 1, 1, 1, 1, 1, 1, 1, 1, 1, 1, 1, 1, 1, 1, 1, 0, 0, 0, 0, 0, 0, 0, 0, 0, 1, 0, 0, 1, 0, 1, 0, 0, 1, 1, 0, 1, 0, 0, 1, 0, 0, 0, 1, 1, 0, 0, 0, 0, 0, 0, 1, 1, 1, 1, 0, 1, 0, 0, 0, 1, 1, 0, 0, 0, 1, 0, 0, 1, 0, 1, 1, 1, 0, 1, 0, 0, 1, 1, 0, 0, 1, 1, 0, 0, 0, 1, 0, 1, 1, 0, 0, 0, 0, 1, 0, 1, 1, 0, 1, 0, 1, 1, 1, 0, 0, 0, 0, 0, 0, 0, 0, 0, 0, 0, 0, 0, 0, 0, 0, 0, 0, 0, 1, 1, 0, 1, 0, 0, 0, 0, 0, 0, 1, 1, 1, 1, 0, 0, 0, 0, 0, 1, 1, 1, 1, 1, 1, 0, 1, 1, 0, 1, 0, 1, 1, 1, 1, 1, 1, 1, 1, 0, 1, 1, 1, 1, 1, 0, 0, 0, 0, 0, 0, 0, 0, 0, 1, 1, 1, 0, 1, 0, 1, 0, 0, 0, 1, 0, 0, 0, 0, 0, 0, 0, 0, 0, 0, 0, 0, 1, 1, 1, 1, 1, 1, 1, 1, 1, 1, 0, 1, 0, 0, 0, 1, 1, 1, 0, 1, 1, 1, 1, 1, 1, 1, 1, 1, 1, 1, 1, 1]}
  [dataset] imagenet_val_20_easy
extract:   0%|          | 0/1 [00:00<?, ?it/s]extract: 100%|██████████| 1/1 [00:01<00:00,  1.18s/it]extract: 100%|██████████| 1/1 [00:01<00:00,  1.18s/it]
extract:   0%|          | 0/8 [00:00<?, ?it/s]extract:  12%|█▎        | 1/8 [00:01<00:09,  1.39s/it]extract:  25%|██▌       | 2/8 [00:02<00:09,  1.50s/it]extract:  38%|███▊      | 3/8 [00:04<00:07,  1.52s/it]extract:  50%|█████     | 4/8 [00:06<00:06,  1.60s/it]extract:  62%|██████▎   | 5/8 [00:09<00:06,  2.05s/it]extract:  75%|███████▌  | 6/8 [00:10<00:03,  1.67s/it]extract:  88%|████████▊ | 7/8 [00:11<00:01,  1.53s/it]extract: 100%|██████████| 8/8 [00:13<00:00,  1.83s/it]extract: 100%|██████████| 8/8 [00:13<00:00,  1.72s/it]
    -> {'top1_accuracy': 0.604, 'ci95_low': 0.562, 'ci95_high': 0.646, 'n_test': 500, 'n_train_per_class': 1, 'n_classes': 20, 'correct_per_example': [0, 1, 1, 0, 1, 0, 1, 1, 0, 1, 0, 0, 0, 1, 1, 1, 1, 0, 0, 0, 0, 0, 1, 1, 1, 1, 1, 1, 1, 1, 1, 1, 1, 1, 1, 1, 0, 0, 1, 1, 1, 0, 1, 1, 0, 1, 1, 1, 1, 1, 1, 0, 1, 1, 0, 0, 0, 0, 1, 1, 0, 1, 1, 0, 1, 0, 1, 0, 1, 0, 0, 0, 0, 1, 0, 1, 0, 1, 0, 1, 1, 1, 1, 0, 1, 1, 1, 0, 0, 1, 0, 1, 0, 1, 1, 0, 1, 0, 0, 0, 0, 0, 1, 0, 0, 0, 1, 0, 0, 1, 1, 0, 0, 1, 0, 0, 0, 0, 0, 0, 0, 0, 0, 0, 0, 0, 1, 1, 1, 1, 0, 0, 0, 0, 0, 1, 0, 0, 0, 0, 0, 0, 1, 0, 0, 1, 0, 0, 0, 0, 0, 0, 0, 0, 0, 0, 0, 0, 1, 0, 0, 0, 0, 1, 1, 1, 0, 0, 1, 0, 0, 0, 1, 0, 0, 1, 1, 1, 1, 1, 1, 1, 1, 1, 1, 1, 0, 1, 1, 1, 1, 0, 1, 1, 1, 1, 1, 0, 0, 1, 0, 1, 1, 1, 1, 1, 1, 1, 1, 1, 1, 1, 1, 1, 1, 0, 1, 1, 1, 1, 1, 1, 1, 1, 1, 1, 1, 1, 1, 1, 1, 1, 1, 1, 1, 1, 1, 1, 1, 1, 1, 1, 1, 1, 1, 1, 1, 1, 1, 1, 1, 1, 1, 1, 0, 1, 1, 1, 1, 0, 0, 0, 0, 0, 1, 1, 1, 0, 1, 1, 0, 0, 0, 1, 1, 0, 0, 1, 1, 0, 0, 0, 1, 0, 0, 0, 0, 0, 0, 0, 1, 1, 1, 0, 1, 1, 0, 0, 0, 1, 1, 1, 1, 1, 0, 1, 0, 0, 0, 1, 0, 0, 1, 1, 0, 0, 1, 0, 1, 0, 1, 0, 1, 1, 0, 1, 0, 1, 1, 0, 1, 1, 1, 1, 0, 1, 0, 0, 1, 1, 1, 0, 0, 1, 0, 1, 1, 1, 0, 1, 1, 1, 0, 1, 1, 1, 0, 0, 1, 0, 1, 1, 1, 1, 1, 1, 0, 1, 1, 1, 0, 1, 0, 1, 0, 1, 1, 1, 1, 1, 1, 1, 1, 1, 1, 1, 1, 1, 1, 1, 1, 1, 1, 1, 1, 1, 1, 1, 0, 1, 0, 0, 0, 0, 0, 0, 0, 0, 0, 0, 0, 0, 0, 0, 0, 0, 0, 0, 0, 0, 0, 0, 0, 0, 0, 1, 1, 1, 1, 0, 1, 1, 1, 1, 1, 1, 0, 1, 1, 1, 1, 1, 1, 1, 1, 0, 1, 1, 1, 1, 0, 1, 1, 1, 0, 1, 0, 1, 0, 1, 1, 0, 1, 1, 0, 1, 1, 1, 0, 1, 1, 1, 0, 0, 1, 1, 1, 1, 1, 1, 1, 1, 1, 1, 1, 1, 1, 1, 1, 1, 1, 1, 1, 1, 1, 1, 1, 1, 0, 1]}
  [dataset] imagenet_val_20_hard
extract:   0%|          | 0/1 [00:00<?, ?it/s]extract: 100%|██████████| 1/1 [00:00<00:00,  2.27it/s]extract: 100%|██████████| 1/1 [00:00<00:00,  2.27it/s]
extract:   0%|          | 0/8 [00:00<?, ?it/s]extract:  12%|█▎        | 1/8 [00:01<00:13,  1.86s/it]extract:  25%|██▌       | 2/8 [00:04<00:13,  2.30s/it]extract:  38%|███▊      | 3/8 [00:05<00:08,  1.69s/it]extract:  50%|█████     | 4/8 [00:06<00:06,  1.58s/it]extract:  62%|██████▎   | 5/8 [00:08<00:04,  1.59s/it]extract:  75%|███████▌  | 6/8 [00:09<00:02,  1.44s/it]extract:  88%|████████▊ | 7/8 [00:10<00:01,  1.39s/it]extract: 100%|██████████| 8/8 [00:13<00:00,  1.64s/it]extract: 100%|██████████| 8/8 [00:13<00:00,  1.63s/it]
    -> {'top1_accuracy': 0.534, 'ci95_low': 0.496, 'ci95_high': 0.57705, 'n_test': 500, 'n_train_per_class': 1, 'n_classes': 20, 'correct_per_example': [0, 1, 1, 1, 1, 1, 1, 1, 1, 1, 1, 1, 1, 1, 1, 1, 1, 0, 0, 1, 1, 1, 0, 1, 0, 0, 0, 1, 1, 1, 0, 1, 0, 0, 0, 0, 1, 1, 1, 1, 1, 1, 1, 1, 1, 1, 1, 0, 0, 1, 0, 1, 0, 1, 1, 0, 0, 0, 1, 0, 1, 0, 0, 0, 0, 0, 0, 0, 0, 0, 1, 0, 0, 0, 0, 0, 0, 0, 1, 1, 0, 0, 0, 1, 0, 1, 1, 1, 0, 0, 1, 1, 0, 0, 0, 0, 1, 1, 1, 0, 0, 0, 1, 0, 1, 0, 1, 0, 0, 0, 1, 0, 0, 0, 0, 1, 0, 1, 1, 1, 1, 0, 0, 1, 1, 0, 1, 0, 1, 0, 0, 0, 0, 0, 0, 0, 1, 0, 0, 1, 0, 1, 1, 0, 0, 0, 0, 1, 1, 0, 0, 0, 0, 0, 0, 0, 0, 1, 1, 0, 0, 0, 0, 0, 0, 0, 0, 1, 0, 0, 0, 0, 0, 1, 0, 1, 0, 1, 1, 1, 1, 1, 1, 1, 0, 0, 1, 1, 1, 1, 1, 1, 0, 1, 1, 1, 1, 1, 1, 0, 1, 1, 1, 1, 0, 0, 1, 1, 1, 0, 1, 1, 0, 1, 1, 0, 1, 0, 1, 1, 1, 1, 1, 0, 0, 0, 1, 1, 0, 1, 1, 0, 1, 0, 0, 1, 1, 1, 1, 0, 1, 0, 1, 1, 1, 1, 1, 0, 1, 0, 0, 1, 0, 0, 1, 0, 0, 1, 1, 0, 1, 1, 0, 1, 0, 0, 0, 0, 0, 1, 0, 1, 0, 1, 0, 0, 0, 0, 0, 0, 1, 1, 0, 0, 0, 1, 1, 0, 0, 0, 0, 0, 0, 1, 1, 1, 1, 0, 0, 0, 1, 0, 0, 0, 1, 0, 0, 1, 1, 1, 0, 0, 0, 1, 1, 0, 1, 1, 0, 0, 0, 0, 1, 1, 0, 0, 1, 1, 1, 1, 1, 0, 1, 1, 1, 1, 1, 0, 1, 1, 1, 0, 1, 1, 1, 1, 1, 1, 0, 0, 0, 0, 1, 1, 1, 1, 1, 1, 1, 1, 0, 1, 0, 1, 0, 1, 1, 1, 1, 1, 1, 0, 1, 1, 1, 0, 0, 1, 0, 1, 1, 1, 1, 1, 1, 1, 1, 1, 0, 1, 1, 1, 1, 1, 1, 1, 1, 1, 0, 0, 1, 0, 1, 0, 1, 0, 1, 1, 1, 1, 0, 0, 0, 0, 0, 1, 1, 0, 1, 0, 0, 1, 1, 0, 1, 0, 0, 1, 0, 0, 1, 1, 0, 1, 0, 1, 0, 1, 1, 0, 0, 0, 1, 0, 0, 1, 1, 1, 0, 1, 1, 0, 1, 1, 0, 0, 0, 1, 0, 1, 1, 1, 0, 0, 0, 0, 0, 1, 1, 1, 1, 0, 0, 0, 0, 0, 0, 1, 0, 0, 1, 1, 1, 1, 1, 1, 0, 1, 1, 1, 0, 0, 1, 1, 0, 1, 1, 1, 1, 0]}
  [dataset] fashion_mnist_ood
extract:   0%|          | 0/938 [00:00<?, ?it/s]extract:   0%|          | 1/938 [00:00<05:07,  3.05it/s]extract:   0%|          | 2/938 [00:00<06:13,  2.51it/s]extract:   0%|          | 3/938 [00:01<05:54,  2.64it/s]extract:   0%|          | 4/938 [00:02<11:29,  1.35it/s]extract:   1%|          | 5/938 [00:03<11:40,  1.33it/s]extract:   1%|          | 6/938 [00:05<19:03,  1.23s/it]extract:   1%|          | 7/938 [00:05<15:02,  1.03it/s]extract:   1%|          | 8/938 [00:06<12:07,  1.28it/s]extract:   1%|          | 9/938 [00:06<10:01,  1.54it/s]extract:   1%|          | 10/938 [00:07<11:36,  1.33it/s]extract:   1%|          | 11/938 [00:08<11:41,  1.32it/s]extract:   1%|▏         | 12/938 [00:08<09:53,  1.56it/s]extract:   1%|▏         | 13/938 [00:09<09:33,  1.61it/s]extract:   1%|▏         | 14/938 [00:09<08:20,  1.85it/s]extract:   2%|▏         | 15/938 [00:09<07:19,  2.10it/s]extract:   2%|▏         | 16/938 [00:10<07:24,  2.07it/s]extract:   2%|▏         | 17/938 [00:10<06:47,  2.26it/s]extract:   2%|▏         | 18/938 [00:11<06:19,  2.43it/s]extract:   2%|▏         | 19/938 [00:11<05:58,  2.57it/s]extract:   2%|▏         | 20/938 [00:11<06:28,  2.36it/s]extract:   2%|▏         | 21/938 [00:12<06:00,  2.55it/s]extract:   2%|▏         | 22/938 [00:12<05:43,  2.67it/s]extract:   2%|▏         | 23/938 [00:12<05:28,  2.78it/s]extract:   3%|▎         | 24/938 [00:13<06:55,  2.20it/s]extract:   3%|▎         | 25/938 [00:13<06:40,  2.28it/s]extract:   3%|▎         | 26/938 [00:14<06:01,  2.53it/s]extract:   3%|▎         | 27/938 [00:14<05:40,  2.67it/s]extract:   3%|▎         | 28/938 [00:15<06:07,  2.48it/s]extract:   3%|▎         | 29/938 [00:15<07:40,  1.97it/s]extract:   3%|▎         | 30/938 [00:16<07:51,  1.92it/s]extract:   3%|▎         | 31/938 [00:16<07:45,  1.95it/s]extract:   3%|▎         | 32/938 [00:17<06:42,  2.25it/s]extract:   4%|▎         | 33/938 [00:17<05:50,  2.58it/s]extract:   4%|▎         | 34/938 [00:17<05:43,  2.63it/s]extract:   4%|▎         | 35/938 [00:18<05:28,  2.75it/s]extract:   4%|▍         | 36/938 [00:18<06:18,  2.38it/s]extract:   4%|▍         | 37/938 [00:18<05:41,  2.64it/s]extract:   4%|▍         | 38/938 [00:19<05:14,  2.86it/s]extract:   4%|▍         | 39/938 [00:19<05:43,  2.62it/s]extract:   4%|▍         | 40/938 [00:20<06:23,  2.34it/s]extract:   4%|▍         | 41/938 [00:20<05:47,  2.58it/s]extract:   4%|▍         | 42/938 [00:20<06:08,  2.43it/s]extract:   5%|▍         | 43/938 [00:21<05:36,  2.66it/s]extract:   5%|▍         | 44/938 [00:21<05:09,  2.89it/s]extract:   5%|▍         | 45/938 [00:21<05:33,  2.68it/s]extract:   5%|▍         | 46/938 [00:22<05:25,  2.74it/s]extract:   5%|▌         | 47/938 [00:22<06:47,  2.19it/s]extract:   5%|▌         | 48/938 [00:23<06:37,  2.24it/s]extract:   5%|▌         | 49/938 [00:23<06:35,  2.25it/s]extract:   5%|▌         | 50/938 [00:24<05:45,  2.57it/s]extract:   5%|▌         | 51/938 [00:24<06:06,  2.42it/s]extract:   6%|▌         | 52/938 [00:25<06:19,  2.34it/s]extract:   6%|▌         | 53/938 [00:25<05:54,  2.50it/s]extract:   6%|▌         | 54/938 [00:25<06:10,  2.39it/s]extract:   6%|▌         | 55/938 [00:26<05:34,  2.64it/s]extract:   6%|▌         | 56/938 [00:26<05:46,  2.54it/s]extract:   6%|▌         | 57/938 [00:26<04:49,  3.04it/s]extract:   6%|▌         | 58/938 [00:26<04:17,  3.42it/s]extract:   6%|▋         | 59/938 [00:27<03:56,  3.71it/s]extract:   6%|▋         | 60/938 [00:27<03:44,  3.91it/s]extract:   7%|▋         | 61/938 [00:27<03:34,  4.09it/s]extract:   7%|▋         | 62/938 [00:27<03:29,  4.18it/s]extract:   7%|▋         | 63/938 [00:28<03:25,  4.26it/s]extract:   7%|▋         | 64/938 [00:28<03:21,  4.33it/s]extract:   7%|▋         | 65/938 [00:28<03:20,  4.35it/s]extract:   7%|▋         | 66/938 [00:28<03:17,  4.41it/s]extract:   7%|▋         | 67/938 [00:28<03:26,  4.21it/s]extract:   7%|▋         | 68/938 [00:29<03:31,  4.10it/s]extract:   7%|▋         | 69/938 [00:29<03:35,  4.03it/s]extract:   7%|▋         | 70/938 [00:29<03:35,  4.03it/s]extract:   8%|▊         | 71/938 [00:29<03:31,  4.10it/s]extract:   8%|▊         | 72/938 [00:30<03:27,  4.17it/s]extract:   8%|▊         | 73/938 [00:30<03:24,  4.23it/s]extract:   8%|▊         | 74/938 [00:30<03:20,  4.30it/s]extract:   8%|▊         | 75/938 [00:30<03:25,  4.20it/s]extract:   8%|▊         | 76/938 [00:31<03:29,  4.12it/s]extract:   8%|▊         | 77/938 [00:31<03:26,  4.18it/s]extract:   8%|▊         | 78/938 [00:31<03:20,  4.29it/s]extract:   8%|▊         | 79/938 [00:31<03:15,  4.40it/s]extract:   9%|▊         | 80/938 [00:32<03:15,  4.39it/s]extract:   9%|▊         | 81/938 [00:32<03:23,  4.21it/s]extract:   9%|▊         | 82/938 [00:32<03:19,  4.29it/s]extract:   9%|▉         | 83/938 [00:32<03:45,  3.80it/s]extract:   9%|▉         | 84/938 [00:33<03:42,  3.84it/s]extract:   9%|▉         | 85/938 [00:33<03:42,  3.84it/s]extract:   9%|▉         | 86/938 [00:33<03:44,  3.79it/s]extract:   9%|▉         | 87/938 [00:33<03:43,  3.81it/s]extract:   9%|▉         | 88/938 [00:34<03:42,  3.83it/s]extract:   9%|▉         | 89/938 [00:34<03:40,  3.85it/s]extract:  10%|▉         | 90/938 [00:34<03:39,  3.86it/s]extract:  10%|▉         | 91/938 [00:34<03:38,  3.88it/s]extract:  10%|▉         | 92/938 [00:35<03:29,  4.04it/s]extract:  10%|▉         | 93/938 [00:35<03:25,  4.11it/s]extract:  10%|█         | 94/938 [00:35<03:24,  4.13it/s]extract:  10%|█         | 95/938 [00:35<03:34,  3.92it/s]extract:  10%|█         | 96/938 [00:36<03:22,  4.16it/s]extract:  10%|█         | 97/938 [00:36<03:17,  4.27it/s]extract:  10%|█         | 98/938 [00:36<03:12,  4.36it/s]extract:  11%|█         | 99/938 [00:36<03:11,  4.38it/s]extract:  11%|█         | 100/938 [00:37<03:19,  4.20it/s]extract:  11%|█         | 101/938 [00:37<03:24,  4.09it/s]extract:  11%|█         | 102/938 [00:37<03:29,  4.00it/s]extract:  11%|█         | 103/938 [00:37<03:32,  3.93it/s]extract:  11%|█         | 104/938 [00:38<03:25,  4.05it/s]extract:  11%|█         | 105/938 [00:38<03:19,  4.17it/s]extract:  11%|█▏        | 106/938 [00:38<03:14,  4.28it/s]extract:  11%|█▏        | 107/938 [00:38<03:11,  4.34it/s]extract:  12%|█▏        | 108/938 [00:38<03:07,  4.42it/s]extract:  12%|█▏        | 109/938 [00:39<03:16,  4.22it/s]extract:  12%|█▏        | 110/938 [00:39<03:20,  4.14it/s]extract:  12%|█▏        | 111/938 [00:39<03:18,  4.17it/s]extract:  12%|█▏        | 112/938 [00:39<03:21,  4.10it/s]extract:  12%|█▏        | 113/938 [00:40<03:20,  4.12it/s]extract:  12%|█▏        | 114/938 [00:40<03:14,  4.23it/s]extract:  12%|█▏        | 115/938 [00:40<03:10,  4.32it/s]extract:  12%|█▏        | 116/938 [00:40<03:08,  4.37it/s]extract:  12%|█▏        | 117/938 [00:41<03:05,  4.42it/s]extract:  13%|█▎        | 118/938 [00:41<03:06,  4.40it/s]extract:  13%|█▎        | 119/938 [00:41<03:04,  4.44it/s]extract:  13%|█▎        | 120/938 [00:41<03:08,  4.35it/s]extract:  13%|█▎        | 121/938 [00:42<03:34,  3.81it/s]extract:  13%|█▎        | 122/938 [00:42<03:49,  3.56it/s]extract:  13%|█▎        | 123/938 [00:42<03:33,  3.81it/s]extract:  13%|█▎        | 124/938 [00:42<03:21,  4.03it/s]extract:  13%|█▎        | 125/938 [00:43<03:14,  4.18it/s]extract:  13%|█▎        | 126/938 [00:43<03:10,  4.26it/s]extract:  14%|█▎        | 127/938 [00:43<03:09,  4.27it/s]extract:  14%|█▎        | 128/938 [00:43<03:12,  4.21it/s]extract:  14%|█▍        | 129/938 [00:44<03:11,  4.23it/s]extract:  14%|█▍        | 130/938 [00:44<03:08,  4.28it/s]extract:  14%|█▍        | 131/938 [00:44<03:05,  4.34it/s]extract:  14%|█▍        | 132/938 [00:44<03:18,  4.06it/s]extract:  14%|█▍        | 133/938 [00:45<03:19,  4.04it/s]extract:  14%|█▍        | 134/938 [00:45<03:13,  4.15it/s]extract:  14%|█▍        | 135/938 [00:45<03:11,  4.18it/s]extract:  14%|█▍        | 136/938 [00:45<03:12,  4.16it/s]extract:  15%|█▍        | 137/938 [00:45<03:06,  4.29it/s]extract:  15%|█▍        | 138/938 [00:46<03:03,  4.37it/s]extract:  15%|█▍        | 139/938 [00:46<03:10,  4.19it/s]extract:  15%|█▍        | 140/938 [00:46<03:13,  4.13it/s]extract:  15%|█▌        | 141/938 [00:46<03:12,  4.13it/s]extract:  15%|█▌        | 142/938 [00:47<03:08,  4.23it/s]extract:  15%|█▌        | 143/938 [00:47<03:06,  4.27it/s]extract:  15%|█▌        | 144/938 [00:47<03:02,  4.35it/s]extract:  15%|█▌        | 145/938 [00:47<03:00,  4.39it/s]extract:  16%|█▌        | 146/938 [00:48<03:01,  4.35it/s]extract:  16%|█▌        | 147/938 [00:48<02:59,  4.40it/s]extract:  16%|█▌        | 148/938 [00:48<02:49,  4.67it/s]extract:  16%|█▌        | 149/938 [00:48<02:48,  4.68it/s]extract:  16%|█▌        | 150/938 [00:48<02:47,  4.70it/s]extract:  16%|█▌        | 151/938 [00:49<02:47,  4.71it/s]extract:  16%|█▌        | 152/938 [00:49<02:46,  4.71it/s]extract:  16%|█▋        | 153/938 [00:49<02:46,  4.70it/s]extract:  16%|█▋        | 154/938 [00:49<02:45,  4.74it/s]extract:  17%|█▋        | 155/938 [00:49<02:39,  4.92it/s]extract:  17%|█▋        | 156/938 [00:50<02:43,  4.79it/s]extract:  17%|█▋        | 157/938 [00:50<02:45,  4.73it/s]extract:  17%|█▋        | 158/938 [00:50<02:54,  4.47it/s]extract:  17%|█▋        | 159/938 [00:50<03:01,  4.29it/s]extract:  17%|█▋        | 160/938 [00:51<02:57,  4.37it/s]extract:  17%|█▋        | 161/938 [00:51<02:54,  4.46it/s]extract:  17%|█▋        | 162/938 [00:51<02:49,  4.58it/s]extract:  17%|█▋        | 163/938 [00:51<02:47,  4.63it/s]extract:  17%|█▋        | 164/938 [00:51<02:45,  4.67it/s]extract:  18%|█▊        | 165/938 [00:52<02:45,  4.67it/s]extract:  18%|█▊        | 166/938 [00:52<02:44,  4.68it/s]extract:  18%|█▊        | 167/938 [00:52<02:44,  4.68it/s]extract:  18%|█▊        | 168/938 [00:52<02:45,  4.66it/s]extract:  18%|█▊        | 169/938 [00:52<02:47,  4.60it/s]extract:  18%|█▊        | 170/938 [00:53<02:45,  4.64it/s]extract:  18%|█▊        | 171/938 [00:53<02:45,  4.64it/s]extract:  18%|█▊        | 172/938 [00:53<02:45,  4.62it/s]extract:  18%|█▊        | 173/938 [00:53<02:45,  4.63it/s]extract:  19%|█▊        | 174/938 [00:54<02:44,  4.65it/s]extract:  19%|█▊        | 175/938 [00:54<02:35,  4.91it/s]extract:  19%|█▉        | 176/938 [00:54<02:38,  4.80it/s]extract:  19%|█▉        | 177/938 [00:54<02:40,  4.74it/s]extract:  19%|█▉        | 178/938 [00:54<02:39,  4.75it/s]extract:  19%|█▉        | 179/938 [00:55<02:41,  4.69it/s]extract:  19%|█▉        | 180/938 [00:55<02:42,  4.66it/s]extract:  19%|█▉        | 181/938 [00:55<02:44,  4.60it/s]extract:  19%|█▉        | 182/938 [00:55<02:59,  4.22it/s]extract:  20%|█▉        | 183/938 [00:56<03:04,  4.10it/s]extract:  20%|█▉        | 184/938 [00:56<03:21,  3.74it/s]extract:  20%|█▉        | 185/938 [00:56<03:25,  3.66it/s]extract:  20%|█▉        | 186/938 [00:56<03:22,  3.71it/s]extract:  20%|█▉        | 187/938 [00:57<03:23,  3.69it/s]extract:  20%|██        | 188/938 [00:57<03:22,  3.70it/s]extract:  20%|██        | 189/938 [00:57<03:15,  3.83it/s]extract:  20%|██        | 190/938 [00:57<03:10,  3.93it/s]extract:  20%|██        | 191/938 [00:58<03:10,  3.92it/s]extract:  20%|██        | 192/938 [00:58<03:08,  3.96it/s]extract:  21%|██        | 193/938 [00:58<03:07,  3.97it/s]extract:  21%|██        | 194/938 [00:58<03:05,  4.02it/s]extract:  21%|██        | 195/938 [00:59<03:06,  3.99it/s]extract:  21%|██        | 196/938 [00:59<03:04,  4.02it/s]extract:  21%|██        | 197/938 [00:59<03:19,  3.71it/s]extract:  21%|██        | 198/938 [01:00<03:25,  3.59it/s]extract:  21%|██        | 199/938 [01:00<03:33,  3.47it/s]extract:  21%|██▏       | 200/938 [01:00<03:52,  3.17it/s]extract:  21%|██▏       | 201/938 [01:01<03:43,  3.30it/s]extract:  22%|██▏       | 202/938 [01:01<03:37,  3.39it/s]extract:  22%|██▏       | 203/938 [01:01<03:47,  3.24it/s]extract:  22%|██▏       | 204/938 [01:01<03:41,  3.31it/s]extract:  22%|██▏       | 205/938 [01:02<03:35,  3.40it/s]extract:  22%|██▏       | 206/938 [01:02<03:34,  3.41it/s]extract:  22%|██▏       | 207/938 [01:02<03:27,  3.52it/s]extract:  22%|██▏       | 208/938 [01:03<03:20,  3.65it/s]extract:  22%|██▏       | 209/938 [01:03<03:19,  3.66it/s]extract:  22%|██▏       | 210/938 [01:03<03:16,  3.71it/s]extract:  22%|██▏       | 211/938 [01:03<03:17,  3.68it/s]extract:  23%|██▎       | 212/938 [01:04<03:13,  3.75it/s]extract:  23%|██▎       | 213/938 [01:04<03:09,  3.83it/s]extract:  23%|██▎       | 214/938 [01:04<03:07,  3.87it/s]extract:  23%|██▎       | 215/938 [01:04<03:03,  3.95it/s]extract:  23%|██▎       | 216/938 [01:05<03:21,  3.58it/s]extract:  23%|██▎       | 217/938 [01:05<03:18,  3.63it/s]extract:  23%|██▎       | 218/938 [01:05<03:13,  3.72it/s]extract:  23%|██▎       | 219/938 [01:05<03:14,  3.69it/s]extract:  23%|██▎       | 220/938 [01:06<03:12,  3.73it/s]extract:  24%|██▎       | 221/938 [01:06<03:13,  3.70it/s]extract:  24%|██▎       | 222/938 [01:06<03:10,  3.77it/s]extract:  24%|██▍       | 223/938 [01:07<03:06,  3.84it/s]extract:  24%|██▍       | 224/938 [01:07<03:03,  3.89it/s]extract:  24%|██▍       | 225/938 [01:07<02:59,  3.98it/s]extract:  24%|██▍       | 226/938 [01:07<02:57,  4.00it/s]extract:  24%|██▍       | 227/938 [01:07<02:57,  4.02it/s]extract:  24%|██▍       | 228/938 [01:08<03:00,  3.94it/s]extract:  24%|██▍       | 229/938 [01:08<02:59,  3.94it/s]extract:  25%|██▍       | 230/938 [01:08<03:16,  3.60it/s]extract:  25%|██▍       | 231/938 [01:09<03:20,  3.53it/s]extract:  25%|██▍       | 232/938 [01:09<03:18,  3.55it/s]extract:  25%|██▍       | 233/938 [01:09<03:16,  3.58it/s]extract:  25%|██▍       | 234/938 [01:09<03:10,  3.70it/s]extract:  25%|██▌       | 235/938 [01:10<03:05,  3.79it/s]extract:  25%|██▌       | 236/938 [01:10<03:01,  3.87it/s]extract:  25%|██▌       | 237/938 [01:10<03:16,  3.57it/s]extract:  25%|██▌       | 238/938 [01:11<03:14,  3.61it/s]extract:  25%|██▌       | 239/938 [01:11<03:12,  3.64it/s]extract:  26%|██▌       | 240/938 [01:11<03:09,  3.68it/s]extract:  26%|██▌       | 241/938 [01:11<03:10,  3.66it/s]extract:  26%|██▌       | 242/938 [01:12<03:07,  3.70it/s]extract:  26%|██▌       | 243/938 [01:12<03:02,  3.80it/s]extract:  26%|██▌       | 244/938 [01:12<02:59,  3.87it/s]extract:  26%|██▌       | 245/938 [01:12<02:56,  3.93it/s]extract:  26%|██▌       | 246/938 [01:13<02:55,  3.94it/s]extract:  26%|██▋       | 247/938 [01:13<02:55,  3.94it/s]extract:  26%|██▋       | 248/938 [01:13<02:53,  3.97it/s]extract:  27%|██▋       | 249/938 [01:13<02:53,  3.97it/s]extract:  27%|██▋       | 250/938 [01:14<02:54,  3.94it/s]extract:  27%|██▋       | 251/938 [01:14<02:55,  3.91it/s]extract:  27%|██▋       | 252/938 [01:14<02:54,  3.93it/s]extract:  27%|██▋       | 253/938 [01:14<02:53,  3.96it/s]extract:  27%|██▋       | 254/938 [01:15<02:51,  3.99it/s]extract:  27%|██▋       | 255/938 [01:15<02:50,  4.02it/s]extract:  27%|██▋       | 256/938 [01:15<02:49,  4.03it/s]extract:  27%|██▋       | 257/938 [01:15<02:49,  4.03it/s]extract:  28%|██▊       | 258/938 [01:16<02:49,  4.01it/s]extract:  28%|██▊       | 259/938 [01:16<02:50,  3.98it/s]extract:  28%|██▊       | 260/938 [01:16<02:49,  4.00it/s]extract:  28%|██▊       | 261/938 [01:16<03:09,  3.57it/s]extract:  28%|██▊       | 262/938 [01:17<03:18,  3.40it/s]extract:  28%|██▊       | 263/938 [01:17<03:40,  3.06it/s]extract:  28%|██▊       | 264/938 [01:18<03:43,  3.02it/s]extract:  28%|██▊       | 265/938 [01:18<03:33,  3.14it/s]extract:  28%|██▊       | 266/938 [01:18<03:34,  3.14it/s]extract:  28%|██▊       | 267/938 [01:19<03:54,  2.87it/s]extract:  29%|██▊       | 268/938 [01:19<03:58,  2.81it/s]extract:  29%|██▊       | 269/938 [01:19<03:49,  2.91it/s]extract:  29%|██▉       | 270/938 [01:20<03:52,  2.87it/s]extract:  29%|██▉       | 271/938 [01:20<03:45,  2.96it/s]extract:  29%|██▉       | 272/938 [01:20<03:25,  3.24it/s]extract:  29%|██▉       | 273/938 [01:20<03:12,  3.45it/s]extract:  29%|██▉       | 274/938 [01:21<03:11,  3.46it/s]extract:  29%|██▉       | 275/938 [01:21<03:11,  3.46it/s]extract:  29%|██▉       | 276/938 [01:21<03:19,  3.32it/s]extract:  30%|██▉       | 277/938 [01:22<03:10,  3.47it/s]extract:  30%|██▉       | 278/938 [01:22<03:01,  3.64it/s]extract:  30%|██▉       | 279/938 [01:22<03:08,  3.50it/s]extract:  30%|██▉       | 280/938 [01:22<03:10,  3.46it/s]extract:  30%|██▉       | 281/938 [01:23<03:11,  3.42it/s]extract:  30%|███       | 282/938 [01:23<03:06,  3.51it/s]extract:  30%|███       | 283/938 [01:23<03:24,  3.20it/s]extract:  30%|███       | 284/938 [01:24<03:21,  3.25it/s]extract:  30%|███       | 285/938 [01:24<03:14,  3.36it/s]extract:  30%|███       | 286/938 [01:24<03:05,  3.51it/s]extract:  31%|███       | 287/938 [01:25<03:09,  3.43it/s]extract:  31%|███       | 288/938 [01:25<03:06,  3.48it/s]extract:  31%|███       | 289/938 [01:25<03:01,  3.57it/s]extract:  31%|███       | 290/938 [01:25<03:00,  3.60it/s]extract:  31%|███       | 291/938 [01:26<02:59,  3.61it/s]extract:  31%|███       | 292/938 [01:26<02:56,  3.65it/s]extract:  31%|███       | 293/938 [01:26<02:50,  3.79it/s]extract:  31%|███▏      | 294/938 [01:26<02:46,  3.88it/s]extract:  31%|███▏      | 295/938 [01:27<02:43,  3.94it/s]extract:  32%|███▏      | 296/938 [01:27<02:41,  3.98it/s]extract:  32%|███▏      | 297/938 [01:27<02:39,  4.02it/s]extract:  32%|███▏      | 298/938 [01:27<02:38,  4.03it/s]extract:  32%|███▏      | 299/938 [01:28<02:37,  4.05it/s]extract:  32%|███▏      | 300/938 [01:28<02:35,  4.09it/s]extract:  32%|███▏      | 301/938 [01:28<02:35,  4.09it/s]extract:  32%|███▏      | 302/938 [01:28<02:36,  4.07it/s]extract:  32%|███▏      | 303/938 [01:29<02:37,  4.04it/s]extract:  32%|███▏      | 304/938 [01:29<02:59,  3.53it/s]extract:  33%|███▎      | 305/938 [01:29<02:58,  3.55it/s]extract:  33%|███▎      | 306/938 [01:29<02:56,  3.58it/s]extract:  33%|███▎      | 307/938 [01:30<02:55,  3.60it/s]extract:  33%|███▎      | 308/938 [01:30<02:50,  3.69it/s]extract:  33%|███▎      | 309/938 [01:30<02:46,  3.78it/s]extract:  33%|███▎      | 310/938 [01:30<02:42,  3.86it/s]extract:  33%|███▎      | 311/938 [01:31<02:39,  3.93it/s]extract:  33%|███▎      | 312/938 [01:31<02:37,  3.98it/s]extract:  33%|███▎      | 313/938 [01:31<02:35,  4.01it/s]extract:  33%|███▎      | 314/938 [01:31<02:34,  4.03it/s]extract:  34%|███▎      | 315/938 [01:32<02:34,  4.04it/s]extract:  34%|███▎      | 316/938 [01:32<02:34,  4.04it/s]extract:  34%|███▍      | 317/938 [01:32<02:33,  4.04it/s]extract:  34%|███▍      | 318/938 [01:32<02:33,  4.04it/s]extract:  34%|███▍      | 319/938 [01:33<02:33,  4.04it/s]extract:  34%|███▍      | 320/938 [01:33<02:28,  4.15it/s]extract:  34%|███▍      | 321/938 [01:33<02:30,  4.09it/s]extract:  34%|███▍      | 322/938 [01:33<02:33,  4.00it/s]extract:  34%|███▍      | 323/938 [01:34<02:30,  4.09it/s]extract:  35%|███▍      | 324/938 [01:34<02:32,  4.02it/s]extract:  35%|███▍      | 325/938 [01:34<02:50,  3.60it/s]extract:  35%|███▍      | 326/938 [01:35<02:48,  3.62it/s]extract:  35%|███▍      | 327/938 [01:35<02:47,  3.64it/s]extract:  35%|███▍      | 328/938 [01:35<02:46,  3.67it/s]extract:  35%|███▌      | 329/938 [01:35<02:43,  3.73it/s]extract:  35%|███▌      | 330/938 [01:36<02:38,  3.84it/s]extract:  35%|███▌      | 331/938 [01:36<02:45,  3.68it/s]extract:  35%|███▌      | 332/938 [01:36<02:51,  3.53it/s]extract:  36%|███▌      | 333/938 [01:36<02:52,  3.51it/s]extract:  36%|███▌      | 334/938 [01:37<03:18,  3.04it/s]extract:  36%|███▌      | 335/938 [01:37<03:16,  3.07it/s]extract:  36%|███▌      | 336/938 [01:38<03:07,  3.21it/s]extract:  36%|███▌      | 337/938 [01:38<02:59,  3.35it/s]extract:  36%|███▌      | 338/938 [01:38<02:52,  3.48it/s]extract:  36%|███▌      | 339/938 [01:38<02:48,  3.56it/s]extract:  36%|███▌      | 340/938 [01:39<02:46,  3.60it/s]extract:  36%|███▋      | 341/938 [01:39<02:43,  3.64it/s]extract:  36%|███▋      | 342/938 [01:39<02:37,  3.77it/s]extract:  37%|███▋      | 343/938 [01:39<02:38,  3.76it/s]extract:  37%|███▋      | 344/938 [01:40<02:38,  3.74it/s]extract:  37%|███▋      | 345/938 [01:40<02:37,  3.77it/s]extract:  37%|███▋      | 346/938 [01:40<02:34,  3.83it/s]extract:  37%|███▋      | 347/938 [01:40<02:31,  3.91it/s]extract:  37%|███▋      | 348/938 [01:41<02:28,  3.96it/s]extract:  37%|███▋      | 349/938 [01:41<02:27,  4.01it/s]extract:  37%|███▋      | 350/938 [01:41<02:25,  4.04it/s]extract:  37%|███▋      | 351/938 [01:41<02:24,  4.06it/s]extract:  38%|███▊      | 352/938 [01:42<02:24,  4.07it/s]extract:  38%|███▊      | 353/938 [01:42<02:23,  4.08it/s]extract:  38%|███▊      | 354/938 [01:42<02:23,  4.08it/s]extract:  38%|███▊      | 355/938 [01:42<02:23,  4.07it/s]extract:  38%|███▊      | 356/938 [01:43<02:22,  4.07it/s]extract:  38%|███▊      | 357/938 [01:43<02:22,  4.08it/s]extract:  38%|███▊      | 358/938 [01:43<02:21,  4.09it/s]extract:  38%|███▊      | 359/938 [01:43<02:31,  3.83it/s]extract:  38%|███▊      | 360/938 [01:44<02:34,  3.74it/s]extract:  38%|███▊      | 361/938 [01:44<02:35,  3.71it/s]extract:  39%|███▊      | 362/938 [01:44<02:34,  3.73it/s]extract:  39%|███▊      | 363/938 [01:44<02:34,  3.73it/s]extract:  39%|███▉      | 364/938 [01:45<02:29,  3.84it/s]extract:  39%|███▉      | 365/938 [01:45<02:26,  3.91it/s]extract:  39%|███▉      | 366/938 [01:45<02:24,  3.96it/s]extract:  39%|███▉      | 367/938 [01:45<02:22,  4.00it/s]extract:  39%|███▉      | 368/938 [01:46<02:21,  4.03it/s]extract:  39%|███▉      | 369/938 [01:46<02:20,  4.04it/s]extract:  39%|███▉      | 370/938 [01:46<02:19,  4.08it/s]extract:  40%|███▉      | 371/938 [01:46<02:28,  3.81it/s]extract:  40%|███▉      | 372/938 [01:47<02:29,  3.80it/s]extract:  40%|███▉      | 373/938 [01:47<02:31,  3.73it/s]extract:  40%|███▉      | 374/938 [01:47<02:33,  3.68it/s]extract:  40%|███▉      | 375/938 [01:48<02:31,  3.71it/s]extract:  40%|████      | 376/938 [01:48<02:27,  3.81it/s]extract:  40%|████      | 377/938 [01:48<02:24,  3.88it/s]extract:  40%|████      | 378/938 [01:48<02:28,  3.77it/s]extract:  40%|████      | 379/938 [01:49<02:29,  3.74it/s]extract:  41%|████      | 380/938 [01:49<02:32,  3.65it/s]extract:  41%|████      | 381/938 [01:49<02:35,  3.59it/s]extract:  41%|████      | 382/938 [01:49<02:30,  3.69it/s]extract:  41%|████      | 383/938 [01:50<02:25,  3.80it/s]extract:  41%|████      | 384/938 [01:50<02:22,  3.90it/s]extract:  41%|████      | 385/938 [01:50<02:19,  3.96it/s]extract:  41%|████      | 386/938 [01:50<02:19,  3.96it/s]extract:  41%|████▏     | 387/938 [01:51<02:17,  4.01it/s]extract:  41%|████▏     | 388/938 [01:51<02:16,  4.04it/s]extract:  41%|████▏     | 389/938 [01:51<02:15,  4.06it/s]extract:  42%|████▏     | 390/938 [01:51<02:14,  4.06it/s]extract:  42%|████▏     | 391/938 [01:52<02:14,  4.06it/s]extract:  42%|████▏     | 392/938 [01:52<02:21,  3.85it/s]extract:  42%|████▏     | 393/938 [01:52<02:22,  3.82it/s]extract:  42%|████▏     | 394/938 [01:52<02:23,  3.80it/s]extract:  42%|████▏     | 395/938 [01:53<02:23,  3.77it/s]extract:  42%|████▏     | 396/938 [01:53<02:24,  3.76it/s]extract:  42%|████▏     | 397/938 [01:53<02:24,  3.75it/s]extract:  42%|████▏     | 398/938 [01:54<02:20,  3.84it/s]extract:  43%|████▎     | 399/938 [01:54<02:17,  3.93it/s]extract:  43%|████▎     | 400/938 [01:54<02:14,  3.99it/s]extract:  43%|████▎     | 401/938 [01:54<02:13,  4.03it/s]extract:  43%|████▎     | 402/938 [01:54<02:11,  4.06it/s]extract:  43%|████▎     | 403/938 [01:55<02:12,  4.04it/s]extract:  43%|████▎     | 404/938 [01:55<02:12,  4.03it/s]extract:  43%|████▎     | 405/938 [01:55<02:13,  3.99it/s]extract:  43%|████▎     | 406/938 [01:55<02:12,  4.02it/s]extract:  43%|████▎     | 407/938 [01:56<02:20,  3.78it/s]extract:  43%|████▎     | 408/938 [01:56<02:28,  3.57it/s]extract:  44%|████▎     | 409/938 [01:56<02:30,  3.51it/s]extract:  44%|████▎     | 410/938 [01:57<02:24,  3.66it/s]extract:  44%|████▍     | 411/938 [01:57<02:19,  3.78it/s]extract:  44%|████▍     | 412/938 [01:57<02:22,  3.70it/s]extract:  44%|████▍     | 413/938 [01:57<02:25,  3.61it/s]extract:  44%|████▍     | 414/938 [01:58<02:22,  3.66it/s]extract:  44%|████▍     | 415/938 [01:58<02:21,  3.69it/s]extract:  44%|████▍     | 416/938 [01:58<02:23,  3.64it/s]extract:  44%|████▍     | 417/938 [01:59<02:22,  3.65it/s]extract:  45%|████▍     | 418/938 [01:59<02:23,  3.63it/s]extract:  45%|████▍     | 419/938 [01:59<02:20,  3.70it/s]extract:  45%|████▍     | 420/938 [01:59<02:16,  3.80it/s]extract:  45%|████▍     | 421/938 [02:00<02:22,  3.62it/s]extract:  45%|████▍     | 422/938 [02:00<02:23,  3.60it/s]extract:  45%|████▌     | 423/938 [02:00<02:21,  3.63it/s]extract:  45%|████▌     | 424/938 [02:00<02:20,  3.65it/s]extract:  45%|████▌     | 425/938 [02:01<02:20,  3.64it/s]extract:  45%|████▌     | 426/938 [02:01<02:15,  3.77it/s]extract:  46%|████▌     | 427/938 [02:01<02:12,  3.86it/s]extract:  46%|████▌     | 428/938 [02:02<02:17,  3.70it/s]extract:  46%|████▌     | 429/938 [02:04<07:03,  1.20it/s]extract:  46%|████▌     | 430/938 [02:04<05:37,  1.50it/s]extract:  46%|████▌     | 431/938 [02:04<04:38,  1.82it/s]extract:  46%|████▌     | 432/938 [02:04<03:55,  2.15it/s]extract:  46%|████▌     | 433/938 [02:05<03:25,  2.46it/s]extract:  46%|████▋     | 434/938 [02:05<03:00,  2.79it/s]extract:  46%|████▋     | 435/938 [02:06<04:07,  2.03it/s]extract:  46%|████▋     | 436/938 [02:07<05:26,  1.54it/s]extract:  47%|████▋     | 437/938 [02:07<05:21,  1.56it/s]extract:  47%|████▋     | 438/938 [02:08<06:16,  1.33it/s]extract:  47%|████▋     | 439/938 [02:10<08:09,  1.02it/s]extract:  47%|████▋     | 440/938 [02:11<07:07,  1.16it/s]extract:  47%|████▋     | 441/938 [02:11<07:07,  1.16it/s]extract:  47%|████▋     | 442/938 [02:12<07:20,  1.13it/s]extract:  47%|████▋     | 443/938 [02:14<09:01,  1.09s/it]extract:  47%|████▋     | 444/938 [02:14<06:59,  1.18it/s]extract:  47%|████▋     | 445/938 [02:14<05:34,  1.48it/s]extract:  48%|████▊     | 446/938 [02:15<04:31,  1.81it/s]extract:  48%|████▊     | 447/938 [02:15<03:47,  2.16it/s]extract:  48%|████▊     | 448/938 [02:15<03:14,  2.51it/s]extract:  48%|████▊     | 449/938 [02:16<02:52,  2.84it/s]extract:  48%|████▊     | 450/938 [02:17<04:54,  1.66it/s]extract:  48%|████▊     | 451/938 [02:17<04:32,  1.79it/s]extract:  48%|████▊     | 452/938 [02:18<06:07,  1.32it/s]extract:  48%|████▊     | 453/938 [02:20<08:08,  1.01s/it]extract:  48%|████▊     | 454/938 [02:21<08:27,  1.05s/it]extract:  49%|████▊     | 455/938 [02:22<07:12,  1.12it/s]extract:  49%|████▊     | 456/938 [02:23<08:59,  1.12s/it]extract:  49%|████▊     | 457/938 [02:24<07:03,  1.14it/s]extract:  49%|████▉     | 458/938 [02:24<05:34,  1.43it/s]extract:  49%|████▉     | 459/938 [02:24<04:30,  1.77it/s]extract:  49%|████▉     | 460/938 [02:24<03:45,  2.12it/s]extract:  49%|████▉     | 461/938 [02:25<03:12,  2.47it/s]extract:  49%|████▉     | 462/938 [02:26<05:29,  1.45it/s]extract:  49%|████▉     | 463/938 [02:27<05:12,  1.52it/s]extract:  49%|████▉     | 464/938 [02:28<06:30,  1.21it/s]extract:  50%|████▉     | 465/938 [02:29<07:28,  1.05it/s]extract:  50%|████▉     | 466/938 [02:30<07:27,  1.05it/s]extract:  50%|████▉     | 467/938 [02:32<09:27,  1.21s/it]extract:  50%|████▉     | 468/938 [02:32<07:16,  1.08it/s]extract:  50%|█████     | 469/938 [02:32<05:43,  1.37it/s]extract:  50%|█████     | 470/938 [02:33<04:41,  1.66it/s]extract:  50%|█████     | 471/938 [02:33<03:52,  2.01it/s]extract:  50%|█████     | 472/938 [02:33<03:20,  2.33it/s]extract:  50%|█████     | 473/938 [02:35<05:37,  1.38it/s]extract:  51%|█████     | 474/938 [02:36<08:03,  1.04s/it]extract:  51%|█████     | 475/938 [02:38<08:37,  1.12s/it]extract:  51%|█████     | 476/938 [02:38<06:49,  1.13it/s]extract:  51%|█████     | 477/938 [02:39<06:48,  1.13it/s]extract:  51%|█████     | 478/938 [02:41<10:01,  1.31s/it]extract:  51%|█████     | 479/938 [02:41<07:41,  1.01s/it]extract:  51%|█████     | 480/938 [02:42<05:59,  1.27it/s]extract:  51%|█████▏    | 481/938 [02:42<04:48,  1.59it/s]extract:  51%|█████▏    | 482/938 [02:42<04:04,  1.86it/s]extract:  51%|█████▏    | 483/938 [02:43<03:28,  2.18it/s]extract:  52%|█████▏    | 484/938 [02:44<06:31,  1.16it/s]extract:  52%|█████▏    | 485/938 [02:45<05:09,  1.47it/s]extract:  52%|█████▏    | 486/938 [02:46<06:31,  1.16it/s]extract:  52%|█████▏    | 487/938 [02:47<05:49,  1.29it/s]extract:  52%|█████▏    | 488/938 [02:48<07:46,  1.04s/it]extract:  52%|█████▏    | 489/938 [02:49<07:06,  1.05it/s]extract:  52%|█████▏    | 490/938 [02:49<06:04,  1.23it/s]extract:  52%|█████▏    | 491/938 [02:50<05:29,  1.35it/s]extract:  52%|█████▏    | 492/938 [02:50<04:39,  1.60it/s]extract:  53%|█████▎    | 493/938 [02:52<07:18,  1.02it/s]extract:  53%|█████▎    | 494/938 [02:53<06:27,  1.15it/s]extract:  53%|█████▎    | 495/938 [02:54<07:31,  1.02s/it]extract:  53%|█████▎    | 496/938 [02:55<06:29,  1.13it/s]extract:  53%|█████▎    | 497/938 [02:56<06:36,  1.11it/s]extract:  53%|█████▎    | 498/938 [02:57<06:47,  1.08it/s]extract:  53%|█████▎    | 499/938 [02:59<08:53,  1.21s/it]extract:  53%|█████▎    | 500/938 [02:59<07:08,  1.02it/s]extract:  53%|█████▎    | 501/938 [02:59<06:00,  1.21it/s]extract:  54%|█████▎    | 502/938 [03:00<05:01,  1.45it/s]extract:  54%|█████▎    | 503/938 [03:01<06:57,  1.04it/s]extract:  54%|█████▎    | 504/938 [03:02<06:55,  1.05it/s]extract:  54%|█████▍    | 505/938 [03:03<06:49,  1.06it/s]extract:  54%|█████▍    | 506/938 [03:05<09:03,  1.26s/it]extract:  54%|█████▍    | 507/938 [03:06<08:45,  1.22s/it]extract:  54%|█████▍    | 508/938 [03:09<11:16,  1.57s/it]extract:  54%|█████▍    | 509/938 [03:09<09:05,  1.27s/it]extract:  54%|█████▍    | 510/938 [03:10<06:52,  1.04it/s]extract:  54%|█████▍    | 511/938 [03:10<05:19,  1.34it/s]extract:  55%|█████▍    | 512/938 [03:10<04:13,  1.68it/s]extract:  55%|█████▍    | 513/938 [03:10<03:28,  2.04it/s]extract:  55%|█████▍    | 514/938 [03:11<02:56,  2.40it/s]extract:  55%|█████▍    | 515/938 [03:11<02:34,  2.74it/s]extract:  55%|█████▌    | 516/938 [03:13<05:38,  1.24it/s]extract:  55%|█████▌    | 517/938 [03:15<08:19,  1.19s/it]extract:  55%|█████▌    | 518/938 [03:15<07:03,  1.01s/it]extract:  55%|█████▌    | 519/938 [03:18<11:16,  1.61s/it]extract:  55%|█████▌    | 520/938 [03:19<09:32,  1.37s/it]extract:  56%|█████▌    | 521/938 [03:21<11:08,  1.60s/it]extract:  56%|█████▌    | 522/938 [03:22<08:21,  1.20s/it]extract:  56%|█████▌    | 523/938 [03:22<06:25,  1.08it/s]extract:  56%|█████▌    | 524/938 [03:22<05:12,  1.32it/s]extract:  56%|█████▌    | 525/938 [03:22<04:12,  1.63it/s]extract:  56%|█████▌    | 526/938 [03:24<06:02,  1.14it/s]extract:  56%|█████▌    | 527/938 [03:26<07:30,  1.10s/it]extract:  56%|█████▋    | 528/938 [03:26<06:35,  1.04it/s]extract:  56%|█████▋    | 529/938 [03:28<08:04,  1.19s/it]extract:  57%|█████▋    | 530/938 [03:29<07:28,  1.10s/it]extract:  57%|█████▋    | 531/938 [03:31<09:42,  1.43s/it]extract:  57%|█████▋    | 532/938 [03:32<08:04,  1.19s/it]extract:  57%|█████▋    | 533/938 [03:32<06:35,  1.02it/s]extract:  57%|█████▋    | 534/938 [03:34<07:44,  1.15s/it]extract:  57%|█████▋    | 535/938 [03:36<09:43,  1.45s/it]extract:  57%|█████▋    | 536/938 [03:38<10:36,  1.58s/it]extract:  57%|█████▋    | 537/938 [03:39<09:49,  1.47s/it]extract:  57%|█████▋    | 538/938 [03:40<08:11,  1.23s/it]extract:  57%|█████▋    | 539/938 [03:41<08:24,  1.26s/it]extract:  58%|█████▊    | 540/938 [03:41<06:27,  1.03it/s]extract:  58%|█████▊    | 541/938 [03:42<05:08,  1.29it/s]extract:  58%|█████▊    | 542/938 [03:42<04:21,  1.51it/s]extract:  58%|█████▊    | 543/938 [03:43<05:49,  1.13it/s]extract:  58%|█████▊    | 544/938 [03:45<06:42,  1.02s/it]extract:  58%|█████▊    | 545/938 [03:45<05:52,  1.11it/s]extract:  58%|█████▊    | 546/938 [03:47<07:51,  1.20s/it]extract:  58%|█████▊    | 547/938 [03:48<07:26,  1.14s/it]extract:  58%|█████▊    | 548/938 [03:50<09:05,  1.40s/it]extract:  59%|█████▊    | 549/938 [03:51<07:20,  1.13s/it]extract:  59%|█████▊    | 550/938 [03:51<06:03,  1.07it/s]extract:  59%|█████▊    | 551/938 [03:52<05:12,  1.24it/s]extract:  59%|█████▉    | 552/938 [03:53<06:22,  1.01it/s]extract:  59%|█████▉    | 553/938 [03:55<07:41,  1.20s/it]extract:  59%|█████▉    | 554/938 [03:57<08:47,  1.37s/it]extract:  59%|█████▉    | 555/938 [03:57<07:36,  1.19s/it]extract:  59%|█████▉    | 556/938 [03:59<08:48,  1.38s/it]extract:  59%|█████▉    | 557/938 [04:00<07:05,  1.12s/it]extract:  59%|█████▉    | 558/938 [04:00<05:42,  1.11it/s]extract:  60%|█████▉    | 559/938 [04:00<04:43,  1.34it/s]extract:  60%|█████▉    | 560/938 [04:02<05:33,  1.14it/s]extract:  60%|█████▉    | 561/938 [04:04<08:03,  1.28s/it]extract:  60%|█████▉    | 562/938 [04:05<08:34,  1.37s/it]extract:  60%|██████    | 563/938 [04:06<07:50,  1.25s/it]extract:  60%|██████    | 564/938 [04:08<09:05,  1.46s/it]extract:  60%|██████    | 565/938 [04:09<07:41,  1.24s/it]extract:  60%|██████    | 566/938 [04:09<06:00,  1.03it/s]extract:  60%|██████    | 567/938 [04:10<04:45,  1.30it/s]extract:  61%|██████    | 568/938 [04:11<05:58,  1.03it/s]extract:  61%|██████    | 569/938 [04:13<07:13,  1.17s/it]extract:  61%|██████    | 570/938 [04:15<08:13,  1.34s/it]extract:  61%|██████    | 571/938 [04:15<06:59,  1.14s/it]extract:  61%|██████    | 572/938 [04:17<07:28,  1.22s/it]extract:  61%|██████    | 573/938 [04:19<08:49,  1.45s/it]extract:  61%|██████    | 574/938 [04:19<07:20,  1.21s/it]extract:  61%|██████▏   | 575/938 [04:20<05:48,  1.04it/s]extract:  61%|██████▏   | 576/938 [04:20<04:34,  1.32it/s]extract:  62%|██████▏   | 577/938 [04:22<06:08,  1.02s/it]extract:  62%|██████▏   | 578/938 [04:23<07:34,  1.26s/it]extract:  62%|██████▏   | 579/938 [04:25<08:20,  1.40s/it]extract:  62%|██████▏   | 580/938 [04:26<06:46,  1.14s/it]extract:  62%|██████▏   | 581/938 [04:26<06:03,  1.02s/it]extract:  62%|██████▏   | 582/938 [04:28<06:55,  1.17s/it]extract:  62%|██████▏   | 583/938 [04:29<06:52,  1.16s/it]extract:  62%|██████▏   | 584/938 [04:29<05:14,  1.13it/s]extract:  62%|██████▏   | 585/938 [04:30<04:05,  1.44it/s]extract:  62%|██████▏   | 586/938 [04:30<03:17,  1.78it/s]extract:  63%|██████▎   | 587/938 [04:30<02:43,  2.14it/s]extract:  63%|██████▎   | 588/938 [04:30<02:20,  2.49it/s]extract:  63%|██████▎   | 589/938 [04:32<04:17,  1.35it/s]extract:  63%|██████▎   | 590/938 [04:34<06:13,  1.07s/it]extract:  63%|██████▎   | 591/938 [04:34<05:02,  1.15it/s]extract:  63%|██████▎   | 592/938 [04:35<05:55,  1.03s/it]extract:  63%|██████▎   | 593/938 [04:36<05:01,  1.14it/s]extract:  63%|██████▎   | 594/938 [04:37<04:58,  1.15it/s]extract:  63%|██████▎   | 595/938 [04:38<04:35,  1.25it/s]extract:  64%|██████▎   | 596/938 [04:39<06:26,  1.13s/it]extract:  64%|██████▎   | 597/938 [04:40<05:11,  1.09it/s]extract:  64%|██████▍   | 598/938 [04:40<04:05,  1.38it/s]extract:  64%|██████▍   | 599/938 [04:40<03:16,  1.72it/s]extract:  64%|██████▍   | 600/938 [04:42<04:23,  1.28it/s]extract:  64%|██████▍   | 601/938 [04:42<04:12,  1.33it/s]extract:  64%|██████▍   | 602/938 [04:43<04:58,  1.13it/s]extract:  64%|██████▍   | 603/938 [04:45<06:05,  1.09s/it]extract:  64%|██████▍   | 604/938 [04:45<04:56,  1.13it/s]extract:  64%|██████▍   | 605/938 [04:47<06:10,  1.11s/it]extract:  65%|██████▍   | 606/938 [04:49<07:17,  1.32s/it]extract:  65%|██████▍   | 607/938 [04:49<05:40,  1.03s/it]extract:  65%|██████▍   | 608/938 [04:50<04:31,  1.21it/s]extract:  65%|██████▍   | 609/938 [04:51<05:24,  1.01it/s]extract:  65%|██████▌   | 610/938 [04:52<05:21,  1.02it/s]extract:  65%|██████▌   | 611/938 [04:53<05:14,  1.04it/s]extract:  65%|██████▌   | 612/938 [04:54<06:04,  1.12s/it]extract:  65%|██████▌   | 613/938 [04:55<05:47,  1.07s/it]extract:  65%|██████▌   | 614/938 [04:56<05:15,  1.03it/s]extract:  66%|██████▌   | 615/938 [04:58<06:26,  1.20s/it]extract:  66%|██████▌   | 616/938 [04:58<05:11,  1.03it/s]extract:  66%|██████▌   | 617/938 [04:59<04:11,  1.28it/s]extract:  66%|██████▌   | 618/938 [04:59<03:28,  1.54it/s]extract:  66%|██████▌   | 619/938 [04:59<02:52,  1.84it/s]extract:  66%|██████▌   | 620/938 [05:00<04:04,  1.30it/s]extract:  66%|██████▌   | 621/938 [05:02<05:30,  1.04s/it]extract:  66%|██████▋   | 622/938 [05:04<06:21,  1.21s/it]extract:  66%|██████▋   | 623/938 [05:04<05:25,  1.03s/it]extract:  67%|██████▋   | 624/938 [05:06<05:36,  1.07s/it]extract:  67%|██████▋   | 625/938 [05:07<05:58,  1.14s/it]extract:  67%|██████▋   | 626/938 [05:07<04:40,  1.11it/s]extract:  67%|██████▋   | 627/938 [05:08<04:07,  1.26it/s]extract:  67%|██████▋   | 628/938 [05:08<03:22,  1.53it/s]extract:  67%|██████▋   | 629/938 [05:09<04:26,  1.16it/s]extract:  67%|██████▋   | 630/938 [05:11<05:57,  1.16s/it]extract:  67%|██████▋   | 631/938 [05:13<06:10,  1.21s/it]extract:  67%|██████▋   | 632/938 [05:13<04:58,  1.02it/s]extract:  67%|██████▋   | 633/938 [05:14<05:28,  1.08s/it]extract:  68%|██████▊   | 634/938 [05:16<06:32,  1.29s/it]extract:  68%|██████▊   | 635/938 [05:16<04:59,  1.01it/s]extract:  68%|██████▊   | 636/938 [05:17<04:04,  1.24it/s]extract:  68%|██████▊   | 637/938 [05:17<03:20,  1.50it/s]extract:  68%|██████▊   | 638/938 [05:19<05:10,  1.04s/it]extract:  68%|██████▊   | 639/938 [05:19<04:09,  1.20it/s]extract:  68%|██████▊   | 640/938 [05:21<05:04,  1.02s/it]extract:  68%|██████▊   | 641/938 [05:23<06:49,  1.38s/it]extract:  68%|██████▊   | 642/938 [05:24<05:58,  1.21s/it]extract:  69%|██████▊   | 643/938 [05:26<07:43,  1.57s/it]extract:  69%|██████▊   | 644/938 [05:27<05:54,  1.20s/it]extract:  69%|██████▉   | 645/938 [05:27<05:13,  1.07s/it]extract:  69%|██████▉   | 646/938 [05:29<05:50,  1.20s/it]extract:  69%|██████▉   | 647/938 [05:31<06:59,  1.44s/it]extract:  69%|██████▉   | 648/938 [05:33<07:31,  1.56s/it]extract:  69%|██████▉   | 649/938 [05:34<06:54,  1.43s/it]extract:  69%|██████▉   | 650/938 [05:36<07:36,  1.59s/it]extract:  69%|██████▉   | 651/938 [05:36<06:02,  1.26s/it]extract:  70%|██████▉   | 652/938 [05:37<04:57,  1.04s/it]extract:  70%|██████▉   | 653/938 [05:37<03:55,  1.21it/s]extract:  70%|██████▉   | 654/938 [05:38<04:21,  1.09it/s]extract:  70%|██████▉   | 655/938 [05:40<05:25,  1.15s/it]extract:  70%|██████▉   | 656/938 [05:41<04:45,  1.01s/it]extract:  70%|███████   | 657/938 [05:42<05:22,  1.15s/it]extract:  70%|███████   | 658/938 [05:43<05:06,  1.10s/it]extract:  70%|███████   | 659/938 [05:45<05:59,  1.29s/it]extract:  70%|███████   | 660/938 [05:47<07:02,  1.52s/it]extract:  70%|███████   | 661/938 [05:47<05:30,  1.19s/it]extract:  71%|███████   | 662/938 [05:48<04:11,  1.10it/s]extract:  71%|███████   | 663/938 [05:48<03:32,  1.29it/s]extract:  71%|███████   | 664/938 [05:50<04:33,  1.00it/s]extract:  71%|███████   | 665/938 [05:51<05:06,  1.12s/it]extract:  71%|███████   | 666/938 [05:51<03:55,  1.16it/s]extract:  71%|███████   | 667/938 [05:53<04:49,  1.07s/it]extract:  71%|███████   | 668/938 [05:54<04:44,  1.05s/it]extract:  71%|███████▏  | 669/938 [05:56<05:41,  1.27s/it]extract:  71%|███████▏  | 670/938 [05:56<04:55,  1.10s/it]extract:  72%|███████▏  | 671/938 [05:57<03:54,  1.14it/s]extract:  72%|███████▏  | 672/938 [05:57<03:11,  1.39it/s]extract:  72%|███████▏  | 673/938 [05:58<03:45,  1.17it/s]extract:  72%|███████▏  | 674/938 [06:00<05:10,  1.17s/it]extract:  72%|███████▏  | 675/938 [06:00<04:06,  1.07it/s]extract:  72%|███████▏  | 676/938 [06:02<05:07,  1.17s/it]extract:  72%|███████▏  | 677/938 [06:03<04:50,  1.11s/it]extract:  72%|███████▏  | 678/938 [06:05<06:11,  1.43s/it]extract:  72%|███████▏  | 679/938 [06:06<04:55,  1.14s/it]extract:  72%|███████▏  | 680/938 [06:06<03:52,  1.11it/s]extract:  73%|███████▎  | 681/938 [06:07<03:20,  1.28it/s]extract:  73%|███████▎  | 682/938 [06:08<03:58,  1.07it/s]extract:  73%|███████▎  | 683/938 [06:10<05:00,  1.18s/it]extract:  73%|███████▎  | 684/938 [06:10<04:10,  1.01it/s]extract:  73%|███████▎  | 685/938 [06:12<05:09,  1.22s/it]extract:  73%|███████▎  | 686/938 [06:12<04:02,  1.04it/s]extract:  73%|███████▎  | 687/938 [06:13<03:58,  1.05it/s]extract:  73%|███████▎  | 688/938 [06:16<05:45,  1.38s/it]extract:  73%|███████▎  | 689/938 [06:16<04:25,  1.07s/it]extract:  74%|███████▎  | 690/938 [06:16<03:33,  1.16it/s]extract:  74%|███████▎  | 691/938 [06:17<02:58,  1.38it/s]extract:  74%|███████▍  | 692/938 [06:18<03:52,  1.06it/s]extract:  74%|███████▍  | 693/938 [06:20<04:53,  1.20s/it]extract:  74%|███████▍  | 694/938 [06:22<05:59,  1.47s/it]extract:  74%|███████▍  | 695/938 [06:23<05:35,  1.38s/it]extract:  74%|███████▍  | 696/938 [06:26<06:59,  1.73s/it]extract:  74%|███████▍  | 697/938 [06:26<05:22,  1.34s/it]extract:  74%|███████▍  | 698/938 [06:27<04:05,  1.02s/it]extract:  75%|███████▍  | 699/938 [06:27<03:22,  1.18it/s]extract:  75%|███████▍  | 700/938 [06:27<02:40,  1.49it/s]extract:  75%|███████▍  | 701/938 [06:29<03:22,  1.17it/s]extract:  75%|███████▍  | 702/938 [06:31<05:00,  1.27s/it]extract:  75%|███████▍  | 703/938 [06:33<05:47,  1.48s/it]extract:  75%|███████▌  | 704/938 [06:33<04:50,  1.24s/it]extract:  75%|███████▌  | 705/938 [06:34<04:10,  1.08s/it]extract:  75%|███████▌  | 706/938 [06:36<05:18,  1.37s/it]extract:  75%|███████▌  | 707/938 [06:37<04:30,  1.17s/it]extract:  75%|███████▌  | 708/938 [06:37<03:34,  1.07it/s]extract:  76%|███████▌  | 709/938 [06:39<04:33,  1.19s/it]extract:  76%|███████▌  | 710/938 [06:41<04:57,  1.30s/it]extract:  76%|███████▌  | 711/938 [06:43<05:35,  1.48s/it]extract:  76%|███████▌  | 712/938 [06:44<05:40,  1.51s/it]extract:  76%|███████▌  | 713/938 [06:47<06:44,  1.80s/it]extract:  76%|███████▌  | 714/938 [06:47<05:15,  1.41s/it]extract:  76%|███████▌  | 715/938 [06:48<04:13,  1.14s/it]extract:  76%|███████▋  | 716/938 [06:49<04:57,  1.34s/it]extract:  76%|███████▋  | 717/938 [06:52<06:07,  1.66s/it]extract:  77%|███████▋  | 718/938 [06:54<06:47,  1.85s/it]extract:  77%|███████▋  | 719/938 [06:56<07:08,  1.95s/it]extract:  77%|███████▋  | 720/938 [06:58<06:37,  1.82s/it]extract:  77%|███████▋  | 721/938 [06:58<05:02,  1.39s/it]extract:  77%|███████▋  | 722/938 [06:59<04:07,  1.15s/it]extract:  77%|███████▋  | 723/938 [07:01<05:13,  1.46s/it]extract:  77%|███████▋  | 724/938 [07:03<06:10,  1.73s/it]extract:  77%|███████▋  | 725/938 [07:04<05:05,  1.43s/it]extract:  77%|███████▋  | 726/938 [07:05<04:30,  1.28s/it]extract:  78%|███████▊  | 727/938 [07:07<05:08,  1.46s/it]extract:  78%|███████▊  | 728/938 [07:07<04:10,  1.19s/it]extract:  78%|███████▊  | 729/938 [07:08<03:27,  1.01it/s]extract:  78%|███████▊  | 730/938 [07:10<04:21,  1.26s/it]extract:  78%|███████▊  | 731/938 [07:12<05:42,  1.66s/it]extract:  78%|███████▊  | 732/938 [07:15<06:34,  1.92s/it]extract:  78%|███████▊  | 733/938 [07:16<05:46,  1.69s/it]extract:  78%|███████▊  | 734/938 [07:17<04:25,  1.30s/it]extract:  78%|███████▊  | 735/938 [07:17<03:27,  1.02s/it]extract:  78%|███████▊  | 736/938 [07:17<02:47,  1.21it/s]extract:  79%|███████▊  | 737/938 [07:18<02:31,  1.33it/s]extract:  79%|███████▊  | 738/938 [07:18<02:18,  1.44it/s]extract:  79%|███████▉  | 739/938 [07:19<02:01,  1.64it/s]extract:  79%|███████▉  | 740/938 [07:19<01:57,  1.69it/s]extract:  79%|███████▉  | 741/938 [07:20<01:53,  1.73it/s]extract:  79%|███████▉  | 742/938 [07:20<01:51,  1.76it/s]extract:  79%|███████▉  | 743/938 [07:21<01:48,  1.80it/s]extract:  79%|███████▉  | 744/938 [07:21<01:35,  2.02it/s]extract:  79%|███████▉  | 745/938 [07:22<01:33,  2.06it/s]extract:  80%|███████▉  | 746/938 [07:22<01:35,  2.01it/s]extract:  80%|███████▉  | 747/938 [07:23<01:30,  2.10it/s]extract:  80%|███████▉  | 748/938 [07:23<01:22,  2.31it/s]extract:  80%|███████▉  | 749/938 [07:23<01:21,  2.33it/s]extract:  80%|███████▉  | 750/938 [07:24<01:17,  2.41it/s]extract:  80%|████████  | 751/938 [07:24<01:27,  2.14it/s]extract:  80%|████████  | 752/938 [07:25<01:20,  2.31it/s]extract:  80%|████████  | 753/938 [07:25<01:15,  2.44it/s]extract:  80%|████████  | 754/938 [07:25<01:10,  2.63it/s]extract:  80%|████████  | 755/938 [07:26<01:23,  2.19it/s]extract:  81%|████████  | 756/938 [07:27<01:27,  2.07it/s]extract:  81%|████████  | 757/938 [07:27<01:21,  2.23it/s]extract:  81%|████████  | 758/938 [07:28<01:24,  2.14it/s]extract:  81%|████████  | 759/938 [07:28<01:21,  2.20it/s]extract:  81%|████████  | 760/938 [07:28<01:22,  2.15it/s]extract:  81%|████████  | 761/938 [07:29<01:17,  2.28it/s]extract:  81%|████████  | 762/938 [07:29<01:20,  2.19it/s]extract:  81%|████████▏ | 763/938 [07:30<01:14,  2.35it/s]extract:  81%|████████▏ | 764/938 [07:30<01:18,  2.21it/s]extract:  82%|████████▏ | 765/938 [07:31<01:22,  2.09it/s]extract:  82%|████████▏ | 766/938 [07:31<01:16,  2.24it/s]extract:  82%|████████▏ | 767/938 [07:32<01:18,  2.19it/s]extract:  82%|████████▏ | 768/938 [07:32<01:21,  2.07it/s]extract:  82%|████████▏ | 769/938 [07:32<01:12,  2.34it/s]extract:  82%|████████▏ | 770/938 [07:33<01:08,  2.44it/s]extract:  82%|████████▏ | 771/938 [07:33<01:17,  2.14it/s]extract:  82%|████████▏ | 772/938 [07:34<01:09,  2.38it/s]extract:  82%|████████▏ | 773/938 [07:34<01:08,  2.42it/s]extract:  83%|████████▎ | 774/938 [07:34<01:04,  2.56it/s]extract:  83%|████████▎ | 775/938 [07:35<01:00,  2.67it/s]extract:  83%|████████▎ | 776/938 [07:35<00:56,  2.89it/s]extract:  83%|████████▎ | 777/938 [07:35<00:54,  2.95it/s]extract:  83%|████████▎ | 778/938 [07:36<01:02,  2.57it/s]extract:  83%|████████▎ | 779/938 [07:36<01:02,  2.54it/s]extract:  83%|████████▎ | 780/938 [07:37<01:06,  2.39it/s]extract:  83%|████████▎ | 781/938 [07:37<01:04,  2.42it/s]extract:  83%|████████▎ | 782/938 [07:38<01:07,  2.32it/s]extract:  83%|████████▎ | 783/938 [07:38<01:05,  2.36it/s]extract:  84%|████████▎ | 784/938 [07:38<01:04,  2.38it/s]extract:  84%|████████▎ | 785/938 [07:39<01:17,  1.98it/s]extract:  84%|████████▍ | 786/938 [07:40<01:10,  2.14it/s]extract:  84%|████████▍ | 787/938 [07:40<01:09,  2.19it/s]extract:  84%|████████▍ | 788/938 [07:40<01:07,  2.23it/s]extract:  84%|████████▍ | 789/938 [07:41<01:00,  2.46it/s]extract:  84%|████████▍ | 790/938 [07:41<00:57,  2.57it/s]extract:  84%|████████▍ | 791/938 [07:41<00:54,  2.70it/s]extract:  84%|████████▍ | 792/938 [07:42<00:54,  2.66it/s]extract:  85%|████████▍ | 793/938 [07:42<01:04,  2.25it/s]extract:  85%|████████▍ | 794/938 [07:43<00:59,  2.42it/s]extract:  85%|████████▍ | 795/938 [07:43<00:56,  2.52it/s]extract:  85%|████████▍ | 796/938 [07:43<00:53,  2.67it/s]extract:  85%|████████▍ | 797/938 [07:44<01:01,  2.28it/s]extract:  85%|████████▌ | 798/938 [07:45<01:22,  1.69it/s]extract:  85%|████████▌ | 799/938 [07:45<01:13,  1.88it/s]extract:  85%|████████▌ | 800/938 [07:46<01:07,  2.05it/s]extract:  85%|████████▌ | 801/938 [07:46<01:05,  2.09it/s]extract:  86%|████████▌ | 802/938 [07:47<01:01,  2.21it/s]extract:  86%|████████▌ | 803/938 [07:47<01:05,  2.05it/s]extract:  86%|████████▌ | 804/938 [07:48<01:01,  2.19it/s]extract:  86%|████████▌ | 805/938 [07:48<00:55,  2.41it/s]extract:  86%|████████▌ | 806/938 [07:48<00:51,  2.57it/s]extract:  86%|████████▌ | 807/938 [07:48<00:48,  2.71it/s]extract:  86%|████████▌ | 808/938 [07:49<00:46,  2.79it/s]extract:  86%|████████▌ | 809/938 [07:49<00:46,  2.78it/s]extract:  86%|████████▋ | 810/938 [07:49<00:44,  2.89it/s]extract:  86%|████████▋ | 811/938 [07:50<00:45,  2.76it/s]extract:  87%|████████▋ | 812/938 [07:50<00:41,  3.00it/s]extract:  87%|████████▋ | 813/938 [07:50<00:42,  2.97it/s]extract:  87%|████████▋ | 814/938 [07:51<00:45,  2.70it/s]extract:  87%|████████▋ | 815/938 [07:51<00:50,  2.46it/s]extract:  87%|████████▋ | 816/938 [07:52<00:53,  2.29it/s]extract:  87%|████████▋ | 817/938 [07:52<00:52,  2.31it/s]extract:  87%|████████▋ | 818/938 [07:53<00:49,  2.42it/s]extract:  87%|████████▋ | 819/938 [07:53<00:48,  2.46it/s]extract:  87%|████████▋ | 820/938 [07:54<00:46,  2.52it/s]extract:  88%|████████▊ | 821/938 [07:54<00:49,  2.35it/s]extract:  88%|████████▊ | 822/938 [07:54<00:47,  2.46it/s]extract:  88%|████████▊ | 823/938 [07:55<00:44,  2.57it/s]extract:  88%|████████▊ | 824/938 [07:55<00:43,  2.62it/s]extract:  88%|████████▊ | 825/938 [07:56<01:02,  1.80it/s]extract:  88%|████████▊ | 826/938 [07:56<00:57,  1.94it/s]extract:  88%|████████▊ | 827/938 [07:57<01:02,  1.77it/s]extract:  88%|████████▊ | 828/938 [07:58<01:02,  1.76it/s]extract:  88%|████████▊ | 829/938 [07:58<00:58,  1.87it/s]extract:  88%|████████▊ | 830/938 [07:58<00:49,  2.17it/s]extract:  89%|████████▊ | 831/938 [07:59<00:47,  2.24it/s]extract:  89%|████████▊ | 832/938 [07:59<00:42,  2.51it/s]extract:  89%|████████▉ | 833/938 [08:00<00:42,  2.49it/s]extract:  89%|████████▉ | 834/938 [08:00<00:39,  2.65it/s]extract:  89%|████████▉ | 835/938 [08:00<00:40,  2.55it/s]extract:  89%|████████▉ | 836/938 [08:01<00:40,  2.53it/s]extract:  89%|████████▉ | 837/938 [08:01<00:37,  2.68it/s]extract:  89%|████████▉ | 838/938 [08:01<00:39,  2.56it/s]extract:  89%|████████▉ | 839/938 [08:02<00:41,  2.41it/s]extract:  90%|████████▉ | 840/938 [08:02<00:41,  2.36it/s]extract:  90%|████████▉ | 841/938 [08:03<00:40,  2.40it/s]extract:  90%|████████▉ | 842/938 [08:03<00:41,  2.29it/s]extract:  90%|████████▉ | 843/938 [08:04<00:41,  2.28it/s]extract:  90%|████████▉ | 844/938 [08:04<00:44,  2.14it/s]extract:  90%|█████████ | 845/938 [08:05<00:40,  2.28it/s]extract:  90%|█████████ | 846/938 [08:05<00:38,  2.39it/s]extract:  90%|█████████ | 847/938 [08:05<00:40,  2.24it/s]extract:  90%|█████████ | 848/938 [08:06<00:37,  2.37it/s]extract:  91%|█████████ | 849/938 [08:06<00:35,  2.53it/s]extract:  91%|█████████ | 850/938 [08:07<00:39,  2.22it/s]extract:  91%|█████████ | 851/938 [08:07<00:38,  2.25it/s]extract:  91%|█████████ | 852/938 [08:10<01:29,  1.04s/it]extract:  91%|█████████ | 853/938 [08:10<01:12,  1.18it/s]extract:  91%|█████████ | 854/938 [08:11<01:02,  1.35it/s]extract:  91%|█████████ | 855/938 [08:11<01:06,  1.24it/s]extract:  91%|█████████▏| 856/938 [08:12<01:09,  1.18it/s]extract:  91%|█████████▏| 857/938 [08:13<01:11,  1.14it/s]extract:  91%|█████████▏| 858/938 [08:16<01:43,  1.29s/it]extract:  92%|█████████▏| 859/938 [08:17<01:34,  1.20s/it]extract:  92%|█████████▏| 860/938 [08:17<01:15,  1.04it/s]extract:  92%|█████████▏| 861/938 [08:18<01:03,  1.22it/s]extract:  92%|█████████▏| 862/938 [08:19<01:10,  1.08it/s]extract:  92%|█████████▏| 863/938 [08:20<01:26,  1.16s/it]extract:  92%|█████████▏| 864/938 [08:22<01:27,  1.18s/it]extract:  92%|█████████▏| 865/938 [08:23<01:41,  1.39s/it]extract:  92%|█████████▏| 866/938 [08:25<01:38,  1.37s/it]extract:  92%|█████████▏| 867/938 [08:25<01:14,  1.05s/it]extract:  93%|█████████▎| 868/938 [08:25<00:58,  1.21it/s]extract:  93%|█████████▎| 869/938 [08:26<00:46,  1.49it/s]extract:  93%|█████████▎| 870/938 [08:27<01:01,  1.11it/s]extract:  93%|█████████▎| 871/938 [08:28<01:07,  1.01s/it]extract:  93%|█████████▎| 872/938 [08:31<01:27,  1.32s/it]extract:  93%|█████████▎| 873/938 [08:32<01:34,  1.45s/it]extract:  93%|█████████▎| 874/938 [08:34<01:41,  1.58s/it]extract:  93%|█████████▎| 875/938 [08:34<01:16,  1.22s/it]extract:  93%|█████████▎| 876/938 [08:35<01:00,  1.02it/s]extract:  93%|█████████▎| 877/938 [08:35<00:48,  1.27it/s]extract:  94%|█████████▎| 878/938 [08:36<00:48,  1.25it/s]extract:  94%|█████████▎| 879/938 [08:37<00:48,  1.23it/s]extract:  94%|█████████▍| 880/938 [08:38<00:52,  1.11it/s]extract:  94%|█████████▍| 881/938 [08:40<01:00,  1.07s/it]extract:  94%|█████████▍| 882/938 [08:41<01:14,  1.34s/it]extract:  94%|█████████▍| 883/938 [08:42<00:57,  1.04s/it]extract:  94%|█████████▍| 884/938 [08:42<00:44,  1.21it/s]extract:  94%|█████████▍| 885/938 [08:42<00:35,  1.50it/s]extract:  94%|█████████▍| 886/938 [08:43<00:35,  1.45it/s]extract:  95%|█████████▍| 887/938 [08:44<00:42,  1.20it/s]extract:  95%|█████████▍| 888/938 [08:45<00:45,  1.10it/s]extract:  95%|█████████▍| 889/938 [08:48<01:04,  1.32s/it]extract:  95%|█████████▍| 890/938 [08:49<00:56,  1.17s/it]extract:  95%|█████████▍| 891/938 [08:49<00:46,  1.01it/s]extract:  95%|█████████▌| 892/938 [08:51<00:51,  1.11s/it]extract:  95%|█████████▌| 893/938 [08:52<00:56,  1.25s/it]extract:  95%|█████████▌| 894/938 [08:53<00:50,  1.16s/it]extract:  95%|█████████▌| 895/938 [08:55<01:02,  1.44s/it]extract:  96%|█████████▌| 896/938 [08:57<01:02,  1.48s/it]extract:  96%|█████████▌| 897/938 [08:57<00:46,  1.13s/it]extract:  96%|█████████▌| 898/938 [08:57<00:35,  1.13it/s]extract:  96%|█████████▌| 899/938 [08:58<00:29,  1.34it/s]extract:  96%|█████████▌| 900/938 [08:59<00:33,  1.13it/s]extract:  96%|█████████▌| 901/938 [08:59<00:28,  1.32it/s]extract:  96%|█████████▌| 902/938 [09:00<00:28,  1.25it/s]extract:  96%|█████████▋| 903/938 [09:02<00:34,  1.00it/s]extract:  96%|█████████▋| 904/938 [09:04<00:47,  1.40s/it]extract:  96%|█████████▋| 905/938 [09:05<00:38,  1.16s/it]extract:  97%|█████████▋| 906/938 [09:05<00:31,  1.03it/s]extract:  97%|█████████▋| 907/938 [09:06<00:30,  1.02it/s]extract:  97%|█████████▋| 908/938 [09:07<00:30,  1.02s/it]extract:  97%|█████████▋| 909/938 [09:08<00:30,  1.05s/it]extract:  97%|█████████▋| 910/938 [09:10<00:36,  1.30s/it]extract:  97%|█████████▋| 911/938 [09:13<00:44,  1.64s/it]extract:  97%|█████████▋| 912/938 [09:13<00:34,  1.33s/it]extract:  97%|█████████▋| 913/938 [09:14<00:26,  1.05s/it]extract:  97%|█████████▋| 914/938 [09:15<00:27,  1.15s/it]extract:  98%|█████████▊| 915/938 [09:16<00:26,  1.17s/it]extract:  98%|█████████▊| 916/938 [09:17<00:24,  1.11s/it]extract:  98%|█████████▊| 917/938 [09:20<00:29,  1.42s/it]extract:  98%|█████████▊| 918/938 [09:20<00:22,  1.10s/it]extract:  98%|█████████▊| 919/938 [09:20<00:16,  1.17it/s]extract:  98%|█████████▊| 920/938 [09:20<00:12,  1.45it/s]extract:  98%|█████████▊| 921/938 [09:21<00:10,  1.67it/s]extract:  98%|█████████▊| 922/938 [09:22<00:13,  1.18it/s]extract:  98%|█████████▊| 923/938 [09:23<00:14,  1.07it/s]extract:  99%|█████████▊| 924/938 [09:25<00:16,  1.17s/it]extract:  99%|█████████▊| 925/938 [09:27<00:18,  1.46s/it]extract:  99%|█████████▊| 926/938 [09:28<00:13,  1.12s/it]extract:  99%|█████████▉| 927/938 [09:28<00:10,  1.08it/s]extract:  99%|█████████▉| 928/938 [09:28<00:07,  1.35it/s]extract:  99%|█████████▉| 929/938 [09:29<00:07,  1.21it/s]extract:  99%|█████████▉| 930/938 [09:32<00:09,  1.24s/it]extract:  99%|█████████▉| 931/938 [09:33<00:08,  1.28s/it]extract:  99%|█████████▉| 932/938 [09:35<00:09,  1.63s/it]extract:  99%|█████████▉| 933/938 [09:36<00:06,  1.27s/it]extract: 100%|█████████▉| 934/938 [09:36<00:03,  1.01it/s]extract: 100%|█████████▉| 935/938 [09:38<00:03,  1.12s/it]extract: 100%|█████████▉| 936/938 [09:39<00:02,  1.06s/it]extract: 100%|█████████▉| 937/938 [09:40<00:01,  1.06s/it]extract: 100%|██████████| 938/938 [09:41<00:00,  1.03s/it]extract: 100%|██████████| 938/938 [09:41<00:00,  1.61it/s]
extract:   0%|          | 0/157 [00:00<?, ?it/s]extract:   1%|          | 1/157 [00:02<06:57,  2.68s/it]extract:   1%|▏         | 2/157 [00:03<03:32,  1.37s/it]extract:   2%|▏         | 3/157 [00:03<02:19,  1.11it/s]extract:   3%|▎         | 4/157 [00:04<02:28,  1.03it/s]extract:   3%|▎         | 5/157 [00:06<02:57,  1.16s/it]extract:   4%|▍         | 6/157 [00:07<02:47,  1.11s/it]extract:   4%|▍         | 7/157 [00:09<03:38,  1.46s/it]extract:   5%|▌         | 8/157 [00:09<02:47,  1.12s/it]extract:   6%|▌         | 9/157 [00:09<02:08,  1.15it/s]extract:   6%|▋         | 10/157 [00:10<01:42,  1.43it/s]extract:   7%|▋         | 11/157 [00:10<01:24,  1.72it/s]extract:   8%|▊         | 12/157 [00:12<02:14,  1.08it/s]extract:   8%|▊         | 13/157 [00:13<02:24,  1.00s/it]extract:   9%|▉         | 14/157 [00:14<02:14,  1.06it/s]extract:  10%|▉         | 15/157 [00:16<03:15,  1.37s/it]extract:  10%|█         | 16/157 [00:17<02:35,  1.10s/it]extract:  11%|█         | 17/157 [00:17<02:02,  1.14it/s]extract:  11%|█▏        | 18/157 [00:17<01:42,  1.36it/s]extract:  12%|█▏        | 19/157 [00:19<02:03,  1.11it/s]extract:  13%|█▎        | 20/157 [00:20<02:20,  1.02s/it]extract:  13%|█▎        | 21/157 [00:21<02:19,  1.03s/it]extract:  14%|█▍        | 22/157 [00:22<02:35,  1.15s/it]extract:  15%|█▍        | 23/157 [00:25<03:31,  1.58s/it]extract:  15%|█▌        | 24/157 [00:25<02:43,  1.23s/it]extract:  16%|█▌        | 25/157 [00:26<02:15,  1.02s/it]extract:  17%|█▋        | 26/157 [00:27<02:10,  1.01it/s]extract:  17%|█▋        | 27/157 [00:28<02:26,  1.13s/it]extract:  18%|█▊        | 28/157 [00:29<02:07,  1.01it/s]extract:  18%|█▊        | 29/157 [00:31<02:50,  1.33s/it]extract:  19%|█▉        | 30/157 [00:33<02:53,  1.36s/it]extract:  20%|█▉        | 31/157 [00:33<02:20,  1.11s/it]extract:  20%|██        | 32/157 [00:34<01:52,  1.11it/s]extract:  21%|██        | 33/157 [00:34<01:31,  1.36it/s]extract:  22%|██▏       | 34/157 [00:35<02:02,  1.00it/s]extract:  22%|██▏       | 35/157 [00:36<01:59,  1.02it/s]extract:  23%|██▎       | 36/157 [00:39<02:46,  1.37s/it]extract:  24%|██▎       | 37/157 [00:40<02:28,  1.23s/it]extract:  24%|██▍       | 38/157 [00:40<02:12,  1.12s/it]extract:  25%|██▍       | 39/157 [00:42<02:08,  1.09s/it]extract:  25%|██▌       | 40/157 [00:43<02:07,  1.09s/it]extract:  26%|██▌       | 41/157 [00:44<02:00,  1.04s/it]extract:  27%|██▋       | 42/157 [00:45<02:06,  1.10s/it]extract:  27%|██▋       | 43/157 [00:47<02:47,  1.47s/it]extract:  28%|██▊       | 44/157 [00:48<02:10,  1.15s/it]extract:  29%|██▊       | 45/157 [00:48<01:43,  1.09it/s]extract:  29%|██▉       | 46/157 [00:48<01:21,  1.36it/s]extract:  30%|██▉       | 47/157 [00:49<01:22,  1.33it/s]extract:  31%|███       | 48/157 [00:50<01:28,  1.24it/s]extract:  31%|███       | 49/157 [00:51<01:36,  1.11it/s]extract:  32%|███▏      | 50/157 [00:53<02:14,  1.25s/it]extract:  32%|███▏      | 51/157 [00:55<02:24,  1.36s/it]extract:  33%|███▎      | 52/157 [00:55<01:49,  1.05s/it]extract:  34%|███▍      | 53/157 [00:55<01:24,  1.23it/s]extract:  34%|███▍      | 54/157 [00:56<01:11,  1.43it/s]extract:  35%|███▌      | 55/157 [00:57<01:21,  1.25it/s]extract:  36%|███▌      | 56/157 [00:58<01:27,  1.15it/s]extract:  36%|███▋      | 57/157 [00:59<01:32,  1.08it/s]extract:  37%|███▋      | 58/157 [01:01<01:56,  1.17s/it]extract:  38%|███▊      | 59/157 [01:03<02:28,  1.52s/it]extract:  38%|███▊      | 60/157 [01:03<01:54,  1.18s/it]extract:  39%|███▉      | 61/157 [01:04<01:32,  1.03it/s]extract:  39%|███▉      | 62/157 [01:04<01:13,  1.28it/s]extract:  40%|████      | 63/157 [01:05<01:19,  1.18it/s]extract:  41%|████      | 64/157 [01:06<01:29,  1.03it/s]extract:  41%|████▏     | 65/157 [01:08<01:34,  1.03s/it]extract:  42%|████▏     | 66/157 [01:09<01:46,  1.17s/it]extract:  43%|████▎     | 67/157 [01:11<01:58,  1.32s/it]extract:  43%|████▎     | 68/157 [01:11<01:42,  1.15s/it]extract:  44%|████▍     | 69/157 [01:13<02:02,  1.39s/it]extract:  45%|████▍     | 70/157 [01:15<01:59,  1.37s/it]extract:  45%|████▌     | 71/157 [01:16<01:52,  1.31s/it]extract:  46%|████▌     | 72/157 [01:18<02:03,  1.45s/it]extract:  46%|████▋     | 73/157 [01:18<01:40,  1.20s/it]extract:  47%|████▋     | 74/157 [01:19<01:21,  1.02it/s]extract:  48%|████▊     | 75/157 [01:20<01:21,  1.01it/s]extract:  48%|████▊     | 76/157 [01:21<01:19,  1.02it/s]extract:  49%|████▉     | 77/157 [01:22<01:31,  1.14s/it]extract:  50%|████▉     | 78/157 [01:24<01:53,  1.43s/it]extract:  50%|█████     | 79/157 [01:26<01:45,  1.35s/it]extract:  51%|█████     | 80/157 [01:26<01:21,  1.05s/it]extract:  52%|█████▏    | 81/157 [01:26<01:07,  1.13it/s]extract:  52%|█████▏    | 82/157 [01:28<01:21,  1.09s/it]extract:  53%|█████▎    | 83/157 [01:29<01:15,  1.02s/it]extract:  54%|█████▎    | 84/157 [01:30<01:12,  1.01it/s]extract:  54%|█████▍    | 85/157 [01:32<01:38,  1.36s/it]extract:  55%|█████▍    | 86/157 [01:34<01:48,  1.53s/it]extract:  55%|█████▌    | 87/157 [01:34<01:21,  1.16s/it]extract:  56%|█████▌    | 88/157 [01:34<01:02,  1.10it/s]extract:  57%|█████▋    | 89/157 [01:35<00:49,  1.37it/s]extract:  57%|█████▋    | 90/157 [01:36<00:55,  1.20it/s]extract:  58%|█████▊    | 91/157 [01:37<00:59,  1.11it/s]extract:  59%|█████▊    | 92/157 [01:39<01:14,  1.15s/it]extract:  59%|█████▉    | 93/157 [01:41<01:40,  1.57s/it]extract:  60%|█████▉    | 94/157 [01:42<01:21,  1.29s/it]extract:  61%|██████    | 95/157 [01:42<01:01,  1.01it/s]extract:  61%|██████    | 96/157 [01:42<00:48,  1.26it/s]extract:  62%|██████▏   | 97/157 [01:43<00:38,  1.54it/s]extract:  62%|██████▏   | 98/157 [01:45<00:58,  1.02it/s]extract:  63%|██████▎   | 99/157 [01:46<01:01,  1.05s/it]extract:  64%|██████▎   | 100/157 [01:48<01:22,  1.45s/it]extract:  64%|██████▍   | 101/157 [01:49<01:16,  1.37s/it]extract:  65%|██████▍   | 102/157 [01:50<01:00,  1.10s/it]extract:  66%|██████▌   | 103/157 [01:50<00:49,  1.09it/s]extract:  66%|██████▌   | 104/157 [01:51<00:48,  1.09it/s]extract:  67%|██████▋   | 105/157 [01:52<00:49,  1.05it/s]extract:  68%|██████▊   | 106/157 [01:55<01:08,  1.35s/it]extract:  68%|██████▊   | 107/157 [01:57<01:21,  1.63s/it]extract:  69%|██████▉   | 108/157 [01:58<01:07,  1.39s/it]extract:  69%|██████▉   | 109/157 [01:58<00:51,  1.07s/it]extract:  70%|███████   | 110/157 [01:59<00:56,  1.20s/it]extract:  71%|███████   | 111/157 [02:01<00:55,  1.20s/it]extract:  71%|███████▏  | 112/157 [02:03<01:11,  1.59s/it]extract:  72%|███████▏  | 113/157 [02:04<00:59,  1.35s/it]extract:  73%|███████▎  | 114/157 [02:05<00:47,  1.11s/it]extract:  73%|███████▎  | 115/157 [02:06<00:47,  1.13s/it]extract:  74%|███████▍  | 116/157 [02:08<00:57,  1.40s/it]extract:  75%|███████▍  | 117/157 [02:10<01:03,  1.60s/it]extract:  75%|███████▌  | 118/157 [02:12<01:04,  1.65s/it]extract:  76%|███████▌  | 119/157 [02:12<00:50,  1.33s/it]extract:  76%|███████▋  | 120/157 [02:13<00:40,  1.09s/it]extract:  77%|███████▋  | 121/157 [02:13<00:36,  1.01s/it]extract:  78%|███████▊  | 122/157 [02:15<00:36,  1.04s/it]extract:  78%|███████▊  | 123/157 [02:16<00:38,  1.13s/it]extract:  79%|███████▉  | 124/157 [02:17<00:31,  1.03it/s]extract:  80%|███████▉  | 125/157 [02:19<00:44,  1.38s/it]extract:  80%|████████  | 126/157 [02:19<00:34,  1.11s/it]extract:  81%|████████  | 127/157 [02:20<00:26,  1.12it/s]extract:  82%|████████▏ | 128/157 [02:20<00:22,  1.30it/s]extract:  82%|████████▏ | 129/157 [02:21<00:21,  1.30it/s]extract:  83%|████████▎ | 130/157 [02:22<00:25,  1.06it/s]extract:  83%|████████▎ | 131/157 [02:23<00:25,  1.03it/s]extract:  84%|████████▍ | 132/157 [02:25<00:32,  1.28s/it]extract:  85%|████████▍ | 133/157 [02:26<00:25,  1.05s/it]extract:  85%|████████▌ | 134/157 [02:26<00:19,  1.18it/s]extract:  86%|████████▌ | 135/157 [02:27<00:15,  1.42it/s]extract:  87%|████████▋ | 136/157 [02:28<00:20,  1.01it/s]extract:  87%|████████▋ | 137/157 [02:30<00:23,  1.19s/it]extract:  88%|████████▊ | 138/157 [02:30<00:18,  1.00it/s]extract:  89%|████████▊ | 139/157 [02:31<00:14,  1.25it/s]extract:  89%|████████▉ | 140/157 [02:31<00:11,  1.54it/s]extract:  90%|████████▉ | 141/157 [02:32<00:09,  1.61it/s]extract:  90%|█████████ | 142/157 [02:32<00:07,  1.88it/s]extract:  91%|█████████ | 143/157 [02:32<00:06,  2.06it/s]extract:  92%|█████████▏| 144/157 [02:33<00:05,  2.33it/s]extract:  92%|█████████▏| 145/157 [02:33<00:04,  2.54it/s]extract:  93%|█████████▎| 146/157 [02:33<00:04,  2.59it/s]extract:  94%|█████████▎| 147/157 [02:34<00:04,  2.24it/s]extract:  94%|█████████▍| 148/157 [02:34<00:03,  2.39it/s]extract:  95%|█████████▍| 149/157 [02:35<00:03,  2.52it/s]extract:  96%|█████████▌| 150/157 [02:35<00:02,  2.70it/s]extract:  96%|█████████▌| 151/157 [02:35<00:02,  2.69it/s]extract:  97%|█████████▋| 152/157 [02:36<00:01,  2.69it/s]extract:  97%|█████████▋| 153/157 [02:36<00:01,  2.60it/s]extract:  98%|█████████▊| 154/157 [02:37<00:01,  2.51it/s]extract:  99%|█████████▊| 155/157 [02:37<00:00,  2.22it/s]extract:  99%|█████████▉| 156/157 [02:37<00:00,  2.35it/s]extract: 100%|██████████| 157/157 [02:38<00:00,  3.03it/s]extract: 100%|██████████| 157/157 [02:38<00:00,  1.01s/it]
    -> {'top1_accuracy': 0.3822, 'ci95_low': 0.3734475, 'ci95_high': 0.39125750000000004, 'n_test': 10000, 'n_train_per_class': 1, 'n_classes': 10, 'correct_per_example': [1, 1, 1, 1, 1, 1, 0, 0, 0, 0, 1, 0, 1, 0, 0, 1, 0, 0, 0, 0, 0, 0, 1, 0, 1, 0, 0, 1, 1, 0, 0, 0, 0, 0, 0, 0, 1, 0, 1, 1, 1, 1, 0, 0, 0, 0, 0, 1, 0, 0, 1, 0, 0, 0, 0, 0, 0, 1, 0, 0, 1, 1, 0, 0, 1, 1, 1, 0, 0, 0, 0, 0, 0, 0, 1, 1, 1, 0, 0, 0, 0, 0, 1, 0, 0, 0, 0, 0, 1, 1, 0, 1, 0, 1, 1, 0, 0, 1, 0, 0, 1, 1, 0, 0, 0, 0, 0, 0, 0, 1, 1, 0, 1, 0, 0, 0, 0, 1, 1, 0, 0, 0, 0, 1, 0, 1, 0, 1, 0, 0, 1, 1, 0, 1, 0, 0, 0, 1, 1, 0, 1, 0, 0, 0, 0, 0, 1, 0, 0, 0, 0, 0, 1, 1, 0, 0, 1, 1, 0, 0, 1, 1, 0, 0, 0, 1, 1, 0, 1, 0, 0, 0, 0, 1, 0, 0, 1, 0, 1, 1, 0, 0, 0, 0, 1, 1, 1, 0, 1, 1, 1, 1, 0, 1, 1, 0, 1, 0, 1, 1, 1, 0, 0, 1, 1, 0, 0, 0, 1, 0, 1, 1, 0, 1, 1, 1, 0, 0, 1, 1, 0, 0, 1, 1, 1, 1, 0, 0, 1, 0, 1, 0, 0, 0, 1, 0, 0, 1, 1, 0, 0, 0, 0, 1, 0, 0, 0, 1, 1, 0, 1, 1, 0, 0, 0, 0, 0, 0, 0, 1, 0, 1, 0, 0, 0, 0, 0, 0, 1, 0, 1, 0, 0, 0, 1, 0, 0, 0, 1, 1, 0, 1, 0, 0, 0, 0, 0, 1, 0, 1, 0, 0, 0, 0, 0, 0, 1, 0, 1, 0, 0, 0, 0, 0, 1, 1, 0, 0, 0, 1, 1, 1, 0, 0, 1, 1, 0, 1, 0, 1, 0, 0, 1, 0, 0, 0, 1, 0, 1, 1, 0, 0, 1, 0, 1, 1, 1, 0, 1, 0, 1, 0, 1, 1, 0, 1, 1, 1, 1, 0, 1, 1, 0, 0, 1, 0, 0, 0, 0, 1, 1, 0, 0, 1, 1, 1, 0, 0, 0, 0, 0, 1, 1, 1, 0, 1, 1, 0, 1, 0, 0, 0, 1, 0, 0, 0, 1, 0, 1, 0, 0, 1, 0, 1, 1, 0, 0, 0, 1, 1, 0, 1, 0, 0, 0, 1, 1, 0, 0, 1, 1, 0, 1, 0, 0, 0, 1, 1, 0, 1, 0, 0, 0, 0, 0, 0, 1, 0, 1, 0, 1, 1, 0, 1, 1, 0, 1, 0, 1, 0, 0, 0, 0, 0, 0, 0, 0, 1, 0, 0, 1, 0, 1, 1, 0, 1, 0, 0, 0, 0, 0, 0, 0, 0, 0, 0, 0, 0, 1, 0, 1, 1, 1, 1, 1, 1, 0, 0, 0, 1, 0, 1, 0, 0, 0, 0, 0, 1, 1, 0, 0, 1, 0, 1, 0, 0, 1, 0, 1, 0, 0, 0, 0, 0, 1, 0, 1, 0, 1, 0, 0, 1, 1, 1, 0, 0, 0, 1, 1, 0, 1, 0, 1, 0, 0, 1, 0, 0, 0, 0, 1, 0, 0, 0, 0, 0, 0, 1, 1, 1, 0, 1, 0, 1, 0, 1, 0, 0, 0, 0, 0, 1, 0, 1, 1, 1, 0, 1, 0, 1, 1, 0, 0, 1, 1, 0, 0, 0, 0, 1, 0, 1, 0, 0, 0, 0, 1, 0, 0, 0, 1, 1, 1, 1, 0, 1, 1, 0, 0, 0, 1, 1, 0, 0, 1, 0, 0, 1, 0, 1, 0, 1, 1, 0, 1, 0, 1, 1, 1, 0, 0, 1, 0, 0, 1, 1, 0, 1, 0, 0, 1, 1, 0, 0, 0, 1, 0, 0, 0, 0, 0, 0, 0, 1, 0, 0, 1, 1, 0, 1, 0, 0, 0, 0, 0, 1, 0, 0, 1, 1, 1, 0, 0, 1, 0, 0, 0, 0, 0, 1, 1, 1, 1, 0, 0, 1, 0, 1, 1, 0, 0, 0, 0, 1, 0, 0, 1, 0, 0, 1, 1, 0, 0, 0, 0, 0, 0, 0, 1, 1, 1, 0, 0, 0, 0, 1, 1, 0, 1, 0, 0, 1, 1, 0, 0, 0, 0, 1, 0, 1, 1, 0, 0, 0, 0, 1, 0, 0, 1, 0, 0, 0, 0, 0, 0, 0, 0, 1, 1, 0, 0, 0, 0, 1, 0, 0, 1, 0, 0, 1, 1, 0, 0, 0, 0, 0, 1, 0, 0, 1, 0, 0, 0, 0, 1, 0, 1, 1, 0, 1, 1, 0, 0, 0, 0, 0, 0, 0, 0, 1, 1, 0, 0, 1, 1, 0, 1, 1, 0, 1, 1, 0, 1, 0, 1, 0, 0, 1, 0, 1, 1, 1, 1, 1, 0, 1, 1, 0, 1, 0, 0, 1, 0, 0, 0, 1, 1, 0, 0, 1, 1, 0, 0, 0, 0, 1, 0, 0, 1, 0, 1, 1, 0, 1, 1, 1, 0, 0, 0, 1, 1, 0, 0, 1, 0, 1, 0, 1, 1, 1, 0, 1, 1, 1, 0, 0, 0, 0, 0, 0, 0, 0, 0, 1, 1, 0, 0, 1, 0, 0, 0, 0, 1, 1, 1, 0, 0, 1, 0, 1, 0, 0, 0, 1, 1, 1, 1, 1, 0, 0, 1, 0, 0, 1, 1, 0, 1, 1, 0, 0, 0, 0, 0, 0, 0, 0, 1, 1, 0, 1, 0, 0, 0, 1, 0, 1, 0, 1, 1, 0, 0, 0, 0, 0, 1, 1, 0, 1, 0, 0, 0, 1, 0, 1, 0, 1, 0, 1, 0, 0, 1, 0, 1, 1, 0, 0, 0, 1, 0, 1, 1, 1, 0, 0, 0, 0, 0, 0, 0, 1, 1, 1, 0, 0, 0, 1, 1, 1, 0, 1, 0, 0, 1, 0, 0, 0, 0, 0, 0, 0, 0, 0, 1, 0, 0, 0, 0, 1, 0, 1, 0, 0, 0, 0, 0, 0, 0, 1, 0, 0, 1, 1, 0, 0, 1, 1, 1, 0, 0, 0, 0, 0, 0, 0, 0, 0, 0, 1, 1, 0, 1, 0, 1, 1, 0, 0, 0, 0, 1, 0, 1, 0, 0, 0, 0, 0, 1, 0, 1, 0, 0, 1, 1, 0, 0, 1, 0, 0, 0, 0, 1, 1, 0, 1, 0, 1, 0, 1, 0, 0, 0, 0, 0, 1, 1, 1, 0, 0, 1, 0, 0, 0, 1, 1, 0, 1, 0, 0, 1, 0, 0, 0, 0, 1, 0, 1, 0, 1, 0, 1, 1, 0, 0, 1, 1, 0, 1, 1, 1, 1, 0, 0, 0, 0, 0, 1, 0, 0, 0, 0, 1, 0, 0, 0, 0, 1, 0, 1, 0, 1, 0, 1, 0, 0, 0, 1, 1, 1, 1, 1, 1, 0, 0, 1, 0, 0, 0, 1, 1, 0, 0, 1, 0, 1, 0, 0, 1, 0, 0, 0, 0, 0, 1, 1, 0, 1, 1, 0, 0, 0, 1, 0, 0, 0, 1, 0, 0, 1, 1, 1, 0, 0, 1, 0, 0, 0, 0, 0, 0, 0, 0, 0, 1, 1, 0, 0, 0, 0, 1, 0, 0, 1, 0, 0, 1, 0, 0, 1, 0, 0, 0, 0, 1, 1, 1, 0, 0, 1, 1, 0, 0, 1, 1, 0, 0, 0, 0, 0, 1, 0, 0, 0, 0, 0, 0, 0, 0, 1, 1, 1, 0, 1, 1, 1, 0, 1, 1, 0, 0, 1, 0, 0, 1, 1, 0, 1, 0, 0, 0, 1, 0, 0, 1, 0, 0, 0, 1, 0, 0, 0, 1, 0, 0, 0, 0, 0, 0, 0, 0, 1, 0, 0, 0, 0, 0, 0, 0, 1, 1, 0, 1, 1, 1, 1, 1, 1, 0, 0, 0, 0, 0, 1, 1, 0, 0, 0, 0, 1, 0, 0, 0, 0, 0, 1, 1, 0, 0, 0, 1, 1, 0, 1, 1, 1, 0, 1, 1, 1, 1, 1, 0, 0, 1, 0, 0, 0, 0, 0, 1, 1, 1, 0, 0, 0, 0, 0, 1, 0, 0, 1, 0, 0, 1, 0, 0, 0, 1, 0, 0, 0, 0, 0, 1, 1, 0, 1, 0, 1, 0, 1, 0, 1, 0, 0, 0, 1, 0, 1, 0, 1, 1, 1, 0, 0, 1, 1, 1, 0, 1, 0, 1, 0, 0, 0, 0, 0, 0, 0, 0, 0, 0, 1, 0, 1, 0, 1, 1, 1, 0, 0, 0, 0, 1, 1, 0, 0, 0, 1, 0, 0, 1, 1, 1, 0, 0, 1, 0, 1, 0, 1, 1, 0, 0, 1, 1, 0, 1, 0, 1, 0, 0, 1, 0, 0, 1, 0, 1, 0, 0, 1, 0, 0, 0, 1, 1, 1, 0, 1, 0, 1, 0, 0, 1, 1, 0, 0, 1, 0, 0, 0, 1, 0, 0, 0, 1, 0, 0, 0, 0, 1, 0, 1, 0, 1, 1, 1, 1, 0, 0, 0, 0, 0, 0, 1, 1, 0, 1, 1, 0, 0, 0, 0, 0, 1, 1, 1, 0, 0, 0, 1, 1, 1, 1, 0, 0, 0, 0, 0, 0, 1, 0, 0, 1, 0, 0, 0, 1, 1, 0, 0, 1, 0, 0, 0, 1, 1, 0, 1, 1, 0, 0, 0, 0, 0, 0, 0, 1, 0, 1, 1, 0, 0, 0, 0, 0, 1, 1, 0, 0, 0, 1, 0, 0, 1, 0, 1, 1, 1, 0, 0, 1, 0, 0, 0, 0, 0, 0, 0, 0, 1, 1, 0, 1, 0, 0, 1, 0, 1, 0, 1, 0, 0, 0, 1, 1, 1, 0, 0, 0, 0, 1, 1, 0, 0, 0, 0, 0, 1, 0, 0, 1, 1, 0, 0, 1, 0, 1, 0, 0, 0, 0, 0, 0, 1, 1, 1, 1, 1, 1, 0, 0, 1, 1, 1, 0, 0, 0, 0, 0, 0, 0, 0, 1, 1, 0, 0, 1, 0, 0, 0, 0, 0, 1, 0, 0, 1, 1, 1, 0, 0, 0, 0, 0, 0, 1, 0, 0, 0, 0, 0, 0, 0, 0, 1, 0, 0, 0, 0, 1, 0, 1, 0, 1, 0, 1, 0, 0, 1, 0, 0, 0, 1, 1, 0, 0, 0, 1, 0, 0, 1, 1, 1, 0, 0, 1, 0, 1, 0, 1, 1, 1, 1, 0, 0, 0, 0, 1, 1, 0, 0, 1, 0, 0, 0, 1, 0, 0, 0, 1, 0, 1, 1, 1, 0, 0, 1, 1, 0, 0, 0, 0, 0, 1, 0, 0, 0, 1, 1, 0, 0, 0, 0, 0, 0, 1, 0, 1, 0, 0, 0, 1, 0, 0, 0, 0, 0, 0, 0, 1, 0, 1, 0, 0, 1, 0, 0, 0, 0, 0, 0, 1, 0, 0, 1, 0, 0, 0, 1, 0, 0, 0, 0, 1, 0, 1, 0, 0, 0, 0, 1, 0, 0, 0, 0, 0, 1, 1, 0, 0, 0, 1, 0, 0, 0, 0, 0, 0, 0, 1, 0, 1, 0, 0, 1, 1, 0, 0, 0, 0, 0, 0, 1, 0, 1, 1, 1, 1, 0, 1, 1, 1, 1, 1, 0, 0, 0, 1, 0, 1, 0, 0, 1, 0, 0, 0, 0, 1, 0, 0, 0, 0, 0, 1, 0, 0, 0, 0, 1, 1, 1, 0, 0, 0, 0, 0, 0, 1, 0, 0, 0, 1, 0, 0, 1, 1, 0, 1, 0, 0, 1, 1, 0, 0, 1, 1, 1, 0, 1, 0, 0, 1, 1, 1, 0, 0, 1, 0, 1, 0, 0, 0, 0, 0, 0, 1, 0, 1, 1, 1, 1, 0, 1, 0, 1, 0, 0, 1, 0, 1, 1, 0, 1, 0, 1, 1, 1, 0, 1, 0, 0, 0, 1, 0, 1, 1, 0, 1, 0, 1, 1, 0, 0, 0, 1, 0, 0, 0, 0, 0, 0, 0, 0, 1, 0, 0, 0, 0, 0, 1, 0, 1, 1, 0, 0, 0, 1, 0, 0, 0, 1, 1, 0, 1, 1, 0, 0, 1, 1, 0, 1, 1, 0, 0, 0, 0, 0, 0, 0, 0, 0, 0, 1, 1, 0, 1, 0, 0, 0, 1, 0, 0, 1, 1, 1, 0, 1, 0, 1, 0, 0, 0, 0, 1, 0, 0, 0, 0, 1, 0, 0, 0, 0, 0, 0, 0, 1, 0, 0, 0, 0, 0, 0, 0, 1, 1, 1, 0, 0, 1, 1, 0, 1, 0, 1, 0, 0, 1, 0, 1, 0, 0, 1, 0, 0, 0, 0, 0, 0, 1, 0, 1, 0, 0, 0, 1, 0, 0, 0, 0, 0, 0, 0, 0, 0, 0, 0, 1, 1, 0, 0, 0, 0, 0, 0, 0, 1, 0, 0, 0, 0, 0, 1, 0, 0, 1, 0, 1, 0, 1, 0, 0, 0, 0, 1, 1, 1, 1, 1, 0, 0, 1, 0, 0, 0, 0, 1, 1, 1, 0, 0, 0, 0, 1, 1, 1, 1, 0, 1, 0, 1, 0, 0, 0, 0, 1, 1, 1, 0, 1, 0, 1, 1, 1, 1, 0, 1, 0, 0, 0, 1, 0, 1, 1, 1, 0, 0, 0, 0, 1, 1, 0, 1, 0, 0, 0, 0, 0, 0, 0, 0, 0, 1, 1, 1, 1, 0, 0, 1, 0, 1, 0, 1, 0, 1, 0, 1, 0, 0, 0, 1, 1, 0, 1, 1, 0, 0, 1, 0, 0, 0, 0, 0, 0, 0, 1, 0, 0, 0, 1, 1, 1, 1, 0, 0, 0, 0, 0, 0, 0, 0, 1, 0, 0, 0, 0, 0, 1, 0, 1, 0, 0, 0, 1, 0, 0, 1, 0, 0, 1, 1, 0, 0, 0, 0, 1, 1, 0, 0, 0, 0, 0, 1, 1, 1, 1, 1, 1, 1, 0, 0, 0, 1, 0, 0, 1, 0, 1, 0, 0, 0, 1, 0, 1, 0, 0, 0, 0, 0, 0, 1, 0, 0, 1, 1, 0, 1, 0, 1, 0, 0, 1, 1, 0, 0, 1, 1, 0, 0, 0, 0, 0, 1, 1, 0, 0, 0, 1, 1, 0, 0, 0, 0, 0, 0, 0, 0, 0, 0, 0, 0, 0, 0, 1, 1, 0, 0, 1, 1, 0, 0, 0, 0, 1, 0, 0, 0, 0, 0, 0, 0, 0, 1, 0, 0, 1, 1, 0, 1, 1, 0, 0, 0, 1, 0, 0, 0, 0, 0, 0, 1, 1, 0, 0, 0, 1, 0, 1, 0, 0, 0, 0, 1, 0, 0, 1, 1, 1, 1, 1, 0, 0, 0, 0, 0, 0, 0, 0, 1, 0, 0, 1, 0, 0, 0, 0, 0, 1, 1, 0, 0, 0, 0, 0, 1, 1, 0, 0, 0, 1, 1, 0, 0, 0, 0, 0, 1, 1, 0, 1, 1, 0, 0, 1, 1, 1, 0, 0, 0, 0, 0, 1, 0, 0, 0, 1, 0, 0, 0, 1, 1, 0, 0, 1, 0, 0, 0, 1, 0, 0, 1, 1, 0, 0, 0, 0, 1, 1, 0, 1, 0, 0, 0, 0, 0, 0, 0, 1, 0, 0, 0, 1, 1, 0, 1, 0, 0, 0, 1, 1, 0, 0, 0, 1, 1, 0, 0, 0, 0, 0, 1, 0, 0, 1, 0, 0, 0, 0, 0, 1, 1, 1, 0, 0, 0, 0, 0, 1, 1, 0, 0, 0, 1, 0, 1, 1, 1, 0, 0, 0, 1, 0, 0, 0, 0, 0, 0, 1, 0, 1, 0, 1, 0, 0, 0, 0, 0, 1, 0, 0, 0, 1, 1, 0, 0, 1, 0, 0, 0, 0, 0, 0, 1, 0, 0, 0, 1, 1, 0, 0, 1, 1, 0, 0, 1, 0, 1, 1, 1, 1, 1, 1, 0, 1, 1, 0, 0, 1, 1, 0, 0, 0, 1, 0, 0, 0, 0, 0, 1, 0, 0, 1, 0, 1, 0, 0, 0, 1, 1, 0, 0, 0, 0, 1, 0, 1, 0, 1, 0, 0, 0, 0, 1, 0, 0, 1, 0, 1, 1, 1, 0, 0, 0, 1, 0, 0, 0, 1, 1, 1, 0, 1, 0, 1, 0, 0, 0, 0, 0, 0, 0, 1, 0, 0, 0, 0, 1, 0, 1, 1, 0, 1, 1, 0, 1, 1, 0, 0, 0, 0, 0, 1, 0, 0, 0, 0, 0, 0, 1, 1, 0, 0, 0, 1, 0, 1, 0, 1, 0, 0, 0, 0, 0, 0, 1, 0, 0, 1, 1, 1, 1, 0, 1, 1, 0, 0, 0, 1, 1, 0, 1, 0, 0, 1, 0, 0, 1, 0, 0, 1, 1, 0, 0, 1, 0, 0, 0, 0, 0, 1, 0, 0, 1, 1, 0, 0, 0, 0, 0, 1, 1, 0, 0, 1, 1, 0, 0, 1, 0, 1, 0, 0, 1, 1, 0, 1, 0, 1, 0, 1, 1, 1, 0, 0, 0, 0, 1, 0, 1, 0, 0, 0, 0, 1, 0, 0, 1, 1, 1, 1, 0, 0, 0, 0, 0, 1, 0, 1, 1, 0, 0, 1, 1, 0, 0, 1, 1, 0, 1, 0, 1, 0, 1, 1, 1, 0, 1, 0, 0, 0, 0, 1, 0, 0, 0, 1, 0, 0, 0, 0, 0, 1, 0, 0, 1, 0, 1, 0, 0, 0, 1, 1, 0, 0, 1, 0, 1, 1, 0, 0, 0, 0, 0, 0, 1, 0, 0, 0, 0, 0, 0, 1, 1, 0, 1, 0, 1, 1, 0, 0, 1, 1, 0, 0, 1, 1, 1, 0, 0, 1, 0, 0, 1, 0, 1, 0, 1, 0, 1, 0, 0, 0, 1, 1, 1, 0, 0, 1, 0, 0, 0, 0, 1, 0, 0, 0, 0, 1, 0, 0, 0, 1, 0, 0, 1, 0, 0, 1, 0, 0, 1, 1, 0, 1, 1, 0, 1, 0, 0, 0, 0, 0, 1, 0, 0, 0, 0, 0, 0, 1, 0, 0, 1, 0, 1, 0, 0, 1, 0, 0, 0, 0, 0, 1, 0, 0, 1, 0, 0, 0, 1, 1, 1, 1, 0, 0, 1, 0, 1, 0, 0, 1, 0, 0, 1, 1, 0, 0, 0, 1, 1, 0, 0, 1, 0, 0, 0, 1, 0, 1, 0, 1, 1, 0, 0, 1, 0, 0, 1, 1, 1, 0, 0, 0, 1, 0, 1, 0, 1, 0, 0, 0, 0, 0, 0, 0, 0, 0, 0, 1, 1, 0, 1, 1, 1, 1, 0, 0, 1, 1, 1, 1, 0, 1, 0, 1, 1, 0, 0, 0, 1, 1, 0, 0, 0, 1, 1, 1, 1, 1, 0, 0, 1, 0, 1, 1, 1, 1, 0, 0, 1, 1, 0, 0, 0, 1, 1, 1, 1, 0, 0, 1, 1, 0, 1, 1, 0, 0, 0, 1, 0, 0, 0, 0, 0, 0, 0, 1, 0, 0, 1, 0, 0, 1, 0, 0, 1, 1, 0, 1, 0, 0, 0, 0, 1, 0, 0, 0, 1, 0, 1, 1, 0, 1, 1, 0, 0, 1, 0, 1, 1, 0, 0, 1, 0, 0, 0, 0, 1, 0, 1, 1, 0, 0, 0, 0, 0, 0, 0, 0, 0, 0, 0, 0, 1, 1, 0, 0, 0, 0, 1, 0, 0, 1, 0, 0, 1, 1, 1, 0, 0, 1, 1, 1, 0, 1, 1, 0, 1, 0, 0, 1, 1, 1, 0, 1, 1, 0, 1, 0, 1, 0, 0, 0, 1, 1, 1, 1, 0, 0, 0, 1, 0, 0, 0, 0, 1, 1, 0, 0, 0, 1, 0, 0, 0, 0, 1, 0, 0, 0, 1, 1, 0, 0, 0, 0, 1, 1, 0, 0, 0, 0, 1, 0, 0, 0, 0, 1, 0, 1, 0, 0, 0, 1, 0, 1, 0, 0, 1, 1, 0, 0, 1, 0, 0, 1, 0, 1, 1, 0, 0, 0, 1, 1, 1, 0, 1, 1, 1, 1, 0, 1, 0, 0, 0, 1, 0, 1, 1, 1, 0, 0, 1, 0, 1, 0, 0, 0, 0, 0, 0, 1, 1, 0, 0, 0, 0, 1, 0, 0, 1, 0, 1, 0, 0, 0, 1, 0, 1, 1, 0, 0, 1, 1, 0, 0, 1, 0, 0, 1, 0, 0, 0, 0, 0, 0, 0, 1, 1, 0, 0, 0, 0, 1, 0, 0, 1, 0, 0, 1, 0, 0, 0, 0, 1, 1, 0, 1, 1, 0, 0, 1, 0, 0, 0, 0, 1, 0, 0, 1, 0, 0, 1, 0, 1, 1, 1, 0, 0, 1, 0, 0, 0, 0, 0, 0, 1, 0, 0, 0, 0, 1, 0, 0, 0, 0, 0, 1, 0, 0, 0, 0, 0, 0, 0, 0, 1, 1, 0, 0, 1, 1, 1, 0, 1, 0, 0, 0, 0, 1, 1, 1, 0, 1, 0, 1, 0, 0, 0, 0, 0, 0, 1, 1, 0, 0, 1, 0, 1, 1, 0, 0, 1, 0, 1, 1, 0, 0, 1, 0, 0, 1, 0, 0, 1, 0, 1, 0, 0, 0, 0, 0, 0, 1, 1, 0, 0, 0, 1, 0, 1, 0, 0, 0, 0, 1, 1, 0, 0, 0, 0, 1, 0, 1, 0, 0, 1, 1, 0, 1, 1, 0, 0, 0, 1, 0, 0, 1, 0, 0, 0, 0, 0, 0, 0, 0, 0, 1, 0, 0, 1, 0, 0, 1, 0, 0, 0, 0, 0, 0, 1, 0, 1, 0, 1, 0, 1, 1, 0, 1, 1, 0, 0, 0, 1, 1, 0, 0, 0, 0, 1, 0, 0, 0, 1, 1, 0, 0, 0, 0, 0, 0, 1, 0, 1, 0, 1, 1, 0, 0, 0, 0, 1, 1, 1, 0, 0, 0, 1, 0, 1, 0, 0, 0, 0, 0, 1, 0, 1, 1, 1, 1, 0, 0, 1, 0, 0, 1, 0, 1, 0, 0, 0, 1, 0, 0, 0, 0, 0, 1, 1, 1, 0, 1, 0, 0, 0, 0, 0, 1, 0, 1, 1, 0, 0, 1, 0, 0, 0, 1, 0, 1, 0, 0, 0, 1, 0, 0, 0, 1, 1, 0, 0, 0, 1, 0, 0, 0, 1, 0, 0, 0, 1, 0, 0, 0, 0, 0, 1, 0, 1, 0, 1, 0, 0, 0, 0, 1, 0, 0, 0, 1, 0, 0, 0, 1, 0, 1, 1, 1, 1, 1, 1, 1, 0, 1, 1, 0, 0, 0, 0, 1, 0, 0, 1, 0, 0, 0, 0, 1, 1, 0, 1, 0, 0, 0, 0, 0, 1, 1, 1, 1, 1, 0, 0, 1, 0, 1, 0, 1, 0, 0, 0, 1, 0, 0, 0, 1, 0, 1, 0, 1, 0, 0, 0, 0, 1, 1, 1, 1, 0, 0, 0, 0, 0, 1, 1, 1, 1, 0, 1, 0, 0, 1, 0, 1, 1, 0, 1, 0, 0, 0, 1, 1, 0, 0, 1, 0, 1, 1, 0, 1, 1, 1, 0, 0, 1, 0, 0, 1, 0, 0, 1, 0, 0, 0, 0, 1, 0, 0, 0, 0, 0, 0, 0, 0, 1, 0, 1, 1, 0, 1, 0, 0, 0, 0, 0, 1, 0, 0, 1, 1, 0, 1, 0, 0, 0, 1, 0, 0, 1, 1, 1, 1, 0, 0, 0, 1, 1, 1, 1, 0, 1, 1, 1, 0, 0, 0, 0, 1, 0, 1, 0, 0, 0, 1, 0, 1, 0, 1, 1, 1, 1, 0, 1, 1, 0, 1, 1, 1, 1, 0, 1, 0, 0, 1, 1, 0, 0, 1, 0, 1, 0, 0, 0, 0, 0, 0, 0, 0, 0, 1, 1, 0, 1, 0, 0, 0, 0, 0, 0, 0, 0, 0, 0, 1, 1, 1, 0, 1, 1, 1, 0, 0, 1, 0, 0, 0, 0, 0, 0, 1, 0, 0, 0, 0, 1, 1, 1, 1, 1, 0, 0, 1, 0, 0, 0, 0, 0, 0, 0, 0, 0, 0, 0, 0, 1, 0, 0, 0, 0, 0, 0, 1, 0, 1, 0, 0, 0, 0, 1, 1, 1, 1, 0, 1, 0, 1, 0, 0, 1, 0, 1, 0, 0, 0, 0, 0, 0, 1, 1, 1, 0, 1, 0, 1, 0, 1, 0, 0, 0, 1, 0, 0, 0, 0, 0, 0, 0, 1, 0, 0, 0, 0, 1, 1, 0, 0, 0, 0, 0, 0, 1, 0, 0, 1, 1, 1, 0, 0, 1, 0, 0, 1, 0, 1, 0, 0, 0, 1, 1, 0, 1, 0, 1, 1, 1, 1, 0, 1, 1, 1, 1, 0, 0, 0, 0, 0, 1, 0, 0, 1, 0, 1, 0, 0, 0, 0, 0, 0, 0, 1, 0, 0, 0, 1, 1, 0, 1, 0, 0, 0, 0, 0, 0, 0, 0, 0, 1, 0, 0, 0, 1, 1, 1, 1, 0, 1, 1, 1, 0, 0, 0, 0, 1, 0, 0, 0, 1, 0, 0, 0, 0, 1, 0, 1, 0, 0, 0, 1, 1, 0, 0, 0, 0, 0, 0, 1, 0, 0, 0, 1, 1, 0, 1, 0, 0, 0, 0, 0, 0, 1, 0, 1, 0, 0, 1, 1, 1, 0, 1, 0, 0, 1, 0, 1, 0, 0, 0, 1, 0, 0, 0, 0, 1, 0, 0, 1, 0, 0, 0, 0, 0, 1, 1, 0, 0, 1, 0, 0, 1, 0, 0, 0, 0, 0, 1, 0, 0, 0, 0, 0, 0, 0, 0, 0, 0, 0, 1, 0, 0, 0, 0, 0, 1, 0, 0, 1, 0, 0, 0, 0, 1, 0, 1, 1, 0, 0, 1, 0, 0, 0, 0, 0, 0, 0, 0, 0, 0, 0, 0, 0, 0, 0, 0, 0, 0, 1, 0, 0, 1, 0, 1, 0, 0, 1, 1, 1, 0, 1, 1, 0, 0, 0, 0, 0, 0, 0, 0, 1, 0, 1, 0, 0, 1, 0, 0, 0, 1, 0, 0, 0, 0, 0, 1, 0, 0, 0, 1, 0, 0, 0, 1, 1, 1, 1, 0, 1, 0, 0, 1, 0, 1, 0, 1, 0, 1, 0, 0, 0, 1, 0, 1, 0, 0, 0, 0, 1, 0, 1, 0, 1, 0, 0, 0, 1, 1, 0, 0, 0, 0, 0, 0, 0, 0, 0, 0, 1, 0, 0, 0, 0, 0, 0, 0, 0, 0, 1, 0, 0, 0, 0, 1, 1, 0, 1, 1, 0, 0, 1, 0, 1, 1, 0, 1, 0, 0, 1, 0, 1, 1, 1, 0, 1, 1, 1, 1, 1, 1, 1, 1, 1, 1, 0, 0, 0, 1, 1, 0, 0, 0, 0, 0, 1, 0, 0, 1, 0, 0, 0, 0, 1, 0, 0, 1, 0, 1, 0, 1, 0, 0, 1, 1, 1, 1, 1, 1, 0, 1, 0, 0, 1, 0, 1, 1, 1, 1, 0, 1, 0, 1, 1, 0, 1, 0, 0, 0, 0, 0, 1, 1, 0, 0, 0, 0, 0, 1, 1, 1, 1, 0, 0, 0, 0, 0, 0, 1, 0, 0, 0, 1, 1, 0, 0, 0, 0, 1, 0, 1, 1, 0, 0, 0, 0, 0, 1, 0, 0, 0, 1, 1, 1, 0, 1, 1, 0, 1, 0, 0, 0, 1, 0, 1, 0, 0, 0, 0, 0, 0, 1, 1, 1, 1, 1, 1, 1, 0, 0, 0, 1, 0, 0, 0, 1, 0, 0, 0, 0, 1, 0, 0, 1, 0, 1, 0, 1, 0, 0, 0, 1, 1, 1, 1, 0, 0, 0, 1, 0, 1, 0, 1, 1, 0, 1, 0, 0, 0, 0, 1, 1, 1, 0, 0, 0, 0, 0, 0, 0, 0, 1, 0, 1, 0, 1, 1, 1, 0, 1, 1, 1, 0, 1, 0, 1, 1, 0, 1, 1, 0, 0, 1, 0, 1, 0, 0, 0, 0, 1, 0, 1, 0, 0, 1, 0, 1, 1, 0, 0, 0, 0, 1, 1, 0, 0, 1, 1, 1, 0, 0, 0, 1, 1, 1, 0, 0, 0, 0, 0, 1, 0, 0, 1, 0, 1, 0, 0, 1, 1, 0, 0, 0, 1, 0, 1, 0, 0, 0, 0, 1, 1, 0, 1, 0, 0, 0, 0, 1, 0, 1, 1, 1, 1, 0, 0, 0, 0, 1, 0, 0, 0, 1, 0, 1, 1, 0, 1, 0, 0, 0, 0, 1, 0, 1, 1, 1, 0, 0, 0, 1, 0, 1, 0, 1, 1, 0, 0, 0, 1, 0, 0, 0, 0, 0, 0, 0, 1, 1, 0, 0, 0, 0, 0, 0, 1, 1, 1, 1, 1, 0, 0, 0, 0, 0, 1, 0, 1, 0, 0, 0, 1, 0, 1, 1, 0, 1, 1, 0, 0, 0, 0, 0, 0, 0, 0, 0, 0, 1, 0, 1, 1, 0, 0, 0, 1, 0, 0, 0, 0, 1, 0, 0, 0, 0, 1, 0, 0, 0, 1, 0, 0, 0, 1, 0, 0, 0, 0, 0, 1, 1, 0, 0, 0, 1, 1, 0, 1, 0, 0, 0, 1, 0, 0, 0, 1, 0, 1, 0, 0, 1, 0, 0, 0, 1, 0, 0, 0, 0, 1, 0, 0, 0, 0, 0, 1, 0, 0, 0, 1, 0, 0, 1, 0, 1, 0, 0, 0, 1, 0, 1, 0, 1, 0, 0, 1, 1, 1, 0, 1, 0, 0, 0, 1, 0, 0, 1, 0, 1, 0, 0, 1, 1, 0, 0, 0, 0, 0, 1, 1, 1, 0, 0, 0, 0, 1, 0, 1, 1, 0, 0, 0, 0, 0, 1, 1, 0, 0, 0, 0, 0, 0, 0, 1, 1, 1, 0, 0, 0, 1, 1, 1, 1, 0, 0, 1, 0, 0, 0, 0, 1, 0, 0, 1, 1, 0, 1, 1, 0, 0, 0, 0, 1, 0, 0, 0, 1, 0, 0, 0, 0, 0, 0, 0, 0, 0, 0, 0, 0, 0, 0, 0, 0, 0, 1, 1, 1, 1, 0, 0, 1, 0, 1, 0, 0, 0, 0, 0, 0, 0, 0, 0, 0, 0, 0, 0, 1, 1, 1, 0, 0, 1, 0, 1, 1, 0, 1, 0, 1, 0, 0, 0, 1, 0, 0, 0, 0, 0, 0, 1, 0, 1, 0, 1, 1, 0, 0, 1, 0, 0, 0, 0, 1, 0, 0, 0, 0, 0, 0, 0, 1, 0, 1, 0, 1, 0, 0, 0, 0, 1, 0, 1, 0, 1, 0, 0, 1, 1, 0, 0, 0, 1, 0, 1, 0, 0, 0, 0, 1, 1, 1, 1, 0, 1, 0, 0, 1, 0, 0, 0, 1, 1, 0, 0, 0, 1, 1, 1, 0, 0, 0, 0, 0, 1, 0, 0, 0, 0, 0, 0, 0, 0, 0, 0, 0, 1, 0, 0, 1, 1, 0, 1, 0, 0, 0, 1, 0, 1, 1, 1, 0, 1, 0, 0, 1, 1, 0, 0, 1, 0, 0, 1, 0, 1, 0, 1, 0, 0, 1, 0, 0, 0, 1, 1, 1, 0, 1, 1, 1, 0, 0, 0, 0, 1, 0, 1, 0, 0, 0, 1, 1, 0, 1, 0, 0, 1, 0, 0, 0, 0, 0, 1, 0, 0, 1, 1, 1, 1, 0, 0, 0, 0, 0, 1, 0, 1, 1, 1, 0, 0, 0, 1, 0, 0, 1, 0, 0, 0, 1, 0, 0, 0, 0, 1, 0, 0, 1, 1, 1, 0, 0, 1, 0, 0, 1, 0, 0, 1, 1, 0, 0, 1, 0, 0, 1, 0, 1, 0, 0, 0, 1, 1, 0, 0, 1, 1, 1, 0, 1, 0, 0, 0, 1, 0, 1, 1, 1, 0, 1, 1, 0, 0, 0, 1, 0, 1, 1, 0, 0, 0, 1, 0, 0, 0, 0, 0, 0, 1, 1, 0, 1, 1, 0, 1, 1, 0, 1, 0, 0, 0, 0, 1, 0, 1, 0, 1, 0, 0, 0, 1, 0, 0, 0, 0, 0, 0, 0, 0, 0, 0, 0, 1, 0, 0, 0, 0, 0, 1, 0, 0, 1, 1, 0, 1, 0, 0, 0, 0, 1, 0, 1, 1, 1, 0, 1, 0, 1, 0, 1, 1, 1, 0, 0, 1, 0, 1, 0, 0, 1, 0, 1, 0, 0, 0, 0, 0, 0, 1, 1, 1, 0, 1, 0, 0, 1, 1, 0, 1, 0, 0, 0, 1, 1, 1, 0, 1, 1, 1, 0, 0, 0, 0, 0, 1, 0, 1, 1, 1, 0, 0, 0, 1, 0, 0, 1, 1, 1, 0, 1, 1, 0, 1, 1, 1, 0, 1, 1, 1, 1, 1, 1, 0, 0, 0, 0, 0, 1, 0, 0, 1, 0, 1, 0, 1, 0, 0, 0, 1, 0, 1, 0, 0, 1, 1, 1, 0, 1, 0, 0, 0, 0, 0, 1, 0, 0, 0, 1, 0, 1, 1, 0, 1, 1, 1, 0, 0, 0, 0, 0, 1, 0, 1, 0, 0, 1, 1, 1, 0, 0, 1, 0, 1, 0, 0, 0, 0, 1, 1, 0, 1, 0, 1, 0, 0, 1, 0, 0, 0, 0, 1, 0, 0, 0, 1, 0, 0, 1, 1, 0, 1, 0, 1, 0, 0, 0, 0, 1, 0, 1, 0, 0, 1, 1, 0, 0, 1, 1, 1, 0, 0, 0, 0, 1, 0, 0, 0, 0, 0, 1, 0, 0, 0, 0, 1, 1, 0, 1, 0, 1, 1, 1, 0, 0, 0, 1, 0, 0, 0, 0, 1, 0, 0, 0, 1, 1, 1, 0, 0, 0, 1, 0, 1, 1, 0, 0, 0, 0, 0, 1, 0, 0, 1, 0, 0, 0, 0, 0, 1, 1, 0, 1, 1, 1, 0, 0, 1, 1, 1, 0, 0, 0, 0, 1, 0, 1, 0, 0, 0, 0, 1, 1, 0, 1, 0, 0, 0, 0, 0, 0, 1, 0, 1, 1, 0, 0, 1, 0, 0, 0, 1, 1, 0, 1, 0, 1, 0, 0, 0, 0, 0, 0, 0, 1, 0, 0, 1, 0, 0, 1, 1, 1, 1, 0, 1, 1, 0, 0, 1, 1, 1, 0, 0, 1, 1, 1, 0, 0, 1, 0, 0, 1, 1, 0, 1, 0, 0, 0, 1, 1, 1, 1, 0, 0, 0, 0, 0, 1, 1, 0, 0, 0, 0, 0, 0, 0, 0, 0, 1, 0, 1, 0, 1, 0, 0, 1, 0, 1, 1, 0, 0, 1, 0, 1, 1, 0, 1, 1, 1, 0, 0, 1, 0, 0, 1, 0, 0, 0, 1, 1, 0, 0, 0, 1, 1, 0, 1, 0, 1, 0, 0, 0, 1, 1, 0, 0, 0, 0, 0, 1, 0, 0, 1, 0, 1, 1, 0, 1, 0, 0, 0, 0, 0, 0, 1, 1, 0, 1, 0, 0, 0, 1, 1, 0, 0, 0, 0, 1, 0, 0, 0, 0, 0, 0, 0, 1, 0, 0, 0, 1, 1, 0, 0, 0, 0, 0, 0, 1, 1, 0, 0, 1, 0, 1, 1, 1, 1, 1, 0, 0, 0, 0, 0, 0, 1, 1, 0, 0, 0, 0, 0, 0, 0, 0, 0, 0, 1, 1, 0, 0, 0, 0, 1, 0, 1, 0, 1, 0, 1, 1, 0, 0, 0, 1, 1, 1, 1, 0, 0, 0, 1, 0, 0, 0, 1, 0, 0, 1, 1, 0, 0, 1, 1, 0, 0, 0, 0, 0, 1, 0, 0, 0, 1, 1, 1, 1, 0, 0, 1, 0, 0, 1, 0, 0, 1, 0, 0, 1, 0, 0, 0, 1, 1, 0, 1, 1, 1, 0, 0, 0, 1, 1, 1, 0, 0, 0, 1, 0, 1, 0, 0, 1, 0, 0, 0, 1, 0, 1, 1, 0, 1, 1, 1, 0, 0, 1, 1, 1, 0, 1, 0, 1, 1, 0, 1, 0, 1, 0, 1, 0, 1, 0, 0, 0, 0, 0, 1, 0, 0, 0, 0, 1, 0, 0, 1, 0, 0, 1, 1, 0, 0, 0, 0, 1, 1, 0, 1, 1, 1, 1, 0, 0, 0, 0, 0, 1, 1, 0, 0, 0, 1, 0, 0, 0, 0, 1, 1, 0, 1, 1, 0, 1, 0, 1, 0, 1, 1, 0, 0, 1, 1, 0, 0, 0, 1, 0, 0, 1, 0, 1, 0, 0, 0, 0, 1, 1, 0, 0, 0, 0, 1, 0, 0, 0, 0, 0, 0, 1, 0, 1, 0, 0, 0, 1, 0, 1, 1, 0, 0, 0, 0, 1, 0, 1, 0, 0, 0, 0, 1, 0, 1, 0, 0, 0, 0, 0, 0, 1, 0, 1, 0, 1, 1, 1, 0, 0, 0, 1, 1, 0, 0, 0, 1, 0, 1, 1, 1, 1, 0, 0, 0, 0, 0, 1, 1, 0, 0, 0, 1, 1, 0, 0, 0, 0, 1, 0, 0, 0, 0, 1, 0, 0, 0, 0, 0, 0, 0, 1, 0, 1, 0, 1, 1, 0, 0, 0, 1, 0, 1, 0, 1, 0, 1, 0, 1, 1, 1, 1, 1, 0, 1, 0, 0, 1, 1, 0, 0, 1, 1, 0, 0, 0, 1, 0, 0, 1, 0, 0, 0, 1, 1, 0, 1, 1, 1, 1, 0, 0, 0, 1, 0, 0, 0, 0, 0, 0, 0, 0, 1, 0, 1, 1, 0, 0, 0, 1, 0, 0, 1, 0, 0, 1, 0, 0, 1, 1, 0, 0, 1, 0, 0, 0, 0, 1, 0, 0, 0, 0, 1, 0, 1, 0, 1, 0, 1, 0, 1, 0, 1, 1, 1, 1, 1, 0, 0, 1, 1, 1, 1, 1, 0, 0, 0, 1, 0, 0, 0, 0, 0, 0, 1, 0, 1, 0, 0, 0, 1, 0, 0, 1, 0, 0, 0, 0, 1, 1, 0, 0, 0, 0, 0, 0, 0, 0, 0, 0, 0, 1, 0, 0, 0, 1, 0, 0, 0, 1, 0, 0, 1, 0, 0, 0, 1, 0, 0, 1, 0, 1, 1, 1, 0, 0, 0, 1, 1, 1, 1, 0, 0, 1, 0, 0, 0, 0, 0, 0, 1, 1, 1, 1, 0, 0, 0, 1, 1, 0, 0, 0, 1, 0, 1, 0, 0, 0, 0, 1, 0, 0, 0, 0, 1, 1, 1, 0, 0, 1, 1, 0, 0, 0, 0, 1, 0, 0, 0, 0, 0, 1, 1, 0, 1, 0, 0, 1, 0, 0, 0, 0, 0, 1, 0, 1, 1, 1, 1, 1, 1, 1, 0, 0, 0, 1, 1, 0, 1, 0, 1, 0, 1, 1, 1, 0, 1, 1, 0, 1, 1, 0, 0, 0, 1, 0, 1, 1, 1, 1, 0, 0, 0, 0, 0, 0, 1, 0, 0, 0, 1, 0, 1, 1, 1, 0, 1, 1, 0, 0, 0, 0, 0, 1, 0, 1, 1, 0, 0, 1, 1, 1, 0, 0, 0, 0, 0, 0, 1, 0, 0, 0, 0, 1, 1, 0, 0, 0, 1, 0, 1, 0, 0, 0, 0, 0, 0, 0, 1, 0, 0, 1, 0, 0, 1, 0, 0, 0, 0, 0, 1, 0, 1, 1, 0, 0, 1, 0, 0, 0, 1, 0, 0, 0, 1, 0, 0, 0, 1, 0, 1, 1, 0, 0, 0, 1, 1, 1, 1, 1, 1, 0, 1, 1, 0, 0, 0, 0, 1, 0, 0, 1, 0, 0, 1, 1, 1, 0, 0, 1, 1, 1, 0, 1, 1, 0, 1, 1, 0, 0, 1, 0, 1, 1, 0, 0, 0, 0, 1, 0, 0, 0, 0, 0, 0, 0, 0, 1, 0, 0, 0, 0, 1, 1, 0, 0, 0, 0, 1, 0, 1, 1, 0, 1, 1, 0, 0, 1, 1, 1, 0, 0, 1, 0, 1, 1, 0, 1, 1, 1, 0, 0, 0, 1, 1, 0, 0, 1, 0, 1, 0, 1, 0, 1, 1, 0, 1, 0, 1, 0, 1, 0, 0, 1, 0, 1, 0, 0, 1, 1, 0, 0, 1, 0, 1, 0, 1, 0, 0, 0, 0, 0, 0, 1, 0, 0, 0, 0, 1, 1, 1, 1, 0, 0, 1, 0, 1, 1, 0, 0, 0, 1, 1, 1, 1, 1, 1, 0, 0, 0, 1, 1, 0, 0, 0, 0, 0, 0, 0, 0, 1, 0, 0, 0, 0, 1, 1, 0, 1, 0, 0, 1, 1, 1, 0, 0, 0, 0, 0, 0, 0, 0, 0, 0, 0, 1, 0, 1, 0, 1, 0, 1, 0, 0, 1, 0, 1, 1, 0, 1, 0, 1, 1, 0, 0, 1, 0, 0, 1, 0, 0, 1, 1, 1, 0, 0, 1, 0, 0, 0, 0, 0, 1, 0, 0, 0, 0, 0, 1, 1, 1, 0, 1, 1, 0, 1, 1, 0, 1, 0, 0, 1, 0, 0, 0, 0, 0, 0, 1, 0, 0, 0, 0, 1, 0, 0, 0, 0, 1, 0, 1, 0, 0, 1, 1, 0, 1, 1, 1, 0, 0, 1, 0, 1, 0, 0, 0, 0, 0, 1, 0, 0, 0, 1, 1, 1, 1, 1, 1, 1, 1, 0, 0, 1, 1, 0, 0, 0, 0, 1, 0, 1, 0, 0, 1, 1, 0, 0, 0, 1, 0, 0, 0, 0, 0, 1, 0, 0, 0, 0, 0, 0, 0, 0, 1, 0, 0, 1, 1, 0, 0, 0, 1, 0, 1, 0, 0, 1, 1, 0, 0, 0, 0, 0, 1, 1, 0, 0, 0, 0, 1, 0, 0, 1, 1, 1, 0, 0, 0, 1, 0, 0, 0, 1, 0, 1, 0, 1, 0, 0, 1, 1, 0, 0, 0, 0, 0, 0, 0, 1, 1, 0, 0, 1, 0, 1, 0, 0, 0, 0, 0, 1, 0, 1, 0, 1, 0, 0, 0, 1, 1, 0, 0, 1, 1, 0, 1, 0, 1, 0, 0, 0, 0, 0, 0, 0, 1, 1, 1, 1, 0, 1, 1, 0, 0, 0, 1, 0, 1, 0, 1, 1, 1, 0, 0, 0, 0, 0, 1, 0, 1, 1, 1, 0, 1, 1, 0, 1, 0, 0, 1, 1, 1, 1, 1, 1, 0, 0, 0, 1, 0, 0, 0, 1, 0, 0, 1, 0, 0, 0, 1, 0, 0, 1, 0, 0, 0, 0, 0, 0, 1, 0, 0, 0, 0, 0, 0, 0, 1, 0, 0, 1, 1, 0, 1, 1, 0, 0, 0, 0, 0, 1, 0, 0, 0, 1, 0, 0, 0, 1, 1, 1, 1, 0, 1, 0, 1, 1, 1, 0, 0, 0, 0, 0, 1, 1, 1, 1, 1, 0, 1, 1, 0, 0, 0, 1, 0, 0, 1, 0, 0, 1, 0, 0, 0, 1, 0, 1, 1, 1, 0, 1, 0, 0, 0, 0, 1, 1, 1, 0, 1, 1, 1, 0, 0, 0, 0, 1, 0, 0, 0, 0, 0, 0, 0, 0, 1, 0, 0, 1, 0, 0, 0, 0, 1, 1, 0, 1, 1, 0, 0, 1, 0, 1, 0, 1, 0, 0, 0, 0, 0, 1, 0, 0, 0, 1, 0, 0, 0, 0, 1, 1, 1, 1, 0, 1, 0, 1, 0, 0, 1, 0, 0, 1, 0, 1, 0, 1, 0, 0, 1, 0, 1, 0, 0, 0, 1, 1, 0, 1, 1, 0, 0, 0, 0, 1, 0, 0, 1, 0, 0, 0, 0, 0, 0, 0, 0, 0, 0, 1, 0, 0, 0, 1, 1, 1, 0, 1, 0, 1, 1, 0, 1, 1, 0, 0, 0, 1, 0, 1, 0, 0, 0, 1, 0, 0, 0, 0, 1, 0, 0, 0, 0, 0, 1, 0, 0, 1, 0, 1, 0, 1, 0, 0, 0, 0, 1, 1, 0, 0, 0, 0, 1, 0, 1, 1, 1, 1, 0, 1, 0, 0, 1, 0, 1, 0, 1, 0, 1, 1, 0, 0, 1, 1, 1, 1, 0, 0, 0, 0, 1, 0, 0, 1, 0, 0, 0, 1, 1, 0, 1, 1, 0, 0, 0, 0, 0, 0, 0, 1, 0, 0, 1, 1, 0, 0, 0, 1, 0, 0, 1, 0, 1, 0, 0, 0, 0, 0, 0, 0, 1, 0, 1, 0, 1, 0, 0, 1, 1, 0, 1, 1, 0, 1, 1, 0, 0, 1, 1, 0, 1, 1, 1, 1, 0, 1, 1, 1, 1, 0, 0, 0, 1, 0, 0, 0, 0, 1, 0, 0, 1, 0, 0, 0, 0, 0, 1, 0, 1, 0, 0, 1, 1, 1, 1, 0, 0, 0, 0, 0, 0, 0, 0, 1, 0, 0, 0, 1, 1, 1, 1, 1, 0, 0, 1, 0, 0, 0, 0, 0, 0, 1, 1, 1, 1, 1, 0, 1, 0, 0, 0, 0, 0, 0, 1, 0, 1, 0, 0, 0, 1, 0, 0, 0, 0, 1, 0, 1, 1, 0, 1, 0, 0, 0, 0, 0, 0, 0, 0, 0, 1, 0, 1, 0, 1, 0, 0, 0, 1, 1, 0, 0, 1, 0, 1, 0, 0, 0, 0, 0, 0, 1, 0, 1, 1, 1, 1, 0, 0, 1, 1, 0, 0, 0, 0, 1, 0, 0, 1, 0, 0, 0, 0, 0, 0, 0, 0, 0, 0, 0, 0, 1, 0, 0, 1, 0, 0, 0, 1, 0, 0, 0, 0, 1, 0, 1, 0, 1, 0, 0, 1, 0, 1, 1, 0, 1, 1, 0, 1, 1, 0, 0, 1, 1, 1, 1, 0, 0, 1, 0, 0, 0, 0, 0, 1, 0, 1, 1, 0, 1, 1, 0, 0, 0, 0, 1, 1, 1, 0, 1, 1, 1, 0, 0, 0, 1, 0, 0, 0, 1, 0, 0, 0, 1, 0, 0, 0, 0, 0, 0, 0, 0, 1, 0, 0, 1, 1, 0, 0, 0, 1, 1, 1, 0, 1, 0, 1, 0, 1, 1, 0, 0, 1, 1, 0, 0, 1, 0, 0, 0, 0, 0, 0, 0, 0, 0, 1, 0, 1, 0, 0, 0, 0, 0, 0, 0, 1, 1, 1, 0, 1, 0, 1, 0, 1, 0, 0, 1, 0, 1, 1, 0, 0, 1, 0, 1, 1, 0, 1, 0, 0, 1, 0, 1, 0, 1, 1, 0, 0, 0, 0, 1, 1, 1, 0, 1, 1, 0, 1, 0, 0, 1, 0, 0, 1, 0, 0, 1, 1, 0, 1, 1, 0, 0, 1, 1, 1, 0, 1, 0, 1, 1, 1, 0, 0, 1, 0, 0, 0, 1, 0, 1, 1, 0, 0, 1, 0, 0, 0, 0, 0, 0, 0, 0, 1, 1, 0, 1, 1, 1, 0, 1, 1, 1, 1, 0, 1, 1, 0, 0, 1, 1, 0, 1, 0, 0, 0, 0, 0, 1, 0, 0, 0, 0, 1, 0, 1, 1, 1, 1, 0, 0, 0, 1, 0, 1, 0, 0, 1, 1, 1, 0, 0, 0, 1, 0, 0, 0, 1, 0, 0, 1, 1, 1, 1, 1, 0, 1, 1, 1, 1, 1, 0, 1, 1, 1, 0, 0, 0, 0, 1, 0, 0, 0, 0, 1, 1, 1, 0, 1, 1, 0, 0, 0, 0, 0, 0, 1, 1, 0, 1, 0, 0, 0, 0, 1, 0, 0, 0, 0, 1, 1, 1, 0, 0, 0, 0, 1, 0, 0, 0, 0, 1, 1, 0, 0, 0, 1, 0, 0, 1, 0, 0, 0, 1, 0, 0, 0, 0, 0, 0, 1, 0, 0, 1, 0, 0, 1, 0, 0, 1, 1, 1, 0, 1, 1, 1, 1, 0, 1, 0, 0, 1, 1, 0, 1, 0, 0, 0, 0, 0, 1, 1, 0, 0, 1, 1, 0, 0, 1, 1, 0, 1, 1, 1, 0, 1, 1, 0, 0, 0, 0, 0, 0, 1, 1, 0, 0, 0, 0, 0, 1, 1, 0, 1, 0, 0, 0, 1, 1, 1, 1, 1, 1, 1, 1, 1, 1, 1, 0, 0, 0, 0, 1, 1, 0, 1, 1, 1, 0, 0, 0, 1, 1, 0, 0, 1, 0, 1, 1, 1, 1, 1, 1, 0, 0, 1, 0, 0, 1, 0, 1, 0, 0, 0, 0, 0, 0, 1, 0, 0, 1, 1, 1, 0, 1, 1, 0, 0, 1, 1, 0, 0, 0, 0, 1, 1, 1, 0, 0, 0, 1, 0, 0, 0, 0, 0, 0, 0, 0, 1, 1, 0, 0, 0, 0, 0, 0, 0, 0, 0, 1, 1, 0, 1, 1, 0, 0, 1, 1, 0, 1, 0, 1, 0, 1, 0, 1, 0, 1, 0, 0, 1, 0, 0, 1, 1, 0, 0, 1, 0, 0, 1, 1, 1, 0, 1, 0, 0, 1, 0, 1, 0, 0, 1, 1, 0, 1, 0, 1, 1, 0, 0, 1, 1, 1, 1, 0, 0, 0, 0, 0, 0, 1, 1, 1, 0, 0, 0, 0, 0, 0, 0, 1, 1, 1, 0, 0, 1, 0, 1, 0, 0, 1, 1, 0, 0, 0, 0, 1, 0, 0, 0, 0, 0, 1, 0, 0, 1, 1, 0, 0, 0, 1, 1, 0, 0, 1, 0, 1, 0, 0, 0, 0, 0, 0, 0, 1, 0, 1, 1, 0, 1, 0, 0, 0, 0, 0, 0, 0, 0, 0, 0, 0, 0, 1, 1, 0, 1, 0, 1, 1, 0, 0, 1, 0, 1, 0, 0, 1, 1, 1, 1, 1, 0, 0, 0, 1, 0, 1, 0, 1, 1, 1, 1, 1, 0, 0, 1, 1, 1, 1, 1, 0, 1, 0, 0, 1, 1, 0, 0, 0, 1, 0, 0, 0, 1, 1, 0, 1, 1, 0, 0, 0, 0, 1, 0, 0, 0, 0, 1, 0, 0, 1, 1, 0, 1, 1, 1, 0, 0, 0, 0, 1, 1, 0, 0, 1, 0, 1, 0, 0, 0, 0, 0, 1, 1, 0, 0, 1, 1, 0, 0, 0, 1, 0, 1, 0, 0, 1, 0, 1, 0, 1, 0, 0, 0, 0, 0, 1, 0, 0, 0, 0, 1, 1, 0, 0, 0, 1, 1, 1, 0, 1, 1, 1, 1, 1, 0, 1, 1, 1, 0, 0, 1, 0, 0, 0, 0, 0, 0, 0, 0, 1, 0, 0, 0, 0, 0, 0, 0, 0, 0, 0, 1, 0, 1, 1, 1, 0, 1, 1, 0, 0, 0, 1, 0, 0, 1, 0, 0, 0, 0, 0, 1, 0, 0, 1, 1, 1, 1, 0, 1, 1, 0, 1, 1, 1, 1, 1, 0, 0, 0, 0, 0, 0, 0, 0, 1, 0, 1, 1, 1, 0, 1, 0, 0, 1, 0, 1, 0, 1, 0, 1, 0, 0, 0, 0, 0, 0, 0, 0, 0, 0, 1, 0, 0, 0, 0, 0, 0, 0, 0, 0, 0, 0, 0, 1, 0, 0, 0, 1, 1, 0, 1, 0, 0, 1, 0, 0, 0, 1, 0, 0, 0, 0, 1, 1, 0, 1, 0, 0, 1, 0, 0, 1, 0, 0, 0, 1, 0, 0, 0, 0, 0, 0, 0, 0, 1, 1, 1, 0, 0, 0, 0, 1, 0, 0, 0, 0, 0, 0, 1, 1, 0, 0, 1, 0, 0, 1, 0, 0, 1, 0, 0, 0, 1, 0, 0, 1, 0, 0, 0, 1, 1, 1, 0, 0, 0, 0, 1, 0, 1, 0, 1, 1, 1, 1, 0, 0, 0, 0, 0, 1, 0, 0, 1, 1, 0, 0, 1, 0, 0, 1, 0, 0, 1, 0, 0, 0, 0, 0, 0, 0, 1, 0, 0, 0, 0, 0, 0, 1, 0, 0, 0, 0, 0, 1, 0, 0, 0, 0, 1, 0, 0, 0, 1, 0, 1, 1, 0, 0, 1, 0, 0, 1, 1, 1, 0, 0, 0, 1, 1, 0, 0, 1, 1, 1, 0, 0, 0, 0, 0, 1, 1, 1, 0, 1, 1, 1, 0, 0, 0, 0, 0, 1, 0, 1, 1, 0, 0, 0, 1, 0, 1, 0, 0, 0, 1, 1, 0, 0, 1, 0, 1, 0, 0, 0, 0, 0, 1, 0, 1, 1, 0, 1, 1, 0, 0, 0, 1, 0, 0, 0, 1, 0, 1, 0, 0, 0, 0, 0, 1, 0, 1, 0, 0, 0, 0, 0, 1, 1, 0, 0, 0, 0, 0, 0, 1, 1, 0, 0, 1, 0, 1, 1, 0, 1, 0, 1, 0, 1, 1, 1, 1, 0, 0, 0, 0, 0, 0, 0, 1, 0, 1, 1, 1, 0, 0, 0, 1, 0, 0, 1, 0, 1, 1, 0, 0, 0, 0, 1, 1, 0, 1, 0, 1, 0, 0, 1, 0, 0, 1, 0, 1, 0, 0, 0, 1, 1, 0, 0, 0, 1, 0, 1, 0, 0, 1, 0, 0, 0, 0, 0, 0, 1, 0, 1, 1, 1, 1, 1, 1, 0, 0, 0, 0, 0, 1, 0, 0, 1, 0, 0, 1, 0, 0, 0, 1, 0, 0, 1, 1, 1, 1, 0, 1, 1, 1, 1, 0, 0, 0, 1, 1, 1, 1, 0, 0, 0, 1, 1, 1, 1, 0, 1, 0, 1, 0, 0, 0, 0, 0, 1, 1, 0, 1, 1, 0, 0, 1, 0, 0, 0, 0, 0, 0, 0, 0, 0, 0, 1, 0, 0, 0, 0, 0, 1, 0, 0, 0, 1, 1, 0, 1, 0, 0, 1, 0, 1, 0, 0, 1, 0, 0, 0, 0, 1, 0, 1, 0, 1, 1, 0, 1, 0, 1, 0, 1, 0, 0, 1, 1, 1, 1, 0, 0, 1, 0, 0, 1, 0, 1, 0, 0, 1, 0, 1, 0, 1, 1, 0, 1, 0, 0, 0, 0, 0, 0, 1, 0, 0, 1, 0, 0, 1, 1, 1, 1, 0, 0, 0, 0, 1, 1, 0, 0, 0, 1, 1, 1, 0, 0, 1, 0, 0, 0, 1, 0, 0, 1, 0, 1, 0, 1, 1, 1, 0, 1, 0, 0, 1, 0, 1, 0, 0, 1, 0, 0, 0, 0, 1, 0, 1, 1, 0, 0, 1, 0, 1, 1, 0, 1, 0, 0, 1, 0, 0, 1, 0, 1, 0, 0, 0, 0, 1, 1, 1, 0, 0, 0, 1, 0, 0, 0, 0, 1, 0, 0, 1, 1, 0, 1, 1, 0, 0, 0, 1, 1, 0, 1, 1, 0, 1, 1, 0, 1, 0, 0, 1, 0, 1, 0, 1, 1, 1, 0, 1, 0, 1, 0, 0, 0, 0, 1, 1, 0, 1, 1, 0, 0, 1, 0, 0, 1, 0, 0, 0, 0, 1, 0, 0, 0, 0, 1, 1, 0, 0, 0, 0, 0, 1, 0, 1, 1, 0, 0, 1, 0, 1, 0, 1, 0, 1, 1, 0, 0, 0, 0, 0, 1, 1, 0, 1, 0, 0, 1, 1, 1, 1, 1, 0, 1, 1, 0, 1, 0, 0, 0, 1, 1, 1, 0, 1, 1, 1, 0, 0, 1, 0, 0, 1, 0, 1, 0, 0, 1, 1, 1, 0, 0, 1, 0, 0, 0, 1, 1, 0, 0, 1, 0, 1, 0, 0, 1, 0, 0, 0, 1, 0, 1, 1, 1, 0, 1, 1, 1, 0, 1, 1, 1, 0, 1, 0, 1, 1, 0, 0, 0, 1, 0, 0, 1, 0, 1, 0, 0, 0, 1, 1, 1, 1, 0, 0, 1, 0, 0, 1, 0, 1, 1, 0, 0, 0, 0, 0, 0, 0, 1, 1, 0, 0, 0, 1, 0, 0, 0, 0, 0, 1, 0, 1, 0, 0, 1, 0, 0, 0, 0, 0, 1, 0, 1, 1, 0, 0, 0, 0, 1, 1, 1, 0, 0, 0, 0, 1, 0, 0, 0, 0, 1, 1, 1, 0, 0, 1, 0, 0, 0, 0, 0, 0, 0, 0, 1, 1, 0, 0, 1, 0, 0, 1, 1, 0, 1, 0, 0, 0, 0, 0, 0, 1, 0, 1, 1, 1, 0, 1, 0, 1, 1, 0, 0, 1, 0, 0, 1, 0, 0, 0, 1, 1, 0, 1, 0, 0, 0, 0, 1, 0, 0, 1, 1, 0, 1, 0, 0, 1, 0, 1, 0, 0, 1, 0, 0, 0, 0, 0, 1, 0, 0, 1, 0, 0, 0, 0, 0, 0, 0, 1, 0, 0, 1, 0, 0, 1, 0, 1, 1, 0, 1, 1, 1, 0, 0, 1, 0, 0, 0, 0, 0, 1, 0, 0, 0, 0, 1, 0, 0, 0, 0, 0, 0, 1, 0, 1, 1, 0, 1, 0, 0, 0, 0, 1, 1, 1, 1, 1, 1, 0, 0, 0, 0, 1, 0, 0, 0, 0, 0, 0, 0, 1, 0, 0, 0, 0, 1, 0, 1, 1, 0, 1, 1, 1, 0, 0, 0, 1, 0, 0, 0, 0, 0, 0, 0, 1, 1, 1, 0, 1, 1, 1, 1, 0, 0, 0, 0, 0, 0, 0, 1, 1, 0, 0, 1, 0, 0, 1, 0, 1, 0, 0, 0, 0, 0, 0, 0, 0, 0, 1, 1, 0, 0, 1, 0, 0, 0, 0, 0, 0, 1, 0, 0, 0, 1, 1, 1, 0, 0, 0, 0, 0, 1, 0, 0, 0, 1, 0, 1, 0, 1, 0, 1, 0, 0, 0, 1, 0, 1, 0, 0, 0, 0, 1, 0, 0, 0, 0, 0, 1, 0, 0, 1, 0, 0, 0, 0, 1, 0, 0, 0, 0, 1, 0, 0, 1, 0, 0, 1, 1, 1, 0, 0, 0, 1, 0, 0, 0, 0, 0, 0, 0, 0, 1, 0, 0, 0, 1, 0, 1, 0, 0, 1, 0, 1, 0, 0, 0, 0, 0, 1, 1, 0, 0, 0, 1, 0, 1, 0, 0, 1, 0, 1, 0, 1, 1, 0, 0, 0, 0, 1, 0, 0, 1, 0, 1, 0, 1, 0, 0, 0, 0, 0, 0, 1, 1, 0, 0, 0, 0, 0, 0, 0, 1, 0, 0, 0, 0, 1, 0, 0, 1, 0, 1, 0, 1, 0, 0, 1, 1, 1, 0, 0, 0, 1, 1, 0, 0, 1, 0, 1, 1, 1, 1, 0, 0, 1, 0, 0, 0, 1, 0, 0, 0, 0, 0, 0, 0, 0, 1, 1, 0, 1, 1, 0, 1, 1, 0, 0, 0, 1, 0, 0, 1, 1, 0, 1, 0, 0, 0, 0, 1, 0, 0, 0, 0, 1, 0, 0, 0, 1, 0, 0, 0, 0, 0, 0, 1, 0, 0, 0, 1, 1, 1, 1, 1, 0, 0, 0, 1, 0, 1, 1, 0, 0, 0, 0, 0, 1, 1, 0, 1, 0, 1, 1, 0, 0, 0, 0, 0, 1, 1, 1, 0, 0, 0, 1, 0, 0, 0, 0, 0, 1, 0, 0, 1, 0, 0, 0, 1, 0, 0, 0, 1, 0, 1, 0, 0, 1, 0, 1, 0, 1, 0, 1, 1, 0, 0, 1, 1, 0, 0, 1, 0, 0, 0, 0, 0, 0, 0, 0, 0, 0, 0, 0, 0, 1, 0, 1, 1, 1, 0, 0, 0, 1, 1, 0, 0, 1, 0, 1, 0, 0, 0, 0, 1, 1, 1, 1, 0, 0, 1, 0, 0, 0, 0, 1, 1, 0, 0, 0, 0, 0, 0, 0, 1, 0, 1, 0, 0, 1, 0, 0, 1, 0, 1, 1, 1, 0, 0, 0, 1, 0, 1, 1, 0, 0, 1, 0, 1, 1, 0, 0, 1, 0, 0, 0, 0, 0, 1, 0, 1, 0, 0, 0, 0, 0, 0, 0, 1, 0, 0, 0, 1, 1, 0, 1, 1, 0, 1, 0, 0, 1, 1, 0, 1, 0, 0, 1, 1, 0, 0, 0, 0, 1, 1, 1, 1, 1, 0, 0, 1, 0, 0, 0, 1, 1, 1, 0, 1, 0, 1, 1, 0, 0, 0, 0, 0, 0, 0, 1, 1, 0, 1, 0, 1, 1, 1, 0, 0, 0, 0, 0, 0, 1, 1, 0, 0, 0, 0, 0, 0, 0, 0, 1, 0, 0, 0, 1, 1, 0, 0, 0, 1, 0, 1, 0, 0, 1, 1, 0, 0, 0, 1, 0, 0, 0, 1, 1, 0, 0, 1, 1, 1, 0, 1, 0, 1, 1, 1, 1, 1, 1, 1, 0, 1, 0, 1, 0, 0, 0, 0, 0, 0, 0, 0, 1, 1, 0, 0, 0, 1, 0, 1, 0, 0, 0, 1, 0, 1, 1, 0, 1, 1, 0, 1, 0, 1, 0, 0, 0, 0, 1, 1, 0, 0, 0, 1, 0, 0, 1, 1, 1, 1, 0, 0, 0, 0, 0, 1, 1, 1, 0, 0, 0, 0, 1, 0, 1, 0, 0, 0, 0, 1, 1, 0, 1, 1, 0, 0, 0, 0, 0, 0, 0, 0, 0, 1, 1, 0, 0, 0, 0, 1, 0, 0, 0, 1, 0, 1, 0, 0, 0, 0, 0, 0, 1, 1, 1, 0, 1, 0, 1, 1, 0, 1, 0, 1, 0, 0, 0, 1, 0, 1, 0, 0, 0, 1, 0, 0, 1, 0, 0, 1, 0, 0, 0, 0, 0, 0, 1, 0, 0, 0, 0, 1, 0, 1, 1, 0, 1, 0, 1, 0, 1, 0, 1, 0, 0, 0, 0, 0, 0, 0, 0, 1, 1, 1, 1, 1, 1, 0, 1, 0, 0, 0, 0, 0, 1, 0, 0, 1, 0, 1, 1, 0, 1, 0, 1, 1, 1, 1, 0, 0, 0, 1, 0, 0, 0, 0, 1, 1, 0, 0, 0, 1, 1, 0, 1, 0, 1, 0, 1, 0, 0, 0, 0, 1, 0, 0, 1, 0, 0, 0, 0, 1, 1, 1, 0, 0, 0, 0, 1, 1, 0, 0, 0, 1, 0, 1, 0, 0, 1, 1, 0, 0, 1, 0, 1, 1, 1, 1, 1, 1, 0, 1, 0, 0, 0, 0, 0, 0, 0, 0, 1, 0, 0, 1, 0, 1, 0, 1, 0, 0, 1, 1, 0, 1, 1, 0, 0, 1, 0, 0, 0, 0, 1, 0, 0, 0, 0, 0, 0, 0, 0, 0, 0, 1, 1, 0, 1, 0, 0, 1, 1, 0, 0, 0, 0, 0, 0, 0, 0, 0, 0, 1, 1, 1, 0, 0, 0, 1, 1, 1, 1, 0, 1, 0, 0, 0, 0, 1, 1, 1, 1, 0, 1, 0]}

[STUDENT] unaligned <- /data/zhenqian/models/dinov2-base
[load] stock DINOv2 (student_ckpt path is a dir or missing: /data/zhenqian/models/dinov2-base)
  [dataset] breeds_super13
extract:   0%|          | 0/6 [00:00<?, ?it/s]extract:  17%|█▋        | 1/6 [00:01<00:05,  1.10s/it]extract:  33%|███▎      | 2/6 [00:02<00:04,  1.05s/it]extract:  50%|█████     | 3/6 [00:03<00:03,  1.09s/it]extract:  67%|██████▋   | 4/6 [00:04<00:02,  1.13s/it]extract:  83%|████████▎ | 5/6 [00:05<00:01,  1.14s/it]extract: 100%|██████████| 6/6 [00:06<00:00,  1.16s/it]extract: 100%|██████████| 6/6 [00:06<00:00,  1.14s/it]
extract:   0%|          | 0/49 [00:00<?, ?it/s]extract:   2%|▏         | 1/49 [00:01<00:55,  1.16s/it]extract:   4%|▍         | 2/49 [00:02<00:54,  1.16s/it]extract:   6%|▌         | 3/49 [00:03<00:49,  1.08s/it]extract:   8%|▊         | 4/49 [00:04<00:50,  1.12s/it]extract:  10%|█         | 5/49 [00:05<00:51,  1.16s/it]extract:  12%|█▏        | 6/49 [00:06<00:48,  1.13s/it]extract:  14%|█▍        | 7/49 [00:07<00:46,  1.12s/it]extract:  16%|█▋        | 8/49 [00:09<00:46,  1.15s/it]extract:  18%|█▊        | 9/49 [00:10<00:46,  1.15s/it]extract:  20%|██        | 10/49 [00:11<00:43,  1.12s/it]extract:  22%|██▏       | 11/49 [00:12<00:42,  1.11s/it]extract:  24%|██▍       | 12/49 [00:13<00:39,  1.08s/it]extract:  27%|██▋       | 13/49 [00:14<00:38,  1.07s/it]extract:  29%|██▊       | 14/49 [00:15<00:38,  1.09s/it]extract:  31%|███       | 15/49 [00:16<00:36,  1.08s/it]extract:  33%|███▎      | 16/49 [00:17<00:35,  1.08s/it]extract:  35%|███▍      | 17/49 [00:18<00:34,  1.07s/it]extract:  37%|███▋      | 18/49 [00:19<00:33,  1.07s/it]extract:  39%|███▉      | 19/49 [00:21<00:32,  1.10s/it]extract:  41%|████      | 20/49 [00:22<00:32,  1.11s/it]extract:  43%|████▎     | 21/49 [00:23<00:30,  1.10s/it]extract:  45%|████▍     | 22/49 [00:24<00:30,  1.12s/it]extract:  47%|████▋     | 23/49 [00:25<00:29,  1.12s/it]extract:  49%|████▉     | 24/49 [00:26<00:27,  1.10s/it]extract:  51%|█████     | 25/49 [00:27<00:28,  1.17s/it]extract:  53%|█████▎    | 26/49 [00:28<00:25,  1.11s/it]extract:  55%|█████▌    | 27/49 [00:29<00:24,  1.11s/it]extract:  57%|█████▋    | 28/49 [00:31<00:23,  1.12s/it]extract:  59%|█████▉    | 29/49 [00:32<00:22,  1.13s/it]extract:  61%|██████    | 30/49 [00:33<00:20,  1.10s/it]extract:  63%|██████▎   | 31/49 [00:34<00:19,  1.10s/it]extract:  65%|██████▌   | 32/49 [00:35<00:19,  1.17s/it]extract:  67%|██████▋   | 33/49 [00:36<00:18,  1.16s/it]extract:  69%|██████▉   | 34/49 [00:38<00:19,  1.31s/it]extract:  71%|███████▏  | 35/49 [00:39<00:18,  1.34s/it]extract:  73%|███████▎  | 36/49 [00:41<00:16,  1.27s/it]extract:  76%|███████▌  | 37/49 [00:42<00:14,  1.22s/it]extract:  78%|███████▊  | 38/49 [00:43<00:13,  1.20s/it]extract:  80%|███████▉  | 39/49 [00:44<00:12,  1.20s/it]extract:  82%|████████▏ | 40/49 [00:45<00:09,  1.11s/it]extract:  84%|████████▎ | 41/49 [00:46<00:08,  1.08s/it]extract:  86%|████████▌ | 42/49 [00:47<00:07,  1.07s/it]extract:  88%|████████▊ | 43/49 [00:48<00:06,  1.07s/it]extract:  90%|████████▉ | 44/49 [00:49<00:05,  1.00s/it]extract:  92%|█████████▏| 45/49 [00:50<00:04,  1.00s/it]extract:  94%|█████████▍| 46/49 [00:51<00:03,  1.03s/it]extract:  96%|█████████▌| 47/49 [00:52<00:02,  1.05s/it]extract:  98%|█████████▊| 48/49 [00:53<00:01,  1.04s/it]extract: 100%|██████████| 49/49 [00:54<00:00,  1.06it/s]extract: 100%|██████████| 49/49 [00:54<00:00,  1.11s/it]
    -> {'top1_accuracy': 0.23393316195372751, 'ci95_low': 0.2200996143958869, 'ci95_high': 0.24759800771208226, 'n_test': 3112, 'n_train_per_class': 1, 'n_classes': 13, 'correct_per_example': [0, 0, 0, 0, 0, 0, 0, 0, 1, 1, 1, 0, 1, 1, 1, 1, 1, 1, 1, 1, 0, 1, 0, 1, 1, 0, 1, 1, 0, 0, 0, 1, 0, 1, 1, 0, 0, 0, 1, 0, 1, 0, 1, 1, 1, 1, 0, 0, 0, 0, 0, 0, 0, 0, 0, 0, 0, 0, 0, 0, 0, 0, 0, 0, 0, 0, 0, 0, 0, 0, 0, 0, 0, 0, 0, 0, 0, 0, 0, 0, 0, 0, 0, 0, 0, 0, 0, 1, 0, 0, 0, 0, 0, 0, 0, 0, 1, 1, 0, 1, 1, 1, 1, 0, 1, 1, 1, 1, 1, 1, 1, 1, 0, 0, 0, 0, 0, 0, 0, 0, 0, 0, 0, 0, 0, 0, 0, 0, 0, 0, 0, 1, 0, 0, 1, 0, 1, 0, 1, 1, 0, 1, 1, 1, 1, 1, 1, 1, 1, 1, 1, 1, 0, 0, 1, 0, 0, 0, 0, 0, 0, 0, 0, 0, 1, 0, 1, 0, 1, 1, 1, 1, 1, 1, 1, 1, 1, 1, 0, 1, 0, 1, 0, 0, 1, 1, 1, 1, 1, 0, 1, 0, 1, 1, 1, 1, 1, 1, 1, 1, 0, 0, 1, 1, 1, 0, 1, 0, 0, 1, 0, 0, 0, 1, 0, 0, 1, 0, 0, 0, 0, 0, 0, 0, 0, 0, 0, 0, 0, 0, 0, 0, 0, 0, 0, 1, 0, 0, 0, 0, 0, 1, 0, 0, 0, 1, 0, 0, 0, 0, 0, 0, 0, 0, 0, 0, 0, 0, 0, 0, 0, 0, 0, 0, 0, 0, 0, 0, 0, 0, 0, 0, 1, 0, 0, 0, 0, 0, 0, 0, 1, 1, 0, 0, 1, 0, 0, 0, 0, 0, 0, 1, 0, 0, 0, 0, 1, 0, 0, 0, 0, 0, 0, 0, 0, 0, 0, 0, 0, 0, 0, 0, 0, 0, 0, 0, 0, 0, 0, 0, 0, 0, 0, 0, 0, 0, 0, 0, 0, 0, 0, 0, 0, 0, 0, 0, 0, 0, 0, 0, 0, 0, 0, 0, 0, 0, 0, 0, 0, 0, 0, 0, 0, 0, 0, 0, 0, 0, 0, 0, 0, 0, 0, 0, 0, 0, 0, 0, 0, 1, 0, 0, 1, 0, 0, 0, 0, 0, 0, 0, 0, 1, 0, 0, 0, 1, 1, 1, 0, 0, 0, 0, 0, 0, 0, 0, 0, 0, 0, 0, 0, 0, 0, 0, 0, 1, 1, 0, 1, 0, 1, 1, 1, 1, 1, 1, 1, 0, 0, 1, 1, 0, 1, 1, 1, 1, 0, 0, 1, 0, 0, 1, 1, 1, 0, 1, 1, 1, 1, 0, 1, 1, 1, 0, 0, 1, 0, 1, 0, 0, 0, 0, 0, 1, 0, 0, 0, 1, 1, 0, 0, 1, 1, 0, 0, 0, 1, 0, 1, 1, 0, 1, 1, 1, 1, 1, 1, 1, 1, 1, 0, 0, 1, 1, 0, 0, 0, 0, 0, 0, 0, 0, 0, 1, 0, 1, 1, 0, 0, 0, 1, 0, 0, 1, 0, 0, 0, 0, 0, 0, 0, 0, 0, 0, 0, 0, 0, 0, 0, 1, 0, 1, 0, 0, 1, 1, 0, 0, 1, 1, 1, 1, 1, 1, 1, 1, 0, 0, 0, 0, 0, 0, 0, 1, 0, 0, 0, 0, 0, 0, 0, 0, 1, 1, 1, 1, 1, 1, 1, 1, 1, 1, 1, 0, 0, 1, 1, 1, 1, 0, 0, 1, 1, 0, 1, 0, 1, 0, 0, 0, 0, 0, 0, 0, 0, 0, 0, 1, 0, 0, 1, 1, 0, 0, 0, 0, 0, 0, 0, 0, 0, 0, 0, 0, 0, 0, 0, 0, 1, 1, 0, 1, 0, 1, 1, 0, 0, 0, 0, 0, 1, 0, 1, 0, 0, 0, 0, 0, 0, 0, 0, 0, 1, 1, 0, 0, 1, 1, 1, 1, 1, 1, 1, 1, 1, 1, 0, 1, 1, 0, 0, 0, 0, 0, 0, 0, 1, 1, 1, 1, 1, 0, 1, 1, 0, 0, 0, 1, 0, 0, 0, 1, 0, 0, 0, 0, 1, 1, 0, 0, 0, 0, 0, 0, 0, 0, 0, 0, 0, 0, 0, 0, 0, 0, 0, 1, 0, 1, 0, 0, 0, 0, 0, 0, 0, 0, 0, 1, 1, 0, 1, 0, 0, 0, 0, 0, 0, 1, 1, 0, 0, 0, 0, 0, 0, 0, 0, 0, 0, 0, 0, 0, 0, 0, 0, 0, 0, 0, 0, 0, 0, 0, 0, 0, 0, 0, 0, 0, 0, 1, 0, 0, 0, 0, 1, 0, 1, 1, 1, 1, 1, 0, 0, 0, 0, 0, 0, 1, 0, 0, 0, 0, 0, 0, 0, 0, 1, 1, 1, 1, 0, 1, 1, 0, 0, 0, 0, 0, 0, 0, 0, 1, 0, 0, 0, 0, 0, 0, 0, 0, 0, 0, 0, 0, 0, 0, 0, 0, 1, 0, 0, 0, 0, 0, 0, 1, 0, 0, 0, 0, 0, 0, 0, 0, 1, 1, 0, 0, 1, 0, 1, 1, 0, 0, 0, 1, 0, 0, 0, 0, 0, 0, 0, 0, 0, 0, 0, 0, 0, 0, 0, 0, 1, 0, 0, 0, 0, 0, 1, 1, 0, 0, 1, 1, 1, 1, 0, 1, 1, 1, 0, 1, 0, 0, 0, 0, 0, 0, 0, 0, 0, 0, 1, 0, 1, 0, 0, 0, 0, 0, 1, 1, 0, 1, 0, 0, 0, 0, 0, 0, 0, 0, 0, 0, 1, 0, 1, 1, 1, 0, 0, 1, 0, 0, 0, 1, 0, 0, 0, 1, 0, 0, 0, 0, 0, 1, 0, 0, 1, 0, 0, 0, 0, 0, 0, 0, 0, 0, 0, 0, 0, 0, 0, 0, 0, 1, 0, 1, 1, 1, 1, 1, 0, 0, 0, 1, 0, 0, 0, 0, 0, 0, 0, 0, 0, 0, 1, 0, 0, 0, 0, 0, 0, 0, 0, 0, 0, 0, 0, 0, 0, 0, 1, 1, 0, 0, 0, 0, 0, 0, 0, 0, 1, 0, 1, 1, 1, 0, 1, 1, 0, 0, 0, 0, 0, 0, 0, 0, 0, 0, 0, 0, 0, 0, 0, 0, 0, 0, 0, 0, 0, 0, 0, 0, 1, 1, 0, 1, 1, 1, 1, 0, 0, 0, 0, 0, 0, 0, 0, 0, 0, 0, 0, 0, 0, 0, 1, 1, 0, 0, 0, 1, 0, 0, 0, 0, 0, 0, 0, 0, 0, 0, 0, 0, 1, 1, 1, 1, 1, 1, 1, 1, 1, 1, 1, 0, 1, 0, 1, 0, 0, 0, 0, 0, 0, 0, 0, 0, 1, 0, 1, 1, 1, 1, 1, 1, 0, 0, 0, 0, 0, 0, 0, 0, 0, 0, 0, 0, 0, 0, 0, 0, 0, 0, 0, 0, 0, 0, 0, 0, 0, 0, 1, 0, 0, 0, 0, 0, 0, 0, 0, 0, 0, 0, 0, 0, 0, 0, 0, 0, 0, 0, 0, 0, 0, 0, 0, 0, 0, 1, 0, 1, 0, 0, 0, 0, 1, 0, 0, 0, 0, 0, 0, 0, 1, 1, 1, 1, 0, 0, 0, 0, 0, 0, 0, 0, 1, 1, 1, 1, 1, 1, 1, 1, 0, 0, 0, 0, 0, 0, 0, 0, 0, 1, 1, 0, 1, 0, 1, 1, 0, 0, 0, 0, 0, 1, 0, 1, 0, 0, 0, 0, 0, 0, 0, 0, 1, 1, 1, 1, 1, 1, 1, 0, 1, 0, 0, 0, 0, 0, 0, 1, 1, 1, 0, 0, 1, 0, 1, 0, 0, 0, 0, 0, 0, 0, 0, 0, 0, 0, 0, 0, 0, 0, 0, 1, 0, 0, 0, 0, 1, 0, 0, 1, 0, 0, 0, 0, 0, 0, 0, 0, 0, 0, 0, 0, 0, 0, 0, 0, 0, 0, 0, 0, 0, 0, 0, 0, 0, 0, 0, 0, 0, 0, 0, 0, 1, 1, 1, 1, 1, 1, 1, 1, 0, 0, 0, 0, 0, 0, 0, 0, 0, 0, 0, 0, 0, 0, 0, 0, 1, 1, 0, 0, 0, 0, 0, 0, 0, 0, 0, 1, 1, 0, 0, 1, 0, 0, 0, 0, 0, 0, 0, 0, 0, 1, 1, 0, 0, 0, 0, 0, 0, 0, 0, 1, 0, 0, 0, 0, 0, 0, 1, 0, 0, 0, 0, 0, 1, 1, 0, 1, 1, 1, 0, 1, 0, 0, 1, 0, 0, 0, 0, 0, 0, 0, 1, 1, 0, 0, 0, 0, 0, 0, 0, 0, 0, 0, 0, 0, 0, 0, 0, 0, 0, 0, 0, 0, 0, 0, 0, 0, 1, 0, 0, 1, 0, 0, 0, 0, 1, 0, 0, 0, 0, 1, 0, 0, 0, 0, 1, 1, 1, 1, 0, 1, 1, 1, 1, 1, 0, 1, 0, 0, 0, 0, 0, 0, 0, 0, 0, 0, 0, 0, 0, 0, 0, 0, 0, 0, 0, 0, 0, 0, 0, 0, 0, 0, 0, 0, 0, 0, 0, 0, 0, 0, 0, 0, 0, 0, 0, 1, 0, 0, 0, 1, 0, 0, 0, 0, 0, 0, 0, 0, 0, 0, 0, 0, 0, 0, 0, 0, 0, 1, 0, 0, 0, 0, 0, 0, 0, 0, 0, 0, 0, 0, 0, 0, 0, 0, 0, 0, 1, 1, 1, 0, 1, 1, 0, 0, 0, 0, 0, 0, 0, 0, 0, 0, 0, 0, 0, 1, 0, 1, 0, 1, 0, 0, 0, 0, 0, 0, 0, 0, 0, 0, 1, 0, 0, 0, 0, 0, 1, 1, 0, 1, 0, 0, 0, 0, 0, 0, 0, 0, 0, 0, 0, 0, 0, 0, 0, 0, 0, 0, 0, 0, 0, 1, 0, 0, 0, 0, 0, 1, 1, 1, 1, 0, 0, 1, 0, 1, 0, 0, 0, 0, 0, 0, 1, 0, 0, 0, 1, 0, 1, 0, 0, 0, 0, 0, 0, 0, 0, 0, 0, 0, 0, 0, 1, 0, 0, 0, 0, 0, 0, 0, 0, 0, 0, 0, 0, 0, 0, 0, 0, 0, 0, 0, 0, 0, 0, 0, 0, 0, 0, 0, 0, 0, 0, 0, 0, 0, 0, 0, 0, 0, 0, 0, 0, 0, 0, 0, 0, 0, 0, 0, 1, 0, 0, 0, 0, 1, 0, 1, 0, 0, 0, 0, 0, 0, 0, 0, 0, 0, 0, 0, 0, 0, 0, 0, 0, 0, 0, 0, 1, 1, 0, 0, 0, 1, 0, 0, 0, 0, 0, 0, 0, 0, 0, 0, 0, 0, 0, 0, 1, 0, 0, 0, 0, 0, 0, 0, 0, 0, 0, 0, 0, 0, 0, 0, 1, 0, 1, 0, 1, 0, 0, 1, 0, 1, 0, 0, 0, 0, 0, 0, 1, 0, 0, 1, 1, 0, 0, 0, 0, 0, 1, 0, 0, 0, 0, 0, 0, 0, 0, 0, 0, 0, 0, 0, 0, 0, 0, 0, 0, 0, 0, 1, 0, 0, 0, 0, 1, 1, 1, 1, 1, 1, 1, 1, 0, 0, 0, 0, 0, 0, 0, 0, 0, 0, 0, 0, 0, 0, 1, 0, 0, 0, 0, 0, 0, 0, 0, 0, 0, 0, 0, 0, 0, 0, 0, 0, 0, 0, 0, 0, 0, 0, 0, 0, 0, 0, 0, 0, 0, 0, 0, 0, 0, 0, 0, 1, 0, 0, 0, 0, 0, 0, 0, 0, 0, 0, 0, 0, 1, 0, 1, 1, 1, 0, 1, 1, 0, 1, 0, 0, 1, 0, 0, 0, 1, 0, 1, 1, 0, 1, 1, 1, 0, 0, 0, 0, 0, 0, 0, 0, 0, 0, 1, 0, 1, 1, 0, 0, 1, 0, 0, 0, 0, 0, 0, 0, 1, 1, 1, 1, 0, 1, 0, 1, 0, 0, 0, 0, 0, 0, 0, 0, 0, 1, 0, 1, 1, 1, 1, 1, 0, 1, 1, 0, 1, 1, 1, 1, 0, 1, 1, 1, 1, 1, 1, 1, 1, 1, 1, 1, 1, 0, 0, 1, 0, 1, 1, 1, 1, 0, 1, 0, 0, 1, 0, 1, 1, 0, 0, 0, 0, 0, 0, 0, 1, 0, 0, 0, 0, 0, 0, 0, 0, 0, 0, 0, 0, 0, 0, 0, 0, 0, 0, 1, 1, 0, 0, 1, 1, 1, 0, 0, 0, 0, 0, 0, 0, 0, 0, 0, 1, 0, 1, 1, 0, 0, 1, 1, 0, 0, 0, 0, 0, 0, 0, 0, 0, 0, 0, 0, 0, 0, 0, 0, 0, 0, 0, 0, 0, 0, 0, 0, 1, 1, 0, 0, 1, 0, 1, 0, 0, 0, 0, 0, 0, 0, 0, 0, 0, 0, 0, 0, 0, 0, 0, 0, 0, 1, 0, 0, 0, 0, 0, 0, 1, 0, 0, 0, 1, 1, 0, 0, 1, 0, 0, 1, 0, 0, 1, 0, 0, 0, 0, 0, 0, 0, 0, 0, 0, 0, 0, 0, 0, 0, 0, 0, 0, 0, 0, 0, 0, 0, 0, 1, 1, 0, 0, 0, 0, 0, 0, 0, 0, 0, 0, 0, 0, 0, 0, 0, 0, 0, 0, 0, 0, 0, 0, 0, 0, 0, 0, 0, 0, 0, 1, 0, 0, 1, 0, 0, 0, 0, 0, 0, 0, 0, 0, 0, 0, 0, 0, 0, 0, 0, 0, 0, 0, 0, 0, 0, 0, 0, 0, 1, 0, 0, 0, 0, 0, 0, 0, 0, 0, 0, 0, 0, 0, 0, 1, 0, 1, 1, 0, 0, 1, 1, 1, 0, 0, 0, 0, 0, 0, 0, 1, 0, 0, 0, 0, 0, 0, 0, 1, 0, 0, 0, 0, 0, 0, 0, 0, 0, 0, 0, 0, 0, 0, 0, 0, 0, 0, 0, 0, 0, 1, 1, 0, 0, 0, 0, 0, 1, 1, 0, 1, 1, 1, 1, 0, 0, 0, 0, 0, 0, 0, 0, 0, 0, 0, 0, 0, 0, 0, 0, 0, 0, 0, 0, 0, 1, 0, 0, 1, 0, 0, 0, 0, 0, 0, 1, 0, 0, 0, 1, 0, 0, 0, 0, 1, 0, 0, 0, 0, 0, 0, 0, 0, 0, 0, 1, 0, 0, 0, 0, 1, 0, 0, 0, 0, 0, 0, 0, 0, 0, 1, 1, 0, 0, 1, 1, 0, 0, 0, 0, 0, 0, 0, 0, 0, 0, 0, 0, 0, 1, 1, 0, 0, 0, 0, 0, 0, 0, 0, 0, 0, 0, 0, 1, 0, 0, 1, 0, 0, 0, 0, 0, 0, 0, 0, 0, 0, 0, 0, 0, 1, 1, 0, 1, 0, 0, 0, 0, 0, 0, 0, 0, 0, 1, 0, 0, 0, 0, 0, 0, 0, 1, 0, 0, 0, 0, 0, 0, 0, 0, 1, 1, 0, 1, 1, 1, 1, 0, 0, 0, 0, 0, 0, 0, 0, 0, 0, 0, 0, 0, 0, 0, 0, 0, 0, 0, 0, 0, 0, 0, 1, 0, 0, 0, 0, 0, 1, 0, 0, 0, 0, 0, 0, 1, 1, 0, 1, 1, 0, 0, 0, 0, 0, 0, 0, 0, 0, 0, 0, 0, 0, 0, 0, 0, 0, 0, 0, 0, 1, 0, 0, 0, 0, 0, 0, 0, 0, 0, 0, 0, 0, 0, 0, 0, 0, 0, 0, 0, 0, 0, 0, 0, 0, 1, 1, 0, 0, 0, 0, 0, 0, 0, 0, 0, 1, 1, 0, 1, 0, 1, 1, 0, 0, 0, 0, 0, 0, 0, 0, 0, 0, 0, 0, 0, 0, 0, 0, 0, 0, 1, 0, 0, 0, 0, 0, 0, 0, 0, 0, 0, 0, 0, 0, 0, 0, 0, 0, 0, 0, 0, 0, 0, 0, 0, 0, 0, 0, 1, 0, 0, 0, 0, 0, 0, 0, 0, 0, 0, 0, 0, 0, 0, 1, 0, 0, 0, 0, 0, 0, 0, 0, 0, 1, 0, 0, 0, 0, 0, 0, 0, 0, 0, 0, 0, 0, 0, 0, 0, 0, 0, 0, 0, 0, 0, 1, 0, 0, 0, 0, 0, 0, 0, 0, 0, 0, 0, 0, 0, 0, 0, 0, 0, 0, 0, 0, 0, 0, 0, 0, 0, 0, 0, 0, 0, 0, 0, 0, 0, 0, 0, 0, 0, 0, 0, 1, 0, 0, 0, 0, 0, 0, 0, 0, 0, 0, 0, 0, 0, 0, 0, 0, 0, 0, 0, 0, 0, 0, 0, 0, 0, 0, 0, 0, 0, 0, 0, 0, 1, 0, 0, 1, 0, 0, 1, 0, 0, 0, 0, 1, 1, 1, 1, 1, 0, 1, 0, 1, 1, 1, 1, 0, 1, 1, 1, 0, 0, 0, 0, 0, 0, 0, 0, 0, 0, 1, 0, 1, 1, 1, 1, 0, 0, 0, 0, 0, 1, 0, 0, 0, 0, 0, 0, 1, 0, 0, 0, 0, 0, 0, 0, 0, 0, 0, 0, 1, 1, 1, 0, 0, 1, 1, 0, 0, 1, 1, 1, 1, 1, 0, 1, 0, 0, 0, 1, 1, 0, 0, 0, 0, 0, 0, 0, 0, 0, 0, 0, 0, 0, 0, 0, 0, 0, 0, 0, 1, 1, 1, 1, 1, 1, 1, 1, 1, 1, 0, 1, 1, 0, 0, 1, 1, 0, 0, 0, 1, 0, 0, 1, 0, 0, 0, 0, 0, 0, 0, 0, 0, 1, 1, 1, 1, 1, 1, 0, 0, 0, 0, 0, 0, 0, 0, 0, 0, 0, 1, 1, 1, 0, 0, 1, 1, 1, 1, 1, 1, 0, 1, 1, 1, 1, 1, 1, 1, 1, 0, 1, 1, 0, 0, 1, 1, 1, 0, 0, 1, 0, 0, 0, 0, 1, 1, 1, 0, 0, 0, 0, 0, 0, 0, 0, 1, 1, 0, 1, 0, 0, 1, 0, 1, 0, 0, 1, 0, 0, 0, 0, 0, 0, 0, 0, 0, 0, 0, 0, 0, 0, 0, 0, 0, 0, 0, 0, 0, 0, 0, 0, 0, 0, 0, 0, 0, 1, 0, 1, 1, 1, 1, 0, 0, 0, 0, 0, 0, 1, 1, 0, 0, 0, 0, 0, 0, 0, 0, 0, 0, 0, 0, 0, 0, 0, 0, 0, 0, 0, 0, 0, 0, 0, 0, 0, 1, 1, 1, 0, 0, 1, 0, 1, 0, 0, 0, 0, 0, 0, 0, 0, 0, 0, 0, 0, 1, 0, 1, 1, 0, 0, 0, 0, 0, 0, 0, 0, 0, 0, 0, 0, 0, 0, 0, 0, 0, 0, 0, 0, 0, 0, 0, 0, 0, 0, 0, 0, 0, 0, 0, 0, 0, 0, 0, 0, 0, 0, 0, 0, 0, 0, 0, 0, 0, 0, 0, 0, 0, 0, 0, 0, 0, 0, 0, 0, 0, 0, 0, 0, 0, 0, 0, 0, 0, 0, 0, 0, 0, 0, 0, 0, 0, 0, 0, 0, 0, 0, 0, 1, 0, 0, 0, 0, 0, 0, 0, 0, 0, 1, 0, 1, 1, 0, 0, 0, 0, 0, 0, 0, 0, 1, 0, 0, 1, 0, 0, 1, 1, 1, 0, 1, 1, 1, 1, 1, 1, 1, 1, 1, 0, 0, 0, 0, 0, 0, 0, 0]}
  [dataset] breeds_super26
extract:   0%|          | 0/7 [00:00<?, ?it/s]extract:  14%|█▍        | 1/7 [00:00<00:05,  1.06it/s]extract:  29%|██▊       | 2/7 [00:02<00:05,  1.04s/it]extract:  43%|████▎     | 3/7 [00:03<00:04,  1.04s/it]extract:  57%|█████▋    | 4/7 [00:04<00:03,  1.11s/it]extract:  71%|███████▏  | 5/7 [00:05<00:02,  1.16s/it]extract:  86%|████████▌ | 6/7 [00:06<00:01,  1.15s/it]extract: 100%|██████████| 7/7 [00:07<00:00,  1.07s/it]extract: 100%|██████████| 7/7 [00:07<00:00,  1.08s/it]
extract:   0%|          | 0/57 [00:00<?, ?it/s]extract:   2%|▏         | 1/57 [00:01<01:10,  1.26s/it]extract:   4%|▎         | 2/57 [00:02<01:01,  1.12s/it]extract:   5%|▌         | 3/57 [00:03<01:03,  1.18s/it]extract:   7%|▋         | 4/57 [00:04<01:00,  1.14s/it]extract:   9%|▉         | 5/57 [00:05<00:59,  1.15s/it]extract:  11%|█         | 6/57 [00:06<00:58,  1.14s/it]extract:  12%|█▏        | 7/57 [00:08<00:59,  1.20s/it]extract:  14%|█▍        | 8/57 [00:09<00:56,  1.15s/it]extract:  16%|█▌        | 9/57 [00:10<00:55,  1.15s/it]extract:  18%|█▊        | 10/57 [00:11<00:50,  1.08s/it]extract:  19%|█▉        | 11/57 [00:12<00:50,  1.09s/it]extract:  21%|██        | 12/57 [00:13<00:47,  1.05s/it]extract:  23%|██▎       | 13/57 [00:14<00:46,  1.07s/it]extract:  25%|██▍       | 14/57 [00:15<00:44,  1.03s/it]extract:  26%|██▋       | 15/57 [00:16<00:42,  1.02s/it]extract:  28%|██▊       | 16/57 [00:17<00:42,  1.04s/it]extract:  30%|██▉       | 17/57 [00:18<00:40,  1.02s/it]extract:  32%|███▏      | 18/57 [00:19<00:37,  1.04it/s]extract:  33%|███▎      | 19/57 [00:20<00:38,  1.03s/it]extract:  35%|███▌      | 20/57 [00:21<00:39,  1.06s/it]extract:  37%|███▋      | 21/57 [00:22<00:36,  1.02s/it]extract:  39%|███▊      | 22/57 [00:23<00:32,  1.06it/s]extract:  40%|████      | 23/57 [00:24<00:30,  1.10it/s]extract:  42%|████▏     | 24/57 [00:24<00:28,  1.17it/s]extract:  44%|████▍     | 25/57 [00:25<00:27,  1.16it/s]extract:  46%|████▌     | 26/57 [00:26<00:28,  1.09it/s]extract:  47%|████▋     | 27/57 [00:27<00:27,  1.10it/s]extract:  49%|████▉     | 28/57 [00:28<00:25,  1.12it/s]extract:  51%|█████     | 29/57 [00:29<00:24,  1.12it/s]extract:  53%|█████▎    | 30/57 [00:30<00:23,  1.15it/s]extract:  54%|█████▍    | 31/57 [00:31<00:22,  1.16it/s]extract:  56%|█████▌    | 32/57 [00:31<00:21,  1.18it/s]extract:  58%|█████▊    | 33/57 [00:32<00:20,  1.19it/s]extract:  60%|█████▉    | 34/57 [00:33<00:20,  1.14it/s]extract:  61%|██████▏   | 35/57 [00:34<00:19,  1.14it/s]extract:  63%|██████▎   | 36/57 [00:35<00:17,  1.17it/s]extract:  65%|██████▍   | 37/57 [00:36<00:17,  1.16it/s]extract:  67%|██████▋   | 38/57 [00:37<00:16,  1.19it/s]extract:  68%|██████▊   | 39/57 [00:37<00:15,  1.16it/s]extract:  70%|███████   | 40/57 [00:38<00:14,  1.15it/s]extract:  72%|███████▏  | 41/57 [00:39<00:13,  1.16it/s]extract:  74%|███████▎  | 42/57 [00:40<00:13,  1.13it/s]extract:  75%|███████▌  | 43/57 [00:41<00:12,  1.09it/s]extract:  77%|███████▋  | 44/57 [00:42<00:12,  1.08it/s]extract:  79%|███████▉  | 45/57 [00:43<00:11,  1.08it/s]extract:  81%|████████  | 46/57 [00:44<00:10,  1.10it/s]extract:  82%|████████▏ | 47/57 [00:45<00:09,  1.05it/s]extract:  84%|████████▍ | 48/57 [00:46<00:08,  1.09it/s]extract:  86%|████████▌ | 49/57 [00:47<00:07,  1.12it/s]extract:  88%|████████▊ | 50/57 [00:48<00:06,  1.06it/s]extract:  89%|████████▉ | 51/57 [00:48<00:05,  1.10it/s]extract:  91%|█████████ | 52/57 [00:49<00:04,  1.13it/s]extract:  93%|█████████▎| 53/57 [00:50<00:03,  1.12it/s]extract:  95%|█████████▍| 54/57 [00:51<00:02,  1.14it/s]extract:  96%|█████████▋| 55/57 [00:52<00:01,  1.09it/s]extract:  98%|█████████▊| 56/57 [00:53<00:00,  1.13it/s]extract: 100%|██████████| 57/57 [00:53<00:00,  1.52it/s]extract: 100%|██████████| 57/57 [00:53<00:00,  1.06it/s]
    -> {'top1_accuracy': 0.1990534521158129, 'ci95_low': 0.18624721603563474, 'ci95_high': 0.2121380846325167, 'n_test': 3592, 'n_train_per_class': 1, 'n_classes': 26, 'correct_per_example': [1, 0, 0, 1, 1, 0, 1, 0, 0, 0, 0, 0, 0, 0, 0, 0, 0, 0, 0, 0, 0, 0, 0, 0, 0, 0, 0, 0, 0, 0, 0, 0, 0, 0, 0, 0, 0, 0, 0, 0, 1, 1, 1, 1, 1, 1, 1, 1, 0, 0, 0, 0, 0, 0, 1, 0, 0, 0, 0, 0, 0, 0, 0, 0, 0, 0, 0, 0, 0, 0, 0, 0, 0, 0, 1, 0, 1, 0, 0, 0, 0, 0, 0, 0, 0, 0, 0, 0, 0, 0, 0, 0, 0, 1, 0, 1, 0, 0, 0, 0, 0, 0, 1, 0, 0, 1, 1, 0, 0, 1, 1, 0, 0, 0, 0, 0, 0, 0, 0, 0, 1, 1, 1, 1, 1, 1, 1, 1, 1, 0, 0, 0, 0, 0, 0, 0, 0, 0, 0, 0, 0, 0, 0, 0, 0, 0, 1, 1, 0, 0, 0, 1, 0, 0, 0, 1, 1, 1, 0, 0, 0, 0, 1, 0, 0, 0, 0, 0, 0, 0, 0, 0, 0, 0, 0, 0, 0, 0, 0, 0, 0, 0, 0, 0, 1, 1, 1, 0, 0, 0, 1, 1, 0, 0, 0, 0, 0, 0, 0, 0, 0, 0, 0, 0, 0, 0, 0, 0, 0, 0, 0, 0, 0, 0, 0, 1, 0, 1, 0, 0, 0, 0, 0, 0, 0, 0, 0, 0, 0, 0, 0, 0, 1, 1, 1, 1, 1, 0, 1, 0, 0, 0, 0, 0, 0, 0, 0, 0, 0, 1, 1, 1, 1, 0, 1, 0, 0, 1, 0, 0, 0, 1, 1, 0, 1, 0, 0, 0, 0, 1, 0, 1, 0, 1, 0, 0, 0, 0, 0, 0, 0, 0, 0, 0, 0, 0, 0, 0, 0, 0, 0, 0, 0, 0, 0, 0, 0, 0, 0, 0, 0, 0, 0, 0, 1, 1, 0, 0, 0, 0, 0, 1, 1, 1, 0, 0, 1, 1, 0, 1, 1, 1, 1, 1, 1, 1, 1, 1, 0, 1, 1, 1, 1, 0, 1, 1, 0, 0, 0, 1, 0, 0, 0, 0, 0, 0, 0, 0, 0, 0, 0, 0, 0, 0, 0, 0, 1, 0, 0, 0, 0, 1, 0, 0, 0, 0, 1, 0, 0, 1, 1, 1, 0, 1, 0, 0, 0, 1, 1, 1, 1, 0, 0, 0, 0, 1, 1, 0, 0, 0, 0, 0, 0, 0, 0, 0, 0, 0, 0, 0, 0, 0, 0, 0, 0, 0, 0, 0, 0, 0, 0, 0, 0, 0, 0, 0, 0, 0, 0, 0, 0, 0, 0, 0, 0, 0, 0, 0, 0, 0, 0, 0, 0, 1, 1, 0, 1, 1, 0, 1, 0, 0, 1, 0, 1, 0, 1, 0, 0, 0, 1, 0, 0, 0, 0, 0, 0, 0, 0, 0, 0, 0, 0, 0, 1, 0, 0, 1, 1, 1, 1, 1, 0, 0, 0, 0, 0, 0, 0, 0, 0, 0, 0, 1, 0, 0, 0, 0, 0, 0, 0, 0, 0, 0, 0, 1, 1, 0, 1, 0, 0, 0, 1, 0, 0, 0, 0, 0, 0, 0, 0, 0, 0, 0, 0, 0, 0, 0, 0, 0, 0, 0, 1, 1, 1, 1, 1, 1, 0, 0, 0, 1, 0, 0, 1, 0, 0, 0, 1, 1, 1, 1, 1, 0, 0, 0, 0, 0, 0, 0, 1, 0, 0, 0, 1, 0, 1, 0, 0, 0, 0, 0, 0, 0, 0, 1, 0, 0, 0, 0, 0, 0, 0, 0, 0, 0, 0, 0, 0, 0, 0, 0, 0, 0, 0, 0, 0, 0, 0, 0, 0, 0, 0, 0, 0, 0, 0, 0, 0, 0, 0, 0, 0, 0, 0, 0, 1, 1, 0, 0, 0, 0, 0, 0, 0, 0, 0, 0, 0, 0, 0, 0, 0, 0, 0, 0, 1, 1, 0, 0, 0, 0, 0, 0, 0, 1, 0, 0, 1, 0, 0, 0, 0, 0, 1, 0, 0, 0, 0, 0, 0, 0, 1, 0, 0, 0, 0, 0, 0, 0, 0, 0, 0, 0, 0, 0, 1, 0, 0, 0, 0, 0, 1, 1, 1, 1, 1, 1, 1, 1, 0, 1, 0, 1, 0, 0, 0, 1, 0, 0, 0, 0, 0, 0, 0, 0, 0, 1, 1, 0, 0, 0, 0, 0, 0, 0, 0, 0, 0, 0, 0, 1, 0, 0, 0, 0, 0, 0, 0, 0, 1, 1, 0, 1, 1, 1, 1, 1, 0, 0, 0, 0, 0, 0, 0, 0, 0, 0, 0, 0, 0, 0, 0, 0, 0, 1, 0, 0, 0, 0, 0, 0, 0, 0, 0, 0, 0, 0, 0, 0, 0, 0, 0, 0, 0, 0, 0, 0, 0, 0, 0, 0, 0, 0, 0, 0, 0, 1, 0, 0, 0, 0, 0, 0, 0, 0, 0, 0, 0, 0, 0, 0, 0, 0, 0, 0, 0, 0, 0, 0, 0, 0, 0, 0, 0, 0, 0, 0, 0, 0, 0, 1, 1, 1, 1, 1, 0, 0, 0, 0, 0, 0, 0, 0, 0, 0, 0, 0, 0, 0, 0, 0, 1, 1, 1, 1, 1, 1, 1, 1, 0, 0, 0, 1, 0, 0, 0, 0, 0, 0, 0, 0, 0, 0, 0, 0, 0, 0, 0, 0, 0, 0, 0, 0, 0, 0, 0, 0, 0, 0, 0, 0, 1, 1, 1, 1, 1, 1, 1, 1, 0, 0, 0, 0, 0, 0, 0, 0, 0, 1, 0, 0, 0, 0, 0, 0, 0, 0, 0, 0, 0, 0, 0, 0, 0, 0, 0, 0, 1, 1, 0, 0, 0, 0, 0, 0, 0, 0, 0, 0, 1, 1, 0, 0, 0, 0, 1, 0, 1, 0, 0, 0, 0, 0, 0, 1, 1, 0, 0, 1, 1, 1, 1, 1, 0, 1, 0, 1, 0, 0, 0, 0, 0, 0, 0, 1, 0, 0, 0, 0, 0, 0, 0, 0, 0, 1, 0, 0, 0, 0, 0, 0, 0, 0, 0, 0, 0, 0, 0, 0, 0, 0, 0, 0, 0, 0, 0, 0, 0, 0, 0, 0, 0, 1, 0, 1, 1, 0, 0, 1, 0, 0, 0, 0, 0, 1, 0, 0, 0, 0, 0, 0, 0, 0, 0, 0, 0, 0, 0, 0, 0, 0, 0, 0, 0, 0, 0, 0, 0, 0, 0, 0, 1, 1, 1, 1, 1, 1, 1, 1, 0, 0, 0, 0, 0, 0, 0, 0, 0, 1, 1, 0, 1, 1, 1, 1, 0, 0, 0, 1, 0, 1, 0, 0, 0, 0, 0, 0, 0, 0, 0, 0, 0, 0, 0, 0, 0, 0, 0, 0, 1, 0, 0, 0, 1, 1, 0, 0, 0, 0, 0, 0, 0, 0, 0, 0, 0, 0, 0, 0, 0, 0, 0, 0, 1, 1, 1, 1, 1, 1, 1, 0, 0, 0, 0, 0, 0, 0, 1, 0, 0, 0, 0, 0, 0, 0, 0, 0, 0, 0, 0, 0, 0, 0, 0, 0, 0, 0, 1, 0, 1, 1, 0, 0, 0, 0, 0, 0, 0, 0, 0, 0, 0, 1, 0, 1, 0, 0, 0, 0, 0, 0, 0, 0, 0, 0, 0, 0, 0, 0, 0, 0, 0, 0, 0, 1, 0, 0, 0, 0, 1, 0, 1, 0, 0, 1, 0, 0, 1, 1, 1, 1, 0, 0, 0, 0, 0, 0, 0, 0, 1, 0, 0, 0, 0, 0, 0, 0, 0, 0, 1, 0, 1, 1, 1, 0, 0, 0, 0, 0, 1, 0, 1, 1, 0, 0, 0, 0, 0, 0, 0, 0, 1, 0, 1, 0, 1, 1, 1, 1, 0, 0, 0, 0, 0, 0, 0, 0, 1, 0, 0, 0, 0, 0, 0, 0, 0, 0, 0, 0, 0, 0, 0, 0, 0, 0, 0, 1, 0, 0, 0, 0, 0, 0, 0, 0, 0, 0, 0, 0, 0, 1, 0, 0, 0, 1, 0, 0, 0, 0, 1, 1, 1, 1, 0, 0, 0, 0, 1, 0, 1, 0, 1, 1, 0, 0, 0, 0, 0, 0, 0, 0, 0, 0, 0, 0, 0, 0, 0, 0, 0, 0, 0, 0, 0, 0, 0, 0, 0, 0, 0, 0, 0, 1, 0, 0, 1, 0, 1, 1, 0, 1, 1, 1, 0, 0, 0, 0, 0, 0, 0, 0, 0, 0, 0, 0, 0, 0, 0, 0, 0, 0, 0, 0, 0, 0, 0, 0, 0, 0, 0, 0, 0, 0, 0, 0, 1, 1, 1, 0, 0, 0, 1, 0, 0, 0, 0, 0, 0, 0, 0, 0, 0, 0, 0, 0, 0, 0, 0, 0, 0, 0, 0, 0, 0, 0, 0, 0, 0, 0, 0, 1, 0, 0, 0, 0, 0, 0, 0, 0, 0, 0, 0, 0, 1, 0, 1, 0, 0, 0, 1, 0, 0, 0, 0, 0, 0, 0, 0, 0, 0, 0, 0, 0, 0, 1, 0, 1, 0, 0, 0, 0, 0, 0, 1, 0, 0, 0, 0, 0, 1, 0, 1, 0, 1, 0, 1, 1, 1, 0, 1, 1, 0, 0, 0, 0, 0, 0, 0, 0, 1, 1, 1, 1, 1, 1, 1, 1, 0, 0, 0, 0, 1, 1, 0, 0, 0, 0, 0, 1, 0, 0, 0, 0, 1, 0, 0, 0, 0, 0, 0, 0, 0, 0, 0, 0, 0, 0, 0, 0, 1, 1, 0, 0, 0, 0, 0, 0, 0, 0, 0, 0, 0, 1, 1, 0, 0, 1, 0, 0, 0, 0, 0, 0, 0, 0, 0, 0, 0, 0, 0, 0, 0, 0, 0, 1, 1, 0, 0, 0, 1, 1, 0, 0, 0, 0, 0, 0, 0, 0, 0, 0, 0, 0, 0, 0, 0, 0, 0, 0, 0, 0, 1, 1, 1, 1, 1, 1, 1, 0, 1, 1, 1, 0, 1, 1, 0, 1, 1, 1, 0, 0, 0, 0, 0, 0, 0, 0, 0, 0, 0, 0, 0, 0, 0, 0, 0, 0, 0, 1, 0, 1, 1, 0, 0, 0, 0, 0, 0, 0, 0, 0, 0, 0, 0, 0, 0, 0, 0, 0, 0, 0, 0, 0, 0, 0, 0, 1, 1, 0, 0, 1, 0, 0, 0, 0, 0, 1, 0, 0, 0, 1, 0, 1, 0, 1, 0, 0, 0, 0, 1, 1, 0, 0, 0, 0, 0, 0, 0, 0, 0, 0, 0, 0, 0, 0, 0, 0, 0, 0, 0, 0, 0, 0, 0, 0, 0, 0, 0, 0, 1, 0, 0, 0, 0, 0, 0, 1, 1, 1, 1, 0, 0, 0, 0, 0, 0, 0, 0, 0, 0, 0, 0, 0, 0, 0, 0, 0, 0, 0, 0, 0, 0, 0, 0, 0, 0, 0, 1, 0, 0, 0, 0, 1, 0, 0, 0, 0, 0, 0, 0, 1, 1, 1, 0, 0, 0, 1, 0, 0, 0, 0, 1, 1, 0, 0, 1, 0, 0, 0, 0, 0, 0, 0, 0, 0, 0, 1, 0, 0, 0, 0, 0, 1, 0, 0, 0, 1, 0, 0, 0, 0, 1, 0, 1, 0, 1, 1, 1, 1, 0, 0, 0, 0, 0, 0, 0, 1, 1, 1, 1, 0, 0, 0, 0, 0, 0, 0, 0, 1, 0, 0, 0, 0, 0, 0, 0, 0, 0, 0, 0, 0, 0, 1, 0, 1, 0, 1, 0, 1, 0, 0, 0, 0, 0, 0, 0, 0, 0, 1, 0, 0, 0, 0, 1, 1, 0, 0, 0, 0, 1, 0, 0, 0, 0, 0, 0, 0, 0, 0, 0, 0, 0, 0, 0, 0, 0, 0, 0, 0, 0, 0, 0, 0, 1, 0, 0, 0, 0, 0, 0, 0, 0, 0, 0, 0, 0, 0, 0, 0, 0, 0, 0, 0, 0, 0, 0, 0, 0, 0, 0, 0, 1, 1, 1, 1, 1, 0, 0, 1, 1, 0, 0, 0, 0, 0, 0, 0, 0, 0, 0, 0, 0, 0, 0, 1, 0, 1, 0, 1, 1, 0, 1, 0, 0, 1, 1, 1, 1, 1, 0, 1, 0, 0, 0, 0, 1, 0, 0, 0, 0, 0, 0, 1, 0, 0, 1, 0, 0, 0, 0, 0, 0, 0, 0, 0, 1, 1, 1, 1, 1, 1, 0, 0, 0, 0, 1, 0, 1, 0, 0, 0, 1, 0, 0, 1, 1, 1, 1, 0, 0, 0, 0, 0, 0, 0, 0, 0, 0, 0, 0, 0, 0, 0, 0, 0, 1, 0, 0, 1, 1, 1, 1, 0, 0, 0, 0, 0, 0, 0, 0, 0, 1, 1, 1, 1, 1, 1, 1, 1, 0, 0, 1, 0, 1, 1, 1, 1, 0, 0, 0, 1, 0, 0, 1, 0, 0, 0, 0, 0, 0, 0, 0, 0, 0, 0, 0, 0, 0, 0, 0, 0, 0, 0, 0, 0, 0, 0, 1, 0, 0, 1, 1, 1, 0, 1, 1, 1, 0, 0, 0, 1, 0, 0, 0, 0, 0, 0, 0, 1, 0, 0, 0, 0, 1, 0, 0, 0, 0, 0, 0, 1, 0, 0, 0, 0, 0, 0, 0, 0, 0, 0, 0, 1, 0, 0, 0, 0, 0, 0, 0, 0, 0, 0, 0, 0, 0, 0, 1, 0, 0, 0, 0, 0, 0, 0, 1, 0, 0, 1, 0, 0, 0, 0, 1, 0, 0, 0, 0, 0, 0, 1, 1, 0, 0, 0, 0, 0, 0, 0, 1, 1, 0, 0, 0, 0, 0, 0, 0, 1, 0, 0, 0, 0, 1, 1, 1, 1, 1, 1, 1, 1, 1, 1, 1, 1, 1, 0, 1, 1, 0, 0, 0, 0, 0, 0, 1, 1, 0, 1, 0, 1, 0, 0, 0, 0, 0, 0, 0, 0, 0, 0, 0, 0, 1, 0, 1, 1, 1, 0, 1, 1, 0, 0, 0, 0, 1, 0, 0, 0, 1, 1, 1, 1, 0, 1, 1, 1, 0, 0, 0, 0, 0, 0, 1, 0, 0, 0, 0, 0, 0, 0, 0, 0, 0, 0, 0, 0, 0, 1, 0, 0, 0, 0, 0, 0, 0, 0, 0, 0, 0, 0, 0, 0, 0, 0, 0, 0, 0, 0, 0, 0, 0, 0, 1, 0, 0, 0, 0, 0, 0, 0, 0, 1, 0, 0, 0, 1, 1, 0, 1, 0, 0, 1, 1, 1, 1, 1, 1, 0, 0, 0, 0, 0, 0, 0, 0, 0, 1, 1, 0, 0, 0, 0, 0, 1, 0, 1, 0, 0, 0, 0, 0, 0, 0, 0, 0, 0, 0, 1, 0, 1, 0, 0, 0, 0, 0, 1, 1, 0, 1, 1, 1, 1, 0, 0, 1, 1, 0, 0, 0, 0, 0, 0, 0, 0, 0, 0, 0, 0, 1, 0, 0, 0, 0, 0, 1, 0, 0, 0, 0, 0, 0, 0, 0, 1, 0, 0, 0, 0, 0, 0, 0, 0, 0, 0, 0, 0, 0, 0, 0, 0, 0, 0, 0, 0, 0, 0, 0, 0, 0, 0, 0, 0, 0, 0, 0, 0, 0, 0, 0, 0, 0, 0, 0, 0, 0, 0, 0, 0, 1, 0, 0, 0, 0, 1, 0, 0, 1, 0, 0, 0, 0, 0, 0, 0, 0, 0, 0, 1, 1, 0, 1, 0, 0, 1, 0, 1, 1, 1, 0, 0, 0, 0, 0, 0, 0, 0, 1, 0, 0, 0, 0, 0, 0, 0, 0, 0, 0, 0, 0, 0, 0, 0, 0, 0, 0, 0, 0, 0, 0, 0, 0, 0, 0, 0, 0, 0, 0, 0, 1, 0, 0, 0, 0, 0, 0, 0, 0, 0, 0, 0, 0, 0, 1, 1, 0, 0, 0, 0, 0, 0, 0, 0, 0, 1, 1, 0, 0, 0, 0, 0, 0, 0, 0, 0, 0, 0, 0, 0, 0, 0, 0, 0, 0, 0, 0, 0, 0, 0, 0, 1, 0, 0, 0, 0, 0, 0, 0, 0, 0, 0, 0, 0, 0, 0, 1, 0, 0, 0, 0, 0, 0, 1, 0, 0, 0, 1, 0, 0, 0, 0, 0, 0, 0, 1, 0, 0, 0, 0, 0, 0, 0, 0, 0, 0, 0, 0, 0, 0, 0, 0, 0, 0, 0, 0, 0, 0, 0, 0, 0, 0, 0, 0, 0, 0, 0, 0, 0, 0, 0, 0, 0, 1, 0, 0, 0, 0, 0, 0, 0, 0, 1, 0, 0, 0, 0, 0, 0, 0, 0, 0, 0, 0, 0, 0, 0, 0, 0, 0, 0, 1, 0, 0, 1, 1, 1, 0, 0, 1, 1, 0, 1, 1, 0, 0, 1, 1, 0, 1, 0, 1, 0, 0, 0, 0, 0, 1, 1, 0, 0, 0, 1, 0, 0, 1, 0, 0, 0, 0, 0, 1, 0, 1, 0, 0, 1, 0, 0, 0, 0, 0, 0, 0, 0, 0, 0, 0, 0, 0, 0, 1, 0, 0, 0, 0, 0, 0, 0, 0, 0, 0, 0, 0, 0, 0, 0, 0, 0, 0, 0, 0, 0, 0, 1, 0, 0, 0, 1, 0, 0, 0, 0, 0, 0, 0, 0, 0, 0, 0, 0, 1, 1, 0, 1, 0, 1, 0, 0, 1, 0, 0, 0, 0, 0, 0, 0, 0, 0, 0, 0, 0, 0, 0, 0, 0, 0, 0, 0, 0, 0, 0, 1, 0, 1, 0, 0, 0, 0, 0, 0, 0, 0, 0, 0, 1, 0, 0, 0, 0, 0, 0, 0, 0, 0, 0, 0, 0, 0, 0, 0, 1, 1, 0, 0, 0, 0, 0, 0, 0, 0, 0, 0, 0, 0, 0, 0, 0, 0, 0, 0, 0, 0, 0, 0, 0, 0, 0, 0, 0, 0, 0, 0, 0, 0, 0, 0, 0, 0, 0, 0, 0, 0, 0, 0, 0, 0, 0, 0, 0, 0, 1, 0, 0, 0, 1, 0, 0, 0, 0, 0, 0, 0, 0, 0, 0, 0, 0, 0, 0, 0, 0, 0, 0, 0, 0, 0, 0, 0, 0, 0, 0, 0, 0, 0, 0, 0, 0, 0, 0, 0, 0, 0, 0, 0, 0, 0, 0, 0, 0, 0, 0, 0, 1, 1, 0, 0, 0, 0, 0, 0, 0, 0, 0, 0, 0, 0, 0, 0, 0, 0, 0, 0, 0, 0, 0, 0, 0, 0, 0, 0, 0, 0, 0, 0, 0, 0, 0, 0, 0, 0, 0, 0, 0, 0, 0, 0, 0, 0, 0, 0, 0, 0, 0, 0, 0, 1, 1, 1, 1, 1, 1, 1, 1, 0, 0, 0, 0, 0, 0, 0, 0, 0, 0, 0, 0, 0, 0, 0, 0, 1, 0, 0, 0, 0, 1, 1, 0, 0, 0, 0, 0, 0, 0, 0, 0, 0, 0, 0, 0, 0, 0, 0, 0, 0, 0, 0, 0, 0, 0, 0, 0, 0, 0, 0, 0, 0, 0, 0, 0, 0, 0, 1, 0, 0, 0, 0, 0, 0, 0, 0, 0, 0, 0, 0, 0, 0, 0, 0, 1, 0, 1, 0, 0, 0, 0, 0, 0, 0, 0, 0, 0, 0, 0, 0, 0, 0, 0, 0, 0, 0, 0, 0, 0, 1, 0, 0, 0, 1, 0, 1, 0, 1, 1, 0, 0, 0, 0, 0, 1, 1, 0, 0, 0, 0, 0, 0, 0, 1, 0, 0, 0, 0, 0, 0, 0, 0, 0, 0, 0, 0, 0, 0, 0, 0, 0, 1, 0, 0, 0, 0, 0, 0, 0, 0, 0, 1, 1, 1, 1, 0, 0, 1, 1, 0, 0, 0, 0, 0, 0, 0, 0, 0, 0, 0, 0, 0, 0, 0, 0, 0, 0, 0, 0, 0, 0, 0, 0, 1, 0, 0, 0, 0, 0, 0, 0, 0, 0, 0, 1, 0, 0, 0, 1, 1, 1, 0, 1, 0, 1, 0, 0, 0, 0, 0, 1, 0, 1, 0, 0, 0, 0, 0, 0, 0, 0, 0, 0, 0, 0, 0, 1, 1, 1, 1, 1, 1, 0, 0, 0, 1, 1, 0, 0, 1, 0, 0, 0, 0, 0, 0, 0, 0, 1, 1, 1, 1, 1, 1, 1, 1, 1, 1, 1, 1, 1, 0, 0, 0, 1, 1, 1, 1, 0, 1, 0, 0, 0, 0, 0, 0, 0, 0, 0, 1, 0, 0, 0, 0, 0, 0, 0, 0, 0, 0, 0, 0, 1, 0, 0, 1, 1, 0, 0, 0, 0, 0, 0, 0, 1, 0, 0, 1, 0, 0, 0, 1, 1, 1, 0, 0, 1, 1, 0, 0, 1, 0, 0, 1, 0, 1, 0, 0, 0, 0, 0, 1, 0, 0, 0, 1, 0, 0, 0, 0, 0, 0, 0, 1, 0, 1, 1, 1, 0, 1, 1, 0, 1, 0, 0, 0, 0, 0, 0, 0, 0, 0, 0, 0, 0, 0, 0, 0, 0, 0, 0, 0, 0, 0, 0, 0, 0, 1, 0, 0, 0, 1, 1, 1, 0, 0, 1, 0, 0, 1, 0, 0, 0, 0, 0, 0, 0, 0, 0, 0, 0, 0, 0, 0, 0, 0, 0, 0, 0, 0, 0, 0, 0, 0, 0, 0, 0, 0, 0, 0, 0, 0, 0, 0, 0, 0, 0, 0, 0, 0, 0, 0, 0, 0, 0, 1, 1, 0, 0, 0, 0, 0, 0, 0, 0, 0, 0, 1, 0, 0, 0, 0, 0, 1, 0, 0, 1, 1, 0, 0, 0, 0, 1, 0, 1, 0, 0, 0, 0, 0, 0, 0, 0, 0, 0, 0, 0, 1, 0, 0, 0, 0, 0, 0, 0, 0, 0, 0, 0, 0, 0, 0, 0, 0, 0, 0, 0, 0, 1, 0, 1, 0, 0, 0, 0, 0, 1, 0, 1, 1, 0, 0, 0, 0, 0, 0, 0, 0, 0, 0, 1, 1, 0, 1, 0, 0, 0, 0, 0, 0, 0, 0, 0, 1, 0, 1, 0, 0, 1, 1, 1, 0, 1, 0, 0, 0, 0, 0, 0, 0, 0, 0, 0, 0, 1, 0, 0, 0, 1, 0, 0, 0, 0, 0, 0, 0, 0, 0, 0, 0, 0, 0, 0, 0, 0, 0, 1, 0, 0, 0, 0, 0, 1, 0, 0, 0, 0, 0, 0, 0, 0, 0, 0, 0, 0, 0, 0, 0, 1, 1, 1, 0, 1, 1, 1, 0, 1]}
  [dataset] imagenet_val_20_easy
extract:   0%|          | 0/1 [00:00<?, ?it/s]extract: 100%|██████████| 1/1 [00:00<00:00,  3.39it/s]extract: 100%|██████████| 1/1 [00:00<00:00,  3.38it/s]
extract:   0%|          | 0/8 [00:00<?, ?it/s]extract:  12%|█▎        | 1/8 [00:00<00:05,  1.32it/s]extract:  25%|██▌       | 2/8 [00:01<00:04,  1.50it/s]extract:  38%|███▊      | 3/8 [00:02<00:03,  1.52it/s]extract:  50%|█████     | 4/8 [00:02<00:02,  1.57it/s]extract:  62%|██████▎   | 5/8 [00:03<00:01,  1.63it/s]extract:  75%|███████▌  | 6/8 [00:03<00:01,  1.65it/s]extract:  88%|████████▊ | 7/8 [00:04<00:00,  1.72it/s]extract: 100%|██████████| 8/8 [00:04<00:00,  1.80it/s]extract: 100%|██████████| 8/8 [00:04<00:00,  1.66it/s]
    -> {'top1_accuracy': 0.876, 'ci95_low': 0.848, 'ci95_high': 0.906, 'n_test': 500, 'n_train_per_class': 1, 'n_classes': 20, 'correct_per_example': [0, 0, 0, 1, 1, 0, 1, 0, 0, 0, 1, 0, 1, 1, 1, 0, 1, 0, 0, 0, 1, 0, 1, 1, 0, 1, 1, 1, 1, 1, 1, 1, 1, 1, 1, 1, 1, 1, 1, 1, 1, 1, 1, 1, 1, 1, 1, 1, 1, 1, 1, 1, 1, 1, 1, 1, 1, 1, 1, 1, 1, 1, 1, 1, 1, 1, 1, 1, 1, 1, 1, 1, 1, 1, 1, 1, 1, 1, 1, 1, 1, 1, 1, 0, 0, 1, 1, 1, 0, 1, 1, 1, 1, 1, 0, 1, 1, 1, 1, 0, 1, 0, 1, 0, 1, 0, 1, 0, 0, 1, 0, 1, 1, 1, 1, 0, 0, 1, 1, 0, 0, 1, 0, 0, 0, 1, 1, 1, 1, 1, 1, 1, 1, 0, 1, 1, 1, 1, 1, 1, 1, 1, 1, 1, 1, 1, 1, 1, 1, 1, 1, 1, 1, 1, 1, 1, 1, 1, 1, 1, 1, 1, 1, 1, 1, 1, 1, 1, 1, 1, 1, 1, 1, 1, 1, 1, 1, 1, 1, 1, 1, 1, 1, 1, 1, 1, 1, 1, 1, 1, 1, 1, 1, 1, 1, 1, 1, 1, 1, 1, 1, 1, 1, 1, 1, 1, 1, 1, 1, 1, 1, 1, 1, 1, 1, 1, 1, 1, 1, 1, 1, 1, 1, 1, 1, 1, 1, 1, 1, 1, 1, 1, 1, 1, 1, 1, 1, 1, 1, 1, 1, 1, 1, 1, 1, 1, 1, 1, 1, 1, 1, 1, 1, 1, 1, 1, 1, 1, 1, 1, 1, 1, 1, 1, 1, 1, 1, 1, 1, 1, 1, 1, 1, 1, 1, 1, 0, 1, 0, 1, 1, 1, 1, 1, 1, 0, 0, 1, 1, 1, 1, 1, 1, 1, 1, 1, 1, 1, 1, 1, 1, 1, 1, 1, 1, 1, 1, 1, 1, 1, 1, 1, 1, 1, 1, 1, 1, 1, 1, 1, 1, 1, 1, 1, 1, 1, 1, 1, 1, 1, 1, 1, 1, 1, 1, 1, 0, 1, 1, 1, 1, 1, 1, 1, 1, 1, 1, 1, 1, 1, 1, 1, 1, 1, 1, 1, 0, 1, 1, 1, 1, 1, 1, 1, 1, 1, 1, 1, 1, 1, 0, 1, 1, 1, 1, 1, 1, 1, 1, 1, 1, 1, 1, 1, 1, 1, 1, 1, 1, 1, 1, 1, 1, 1, 1, 1, 1, 1, 1, 1, 0, 1, 0, 0, 0, 1, 0, 0, 0, 0, 1, 0, 0, 0, 0, 1, 0, 0, 0, 0, 0, 0, 0, 0, 0, 1, 1, 1, 1, 1, 1, 1, 1, 1, 1, 1, 1, 1, 1, 1, 1, 1, 1, 1, 1, 1, 1, 1, 1, 1, 1, 1, 1, 1, 1, 1, 1, 1, 1, 1, 1, 1, 1, 1, 1, 1, 1, 1, 1, 1, 1, 1, 1, 1, 1, 1, 1, 1, 1, 1, 1, 1, 1, 1, 1, 1, 0, 1, 1, 1, 1, 1, 1, 1, 1, 1, 1, 1, 1, 1]}
  [dataset] imagenet_val_20_hard
extract:   0%|          | 0/1 [00:00<?, ?it/s]extract: 100%|██████████| 1/1 [00:00<00:00,  4.81it/s]extract: 100%|██████████| 1/1 [00:00<00:00,  4.80it/s]
extract:   0%|          | 0/8 [00:00<?, ?it/s]extract:  12%|█▎        | 1/8 [00:00<00:04,  1.59it/s]extract:  25%|██▌       | 2/8 [00:01<00:03,  1.71it/s]extract:  38%|███▊      | 3/8 [00:01<00:02,  1.72it/s]extract:  50%|█████     | 4/8 [00:02<00:02,  1.76it/s]extract:  62%|██████▎   | 5/8 [00:02<00:01,  1.78it/s]extract:  75%|███████▌  | 6/8 [00:03<00:01,  1.82it/s]extract:  88%|████████▊ | 7/8 [00:03<00:00,  1.84it/s]extract: 100%|██████████| 8/8 [00:04<00:00,  1.96it/s]extract: 100%|██████████| 8/8 [00:04<00:00,  1.84it/s]
    -> {'top1_accuracy': 0.928, 'ci95_low': 0.906, 'ci95_high': 0.95, 'n_test': 500, 'n_train_per_class': 1, 'n_classes': 20, 'correct_per_example': [1, 1, 1, 1, 1, 1, 1, 0, 1, 1, 1, 1, 1, 1, 1, 1, 1, 1, 0, 0, 1, 1, 1, 1, 1, 1, 1, 1, 1, 1, 1, 1, 1, 1, 1, 1, 1, 1, 1, 1, 1, 1, 1, 1, 1, 1, 1, 1, 1, 1, 1, 1, 1, 1, 1, 1, 1, 1, 1, 1, 1, 1, 1, 1, 1, 1, 1, 1, 1, 1, 1, 1, 1, 1, 1, 1, 1, 1, 1, 1, 1, 1, 1, 1, 1, 1, 1, 1, 1, 1, 1, 1, 1, 1, 1, 1, 1, 1, 1, 1, 1, 1, 1, 0, 1, 1, 1, 1, 1, 1, 1, 1, 1, 1, 1, 1, 1, 1, 1, 1, 1, 1, 1, 1, 1, 1, 1, 1, 1, 1, 1, 1, 1, 1, 1, 1, 0, 1, 1, 1, 1, 1, 1, 1, 1, 1, 1, 0, 1, 1, 1, 1, 1, 1, 1, 1, 1, 1, 1, 1, 0, 1, 1, 1, 1, 1, 1, 1, 1, 1, 1, 1, 1, 1, 1, 1, 1, 1, 1, 1, 1, 1, 1, 1, 1, 1, 1, 1, 1, 1, 1, 1, 1, 1, 1, 1, 1, 1, 1, 1, 1, 1, 1, 0, 1, 1, 1, 1, 1, 1, 1, 1, 1, 1, 1, 1, 1, 1, 1, 1, 1, 1, 1, 1, 1, 1, 1, 1, 1, 1, 1, 1, 1, 1, 1, 1, 1, 1, 1, 1, 1, 1, 1, 1, 1, 1, 1, 1, 1, 1, 1, 1, 1, 1, 1, 1, 1, 1, 1, 1, 1, 1, 1, 1, 1, 1, 1, 0, 1, 1, 1, 1, 1, 1, 1, 1, 1, 1, 1, 1, 1, 1, 1, 0, 1, 1, 1, 1, 1, 0, 1, 1, 1, 1, 1, 1, 1, 1, 1, 1, 1, 1, 1, 1, 1, 1, 1, 1, 1, 1, 1, 1, 1, 1, 1, 1, 1, 1, 1, 1, 1, 1, 1, 1, 1, 1, 1, 1, 1, 1, 1, 1, 1, 1, 1, 1, 1, 1, 1, 1, 1, 1, 1, 1, 1, 1, 1, 1, 1, 1, 1, 1, 1, 1, 1, 1, 1, 1, 1, 1, 1, 1, 1, 1, 1, 1, 1, 1, 1, 1, 1, 1, 1, 1, 1, 0, 1, 1, 1, 1, 1, 1, 1, 1, 1, 1, 1, 1, 1, 1, 1, 1, 1, 1, 1, 1, 1, 1, 1, 0, 1, 0, 1, 0, 1, 0, 1, 1, 0, 1, 0, 0, 1, 0, 0, 1, 1, 0, 1, 0, 0, 1, 0, 0, 0, 0, 1, 1, 1, 1, 1, 1, 0, 1, 1, 1, 1, 1, 1, 1, 1, 1, 1, 0, 1, 1, 1, 1, 1, 1, 0, 0, 1, 0, 1, 1, 1, 1, 1, 1, 1, 1, 1, 1, 0, 1, 1, 1, 1, 1, 1, 0, 1, 1, 0, 1, 1, 1, 1, 1, 1, 1, 1, 1, 1, 1, 1, 1, 1, 1, 1, 1, 1, 1, 1, 1, 1, 1, 1, 1]}
  [dataset] fashion_mnist_ood
extract:   0%|          | 0/938 [00:00<?, ?it/s]extract:   0%|          | 1/938 [00:00<03:53,  4.01it/s]extract:   0%|          | 2/938 [00:00<03:59,  3.91it/s]extract:   0%|          | 3/938 [00:00<03:57,  3.93it/s]extract:   0%|          | 4/938 [00:01<04:02,  3.85it/s]extract:   1%|          | 5/938 [00:01<03:53,  3.99it/s]extract:   1%|          | 6/938 [00:01<03:56,  3.93it/s]extract:   1%|          | 7/938 [00:01<03:50,  4.05it/s]extract:   1%|          | 8/938 [00:01<03:39,  4.23it/s]extract:   1%|          | 9/938 [00:02<03:33,  4.35it/s]extract:   1%|          | 10/938 [00:02<03:27,  4.47it/s]extract:   1%|          | 11/938 [00:02<03:27,  4.48it/s]extract:   1%|▏         | 12/938 [00:02<03:22,  4.56it/s]extract:   1%|▏         | 13/938 [00:02<03:09,  4.89it/s]extract:   1%|▏         | 14/938 [00:03<03:10,  4.84it/s]extract:   2%|▏         | 15/938 [00:03<03:11,  4.83it/s]extract:   2%|▏         | 16/938 [00:03<03:12,  4.79it/s]extract:   2%|▏         | 17/938 [00:03<03:12,  4.78it/s]extract:   2%|▏         | 18/938 [00:04<03:12,  4.78it/s]extract:   2%|▏         | 19/938 [00:04<03:12,  4.78it/s]extract:   2%|▏         | 20/938 [00:04<03:00,  5.07it/s]extract:   2%|▏         | 21/938 [00:04<03:03,  5.00it/s]extract:   2%|▏         | 22/938 [00:04<03:09,  4.84it/s]extract:   2%|▏         | 23/938 [00:05<03:19,  4.59it/s]extract:   3%|▎         | 24/938 [00:05<03:28,  4.39it/s]extract:   3%|▎         | 25/938 [00:05<03:28,  4.37it/s]extract:   3%|▎         | 26/938 [00:05<03:27,  4.39it/s]extract:   3%|▎         | 27/938 [00:06<03:26,  4.40it/s]extract:   3%|▎         | 28/938 [00:06<03:27,  4.39it/s]extract:   3%|▎         | 29/938 [00:06<03:28,  4.36it/s]extract:   3%|▎         | 30/938 [00:06<03:28,  4.36it/s]extract:   3%|▎         | 31/938 [00:06<03:27,  4.37it/s]extract:   3%|▎         | 32/938 [00:07<03:26,  4.39it/s]extract:   4%|▎         | 33/938 [00:07<03:25,  4.40it/s]extract:   4%|▎         | 34/938 [00:07<03:25,  4.41it/s]extract:   4%|▎         | 35/938 [00:07<03:24,  4.41it/s]extract:   4%|▍         | 36/938 [00:08<03:24,  4.41it/s]extract:   4%|▍         | 37/938 [00:08<03:27,  4.33it/s]extract:   4%|▍         | 38/938 [00:08<03:32,  4.23it/s]extract:   4%|▍         | 39/938 [00:08<03:36,  4.16it/s]extract:   4%|▍         | 40/938 [00:09<03:39,  4.10it/s]extract:   4%|▍         | 41/938 [00:09<03:37,  4.13it/s]extract:   4%|▍         | 42/938 [00:09<03:35,  4.16it/s]extract:   5%|▍         | 43/938 [00:09<03:33,  4.20it/s]extract:   5%|▍         | 44/938 [00:10<03:30,  4.24it/s]extract:   5%|▍         | 45/938 [00:10<03:44,  3.98it/s]extract:   5%|▍         | 46/938 [00:10<03:56,  3.78it/s]extract:   5%|▌         | 47/938 [00:10<04:08,  3.59it/s]extract:   5%|▌         | 48/938 [00:11<04:14,  3.50it/s]extract:   5%|▌         | 49/938 [00:11<04:16,  3.47it/s]extract:   5%|▌         | 50/938 [00:11<04:09,  3.56it/s]extract:   5%|▌         | 51/938 [00:12<04:02,  3.66it/s]extract:   6%|▌         | 52/938 [00:12<03:50,  3.84it/s]extract:   6%|▌         | 53/938 [00:12<03:50,  3.84it/s]extract:   6%|▌         | 54/938 [00:12<03:54,  3.77it/s]extract:   6%|▌         | 55/938 [00:13<04:03,  3.63it/s]extract:   6%|▌         | 56/938 [00:13<04:08,  3.55it/s]extract:   6%|▌         | 57/938 [00:13<04:05,  3.59it/s]extract:   6%|▌         | 58/938 [00:13<04:10,  3.51it/s]extract:   6%|▋         | 59/938 [00:14<04:13,  3.46it/s]extract:   6%|▋         | 60/938 [00:14<04:15,  3.44it/s]extract:   7%|▋         | 61/938 [00:14<04:16,  3.42it/s]extract:   7%|▋         | 62/938 [00:15<04:15,  3.43it/s]extract:   7%|▋         | 63/938 [00:15<04:15,  3.43it/s]extract:   7%|▋         | 64/938 [00:15<04:15,  3.41it/s]extract:   7%|▋         | 65/938 [00:15<04:07,  3.53it/s]extract:   7%|▋         | 66/938 [00:16<04:10,  3.48it/s]extract:   7%|▋         | 67/938 [00:16<04:11,  3.46it/s]extract:   7%|▋         | 68/938 [00:16<04:13,  3.44it/s]extract:   7%|▋         | 69/938 [00:17<04:13,  3.43it/s]extract:   7%|▋         | 70/938 [00:17<04:06,  3.53it/s]extract:   8%|▊         | 71/938 [00:17<04:08,  3.49it/s]extract:   8%|▊         | 72/938 [00:18<04:09,  3.47it/s]extract:   8%|▊         | 73/938 [00:18<04:09,  3.46it/s]extract:   8%|▊         | 74/938 [00:18<04:11,  3.43it/s]extract:   8%|▊         | 75/938 [00:18<04:02,  3.56it/s]extract:   8%|▊         | 76/938 [00:19<04:06,  3.50it/s]extract:   8%|▊         | 77/938 [00:19<04:08,  3.47it/s]extract:   8%|▊         | 78/938 [00:19<04:10,  3.44it/s]extract:   8%|▊         | 79/938 [00:20<04:11,  3.41it/s]extract:   9%|▊         | 80/938 [00:20<04:06,  3.48it/s]extract:   9%|▊         | 81/938 [00:20<04:08,  3.46it/s]extract:   9%|▊         | 82/938 [00:20<04:10,  3.42it/s]extract:   9%|▉         | 83/938 [00:21<04:07,  3.45it/s]extract:   9%|▉         | 84/938 [00:21<04:09,  3.43it/s]extract:   9%|▉         | 85/938 [00:21<04:09,  3.42it/s]extract:   9%|▉         | 86/938 [00:22<04:10,  3.39it/s]extract:   9%|▉         | 87/938 [00:22<04:10,  3.40it/s]extract:   9%|▉         | 88/938 [00:22<04:02,  3.51it/s]extract:   9%|▉         | 89/938 [00:22<04:04,  3.47it/s]extract:  10%|▉         | 90/938 [00:23<04:06,  3.44it/s]extract:  10%|▉         | 91/938 [00:23<04:06,  3.43it/s]extract:  10%|▉         | 92/938 [00:23<04:07,  3.42it/s]extract:  10%|▉         | 93/938 [00:24<04:04,  3.45it/s]extract:  10%|█         | 94/938 [00:24<04:07,  3.41it/s]extract:  10%|█         | 95/938 [00:24<04:07,  3.41it/s]extract:  10%|█         | 96/938 [00:24<04:01,  3.49it/s]extract:  10%|█         | 97/938 [00:25<04:02,  3.46it/s]extract:  10%|█         | 98/938 [00:25<04:00,  3.49it/s]extract:  11%|█         | 99/938 [00:25<04:02,  3.46it/s]extract:  11%|█         | 100/938 [00:26<04:03,  3.44it/s]extract:  11%|█         | 101/938 [00:26<03:57,  3.52it/s]extract:  11%|█         | 102/938 [00:26<04:00,  3.48it/s]extract:  11%|█         | 103/938 [00:26<04:01,  3.46it/s]extract:  11%|█         | 104/938 [00:27<04:03,  3.42it/s]extract:  11%|█         | 105/938 [00:27<04:06,  3.38it/s]extract:  11%|█▏        | 106/938 [00:27<03:56,  3.52it/s]extract:  11%|█▏        | 107/938 [00:28<03:58,  3.48it/s]extract:  12%|█▏        | 108/938 [00:28<04:04,  3.40it/s]extract:  12%|█▏        | 109/938 [00:28<04:04,  3.39it/s]extract:  12%|█▏        | 110/938 [00:29<04:04,  3.39it/s]extract:  12%|█▏        | 111/938 [00:29<03:57,  3.49it/s]extract:  12%|█▏        | 112/938 [00:29<03:58,  3.46it/s]extract:  12%|█▏        | 113/938 [00:29<04:00,  3.43it/s]extract:  12%|█▏        | 114/938 [00:30<03:59,  3.44it/s]extract:  12%|█▏        | 115/938 [00:30<04:01,  3.41it/s]extract:  12%|█▏        | 116/938 [00:30<03:58,  3.45it/s]extract:  12%|█▏        | 117/938 [00:31<03:59,  3.42it/s]extract:  13%|█▎        | 118/938 [00:31<04:00,  3.41it/s]extract:  13%|█▎        | 119/938 [00:31<03:53,  3.50it/s]extract:  13%|█▎        | 120/938 [00:31<03:56,  3.46it/s]extract:  13%|█▎        | 121/938 [00:32<03:53,  3.50it/s]extract:  13%|█▎        | 122/938 [00:32<03:55,  3.47it/s]extract:  13%|█▎        | 123/938 [00:32<03:56,  3.45it/s]extract:  13%|█▎        | 124/938 [00:33<03:52,  3.49it/s]extract:  13%|█▎        | 125/938 [00:33<03:54,  3.47it/s]extract:  13%|█▎        | 126/938 [00:33<03:47,  3.56it/s]extract:  14%|█▎        | 127/938 [00:33<03:50,  3.51it/s]extract:  14%|█▎        | 128/938 [00:34<03:53,  3.47it/s]extract:  14%|█▍        | 129/938 [00:34<03:52,  3.48it/s]extract:  14%|█▍        | 130/938 [00:34<03:53,  3.46it/s]extract:  14%|█▍        | 131/938 [00:35<03:44,  3.59it/s]extract:  14%|█▍        | 132/938 [00:35<03:47,  3.54it/s]extract:  14%|█▍        | 133/938 [00:35<03:50,  3.49it/s]extract:  14%|█▍        | 134/938 [00:35<03:50,  3.49it/s]extract:  14%|█▍        | 135/938 [00:36<03:51,  3.47it/s]extract:  14%|█▍        | 136/938 [00:36<03:50,  3.47it/s]extract:  15%|█▍        | 137/938 [00:36<03:51,  3.47it/s]extract:  15%|█▍        | 138/938 [00:37<03:53,  3.42it/s]extract:  15%|█▍        | 139/938 [00:37<03:45,  3.54it/s]extract:  15%|█▍        | 140/938 [00:37<03:49,  3.47it/s]extract:  15%|█▌        | 141/938 [00:37<03:50,  3.46it/s]extract:  15%|█▌        | 142/938 [00:38<03:47,  3.49it/s]extract:  15%|█▌        | 143/938 [00:38<03:49,  3.46it/s]extract:  15%|█▌        | 144/938 [00:38<03:52,  3.42it/s]extract:  15%|█▌        | 145/938 [00:39<03:53,  3.39it/s]extract:  16%|█▌        | 146/938 [00:39<03:53,  3.39it/s]extract:  16%|█▌        | 147/938 [00:39<03:54,  3.38it/s]extract:  16%|█▌        | 148/938 [00:40<03:54,  3.37it/s]extract:  16%|█▌        | 149/938 [00:40<03:53,  3.38it/s]extract:  16%|█▌        | 150/938 [00:40<03:48,  3.46it/s]extract:  16%|█▌        | 151/938 [00:40<03:49,  3.43it/s]extract:  16%|█▌        | 152/938 [00:41<03:50,  3.41it/s]extract:  16%|█▋        | 153/938 [00:41<03:46,  3.46it/s]extract:  16%|█▋        | 154/938 [00:41<03:49,  3.42it/s]extract:  17%|█▋        | 155/938 [00:42<03:48,  3.43it/s]extract:  17%|█▋        | 156/938 [00:42<03:49,  3.41it/s]extract:  17%|█▋        | 157/938 [00:42<03:49,  3.40it/s]extract:  17%|█▋        | 158/938 [00:42<03:42,  3.50it/s]extract:  17%|█▋        | 159/938 [00:43<03:45,  3.46it/s]extract:  17%|█▋        | 160/938 [00:43<03:47,  3.42it/s]extract:  17%|█▋        | 161/938 [00:43<03:49,  3.39it/s]extract:  17%|█▋        | 162/938 [00:44<03:50,  3.36it/s]extract:  17%|█▋        | 163/938 [00:44<03:42,  3.48it/s]extract:  17%|█▋        | 164/938 [00:44<03:45,  3.43it/s]extract:  18%|█▊        | 165/938 [00:44<03:48,  3.39it/s]extract:  18%|█▊        | 166/938 [00:45<03:47,  3.39it/s]extract:  18%|█▊        | 167/938 [00:45<03:47,  3.39it/s]extract:  18%|█▊        | 168/938 [00:45<03:45,  3.42it/s]extract:  18%|█▊        | 169/938 [00:46<03:45,  3.40it/s]extract:  18%|█▊        | 170/938 [00:46<03:48,  3.37it/s]extract:  18%|█▊        | 171/938 [00:46<03:39,  3.49it/s]extract:  18%|█▊        | 172/938 [00:47<03:42,  3.44it/s]extract:  18%|█▊        | 173/938 [00:47<03:44,  3.41it/s]extract:  19%|█▊        | 174/938 [00:47<03:46,  3.37it/s]extract:  19%|█▊        | 175/938 [00:47<03:46,  3.36it/s]extract:  19%|█▉        | 176/938 [00:48<03:40,  3.46it/s]extract:  19%|█▉        | 177/938 [00:48<03:42,  3.42it/s]extract:  19%|█▉        | 178/938 [00:48<03:43,  3.39it/s]extract:  19%|█▉        | 179/938 [00:49<03:43,  3.40it/s]extract:  19%|█▉        | 180/938 [00:49<03:44,  3.37it/s]extract:  19%|█▉        | 181/938 [00:49<03:42,  3.40it/s]extract:  19%|█▉        | 182/938 [00:49<03:43,  3.38it/s]extract:  20%|█▉        | 183/938 [00:50<03:44,  3.36it/s]extract:  20%|█▉        | 184/938 [00:50<03:36,  3.48it/s]extract:  20%|█▉        | 185/938 [00:50<03:39,  3.43it/s]extract:  20%|█▉        | 186/938 [00:51<03:41,  3.40it/s]extract:  20%|█▉        | 187/938 [00:51<03:42,  3.38it/s]extract:  20%|██        | 188/938 [00:51<03:43,  3.36it/s]extract:  20%|██        | 189/938 [00:52<03:34,  3.48it/s]extract:  20%|██        | 190/938 [00:52<03:37,  3.45it/s]extract:  20%|██        | 191/938 [00:52<03:38,  3.41it/s]extract:  20%|██        | 192/938 [00:52<03:38,  3.41it/s]extract:  21%|██        | 193/938 [00:53<03:40,  3.37it/s]extract:  21%|██        | 194/938 [00:53<03:35,  3.45it/s]extract:  21%|██        | 195/938 [00:53<03:37,  3.41it/s]extract:  21%|██        | 196/938 [00:54<03:38,  3.39it/s]extract:  21%|██        | 197/938 [00:54<03:36,  3.43it/s]extract:  21%|██        | 198/938 [00:54<03:36,  3.42it/s]extract:  21%|██        | 199/938 [00:54<03:30,  3.51it/s]extract:  21%|██▏       | 200/938 [00:55<03:32,  3.47it/s]extract:  21%|██▏       | 201/938 [00:55<03:35,  3.42it/s]extract:  22%|██▏       | 202/938 [00:55<03:33,  3.44it/s]extract:  22%|██▏       | 203/938 [00:56<03:35,  3.40it/s]extract:  22%|██▏       | 204/938 [00:56<03:28,  3.52it/s]extract:  22%|██▏       | 205/938 [00:56<03:31,  3.47it/s]extract:  22%|██▏       | 206/938 [00:56<03:35,  3.40it/s]extract:  22%|██▏       | 207/938 [00:57<03:33,  3.43it/s]extract:  22%|██▏       | 208/938 [00:57<03:35,  3.38it/s]extract:  22%|██▏       | 209/938 [00:57<03:29,  3.48it/s]extract:  22%|██▏       | 210/938 [00:58<03:29,  3.47it/s]extract:  22%|██▏       | 211/938 [00:58<03:32,  3.41it/s]extract:  23%|██▎       | 212/938 [00:58<03:31,  3.44it/s]extract:  23%|██▎       | 213/938 [00:59<03:31,  3.42it/s]extract:  23%|██▎       | 214/938 [00:59<03:26,  3.50it/s]extract:  23%|██▎       | 215/938 [00:59<03:29,  3.46it/s]extract:  23%|██▎       | 216/938 [00:59<03:31,  3.42it/s]extract:  23%|██▎       | 217/938 [01:00<03:27,  3.47it/s]extract:  23%|██▎       | 218/938 [01:00<03:30,  3.42it/s]extract:  23%|██▎       | 219/938 [01:00<03:30,  3.41it/s]extract:  23%|██▎       | 220/938 [01:01<03:28,  3.45it/s]extract:  24%|██▎       | 221/938 [01:01<03:29,  3.43it/s]extract:  24%|██▎       | 222/938 [01:01<03:29,  3.41it/s]extract:  24%|██▍       | 223/938 [01:01<03:28,  3.43it/s]extract:  24%|██▍       | 224/938 [01:02<03:30,  3.38it/s]extract:  24%|██▍       | 225/938 [01:02<03:31,  3.37it/s]extract:  24%|██▍       | 226/938 [01:02<03:30,  3.38it/s]extract:  24%|██▍       | 227/938 [01:03<03:31,  3.36it/s]extract:  24%|██▍       | 228/938 [01:03<03:22,  3.51it/s]extract:  24%|██▍       | 229/938 [01:03<03:17,  3.59it/s]extract:  25%|██▍       | 230/938 [01:03<03:12,  3.68it/s]extract:  25%|██▍       | 231/938 [01:04<03:07,  3.78it/s]extract:  25%|██▍       | 232/938 [01:04<03:04,  3.83it/s]extract:  25%|██▍       | 233/938 [01:04<03:01,  3.88it/s]extract:  25%|██▍       | 234/938 [01:04<03:00,  3.90it/s]extract:  25%|██▌       | 235/938 [01:05<02:59,  3.92it/s]extract:  25%|██▌       | 236/938 [01:05<02:58,  3.94it/s]extract:  25%|██▌       | 237/938 [01:05<02:57,  3.95it/s]extract:  25%|██▌       | 238/938 [01:05<02:57,  3.95it/s]extract:  25%|██▌       | 239/938 [01:06<02:56,  3.95it/s]extract:  26%|██▌       | 240/938 [01:06<02:57,  3.94it/s]extract:  26%|██▌       | 241/938 [01:06<02:56,  3.96it/s]extract:  26%|██▌       | 242/938 [01:06<02:56,  3.94it/s]extract:  26%|██▌       | 243/938 [01:07<02:56,  3.94it/s]extract:  26%|██▌       | 244/938 [01:07<02:56,  3.93it/s]extract:  26%|██▌       | 245/938 [01:07<02:56,  3.93it/s]extract:  26%|██▌       | 246/938 [01:07<02:55,  3.95it/s]extract:  26%|██▋       | 247/938 [01:08<02:46,  4.14it/s]extract:  26%|██▋       | 248/938 [01:08<02:40,  4.31it/s]extract:  27%|██▋       | 249/938 [01:08<02:36,  4.41it/s]extract:  27%|██▋       | 250/938 [01:08<02:34,  4.46it/s]extract:  27%|██▋       | 251/938 [01:09<02:31,  4.53it/s]extract:  27%|██▋       | 252/938 [01:09<02:31,  4.53it/s]extract:  27%|██▋       | 253/938 [01:09<02:30,  4.54it/s]extract:  27%|██▋       | 254/938 [01:09<02:30,  4.55it/s]extract:  27%|██▋       | 255/938 [01:09<02:29,  4.58it/s]extract:  27%|██▋       | 256/938 [01:10<02:30,  4.54it/s]extract:  27%|██▋       | 257/938 [01:10<02:30,  4.53it/s]extract:  28%|██▊       | 258/938 [01:10<02:30,  4.53it/s]extract:  28%|██▊       | 259/938 [01:10<02:29,  4.53it/s]extract:  28%|██▊       | 260/938 [01:10<02:28,  4.58it/s]extract:  28%|██▊       | 261/938 [01:11<02:27,  4.60it/s]extract:  28%|██▊       | 262/938 [01:11<02:26,  4.60it/s]extract:  28%|██▊       | 263/938 [01:11<02:27,  4.58it/s]extract:  28%|██▊       | 264/938 [01:11<02:27,  4.57it/s]extract:  28%|██▊       | 265/938 [01:12<02:27,  4.56it/s]extract:  28%|██▊       | 266/938 [01:12<02:28,  4.53it/s]extract:  28%|██▊       | 267/938 [01:12<02:27,  4.54it/s]extract:  29%|██▊       | 268/938 [01:12<02:27,  4.55it/s]extract:  29%|██▊       | 269/938 [01:12<02:26,  4.55it/s]extract:  29%|██▉       | 270/938 [01:13<02:27,  4.53it/s]extract:  29%|██▉       | 271/938 [01:13<02:27,  4.53it/s]extract:  29%|██▉       | 272/938 [01:13<02:26,  4.55it/s]extract:  29%|██▉       | 273/938 [01:13<02:28,  4.49it/s]extract:  29%|██▉       | 274/938 [01:14<02:28,  4.46it/s]extract:  29%|██▉       | 275/938 [01:14<02:29,  4.42it/s]extract:  29%|██▉       | 276/938 [01:14<02:28,  4.45it/s]extract:  30%|██▉       | 277/938 [01:14<02:27,  4.47it/s]extract:  30%|██▉       | 278/938 [01:14<02:29,  4.41it/s]extract:  30%|██▉       | 279/938 [01:15<02:29,  4.42it/s]extract:  30%|██▉       | 280/938 [01:15<02:28,  4.45it/s]extract:  30%|██▉       | 281/938 [01:15<02:27,  4.47it/s]extract:  30%|███       | 282/938 [01:15<02:26,  4.48it/s]extract:  30%|███       | 283/938 [01:16<02:24,  4.52it/s]extract:  30%|███       | 284/938 [01:16<02:15,  4.82it/s]extract:  30%|███       | 285/938 [01:16<02:09,  5.06it/s]extract:  30%|███       | 286/938 [01:16<02:04,  5.25it/s]extract:  31%|███       | 287/938 [01:16<02:00,  5.39it/s]extract:  31%|███       | 288/938 [01:16<01:57,  5.55it/s]extract:  31%|███       | 289/938 [01:17<01:54,  5.65it/s]extract:  31%|███       | 290/938 [01:17<01:53,  5.69it/s]extract:  31%|███       | 291/938 [01:17<01:52,  5.75it/s]extract:  31%|███       | 292/938 [01:17<01:52,  5.75it/s]extract:  31%|███       | 293/938 [01:17<01:52,  5.76it/s]extract:  31%|███▏      | 294/938 [01:17<01:53,  5.68it/s]extract:  31%|███▏      | 295/938 [01:18<01:55,  5.55it/s]extract:  32%|███▏      | 296/938 [01:18<01:58,  5.41it/s]extract:  32%|███▏      | 297/938 [01:18<01:57,  5.45it/s]extract:  32%|███▏      | 298/938 [01:18<01:56,  5.49it/s]extract:  32%|███▏      | 299/938 [01:18<01:56,  5.48it/s]extract:  32%|███▏      | 300/938 [01:19<01:56,  5.49it/s]extract:  32%|███▏      | 301/938 [01:19<01:55,  5.50it/s]extract:  32%|███▏      | 302/938 [01:19<01:55,  5.53it/s]extract:  32%|███▏      | 303/938 [01:19<01:53,  5.57it/s]extract:  32%|███▏      | 304/938 [01:19<01:54,  5.55it/s]extract:  33%|███▎      | 305/938 [01:19<01:53,  5.58it/s]extract:  33%|███▎      | 306/938 [01:20<01:52,  5.63it/s]extract:  33%|███▎      | 307/938 [01:20<01:51,  5.68it/s]extract:  33%|███▎      | 308/938 [01:20<01:51,  5.67it/s]extract:  33%|███▎      | 309/938 [01:20<01:52,  5.61it/s]extract:  33%|███▎      | 310/938 [01:20<01:54,  5.50it/s]extract:  33%|███▎      | 311/938 [01:21<01:52,  5.56it/s]extract:  33%|███▎      | 312/938 [01:21<01:52,  5.58it/s]extract:  33%|███▎      | 313/938 [01:21<01:51,  5.60it/s]extract:  33%|███▎      | 314/938 [01:21<01:50,  5.63it/s]extract:  34%|███▎      | 315/938 [01:21<01:50,  5.62it/s]extract:  34%|███▎      | 316/938 [01:21<01:52,  5.55it/s]extract:  34%|███▍      | 317/938 [01:22<01:51,  5.58it/s]extract:  34%|███▍      | 318/938 [01:22<01:50,  5.60it/s]extract:  34%|███▍      | 319/938 [01:22<01:52,  5.52it/s]extract:  34%|███▍      | 320/938 [01:22<01:52,  5.48it/s]extract:  34%|███▍      | 321/938 [01:22<01:52,  5.50it/s]extract:  34%|███▍      | 322/938 [01:23<01:51,  5.54it/s]extract:  34%|███▍      | 323/938 [01:23<01:50,  5.57it/s]extract:  35%|███▍      | 324/938 [01:23<01:51,  5.52it/s]extract:  35%|███▍      | 325/938 [01:23<01:50,  5.56it/s]extract:  35%|███▍      | 326/938 [01:23<01:56,  5.25it/s]extract:  35%|███▍      | 327/938 [01:23<01:54,  5.32it/s]extract:  35%|███▍      | 328/938 [01:24<01:55,  5.30it/s]extract:  35%|███▌      | 329/938 [01:24<01:54,  5.34it/s]extract:  35%|███▌      | 330/938 [01:24<01:52,  5.40it/s]extract:  35%|███▌      | 331/938 [01:24<01:51,  5.45it/s]extract:  35%|███▌      | 332/938 [01:24<01:52,  5.40it/s]extract:  36%|███▌      | 333/938 [01:25<01:51,  5.45it/s]extract:  36%|███▌      | 334/938 [01:25<01:50,  5.49it/s]extract:  36%|███▌      | 335/938 [01:25<01:59,  5.05it/s]extract:  36%|███▌      | 336/938 [01:25<02:02,  4.90it/s]extract:  36%|███▌      | 337/938 [01:25<02:04,  4.82it/s]extract:  36%|███▌      | 338/938 [01:26<02:05,  4.79it/s]extract:  36%|███▌      | 339/938 [01:26<02:05,  4.76it/s]extract:  36%|███▌      | 340/938 [01:26<02:06,  4.73it/s]extract:  36%|███▋      | 341/938 [01:26<02:07,  4.69it/s]extract:  36%|███▋      | 342/938 [01:27<02:09,  4.62it/s]extract:  37%|███▋      | 343/938 [01:27<02:07,  4.65it/s]extract:  37%|███▋      | 344/938 [01:27<02:07,  4.65it/s]extract:  37%|███▋      | 345/938 [01:27<02:07,  4.65it/s]extract:  37%|███▋      | 346/938 [01:27<02:07,  4.63it/s]extract:  37%|███▋      | 347/938 [01:28<02:10,  4.54it/s]extract:  37%|███▋      | 348/938 [01:28<02:09,  4.56it/s]extract:  37%|███▋      | 349/938 [01:28<02:08,  4.59it/s]extract:  37%|███▋      | 350/938 [01:28<02:08,  4.58it/s]extract:  37%|███▋      | 351/938 [01:28<02:09,  4.53it/s]extract:  38%|███▊      | 352/938 [01:29<02:10,  4.49it/s]extract:  38%|███▊      | 353/938 [01:29<02:08,  4.57it/s]extract:  38%|███▊      | 354/938 [01:29<02:06,  4.60it/s]extract:  38%|███▊      | 355/938 [01:29<02:06,  4.60it/s]extract:  38%|███▊      | 356/938 [01:30<02:05,  4.66it/s]extract:  38%|███▊      | 357/938 [01:30<02:05,  4.63it/s]extract:  38%|███▊      | 358/938 [01:30<02:04,  4.65it/s]extract:  38%|███▊      | 359/938 [01:30<02:03,  4.67it/s]extract:  38%|███▊      | 360/938 [01:30<02:04,  4.64it/s]extract:  38%|███▊      | 361/938 [01:31<02:06,  4.58it/s]extract:  39%|███▊      | 362/938 [01:31<02:07,  4.53it/s]extract:  39%|███▊      | 363/938 [01:31<02:07,  4.51it/s]extract:  39%|███▉      | 364/938 [01:31<02:07,  4.52it/s]extract:  39%|███▉      | 365/938 [01:32<02:07,  4.48it/s]extract:  39%|███▉      | 366/938 [01:32<02:08,  4.44it/s]extract:  39%|███▉      | 367/938 [01:32<02:13,  4.26it/s]extract:  39%|███▉      | 368/938 [01:32<02:17,  4.15it/s]extract:  39%|███▉      | 369/938 [01:33<02:19,  4.08it/s]extract:  39%|███▉      | 370/938 [01:33<02:21,  4.02it/s]extract:  40%|███▉      | 371/938 [01:33<02:21,  4.00it/s]extract:  40%|███▉      | 372/938 [01:33<02:22,  3.98it/s]extract:  40%|███▉      | 373/938 [01:34<02:22,  3.96it/s]extract:  40%|███▉      | 374/938 [01:34<02:23,  3.94it/s]extract:  40%|███▉      | 375/938 [01:34<02:22,  3.94it/s]extract:  40%|████      | 376/938 [01:34<02:22,  3.93it/s]extract:  40%|████      | 377/938 [01:35<02:22,  3.93it/s]extract:  40%|████      | 378/938 [01:35<02:22,  3.93it/s]extract:  40%|████      | 379/938 [01:35<02:22,  3.92it/s]extract:  41%|████      | 380/938 [01:35<02:22,  3.92it/s]extract:  41%|████      | 381/938 [01:36<02:21,  3.93it/s]extract:  41%|████      | 382/938 [01:36<02:21,  3.92it/s]extract:  41%|████      | 383/938 [01:36<02:21,  3.92it/s]extract:  41%|████      | 384/938 [01:36<02:21,  3.91it/s]extract:  41%|████      | 385/938 [01:37<02:21,  3.92it/s]extract:  41%|████      | 386/938 [01:37<02:21,  3.91it/s]extract:  41%|████▏     | 387/938 [01:37<02:20,  3.91it/s]extract:  41%|████▏     | 388/938 [01:37<02:20,  3.91it/s]extract:  41%|████▏     | 389/938 [01:38<02:20,  3.92it/s]extract:  42%|████▏     | 390/938 [01:38<02:19,  3.92it/s]extract:  42%|████▏     | 391/938 [01:38<02:19,  3.93it/s]extract:  42%|████▏     | 392/938 [01:38<02:18,  3.93it/s]extract:  42%|████▏     | 393/938 [01:39<02:16,  3.98it/s]extract:  42%|████▏     | 394/938 [01:39<02:14,  4.06it/s]extract:  42%|████▏     | 395/938 [01:39<02:14,  4.03it/s]extract:  42%|████▏     | 396/938 [01:39<02:09,  4.20it/s]extract:  42%|████▏     | 397/938 [01:40<02:03,  4.39it/s]extract:  42%|████▏     | 398/938 [01:40<02:02,  4.40it/s]extract:  43%|████▎     | 399/938 [01:40<02:02,  4.38it/s]extract:  43%|████▎     | 400/938 [01:40<02:13,  4.02it/s]extract:  43%|████▎     | 401/938 [01:41<02:24,  3.72it/s]extract:  43%|████▎     | 402/938 [01:41<02:29,  3.59it/s]extract:  43%|████▎     | 403/938 [01:41<02:28,  3.61it/s]extract:  43%|████▎     | 404/938 [01:41<02:25,  3.67it/s]extract:  43%|████▎     | 405/938 [01:42<02:27,  3.60it/s]extract:  43%|████▎     | 406/938 [01:42<02:26,  3.64it/s]extract:  43%|████▎     | 407/938 [01:42<02:24,  3.67it/s]extract:  43%|████▎     | 408/938 [01:43<02:32,  3.48it/s]extract:  44%|████▎     | 409/938 [01:43<02:33,  3.44it/s]extract:  44%|████▎     | 410/938 [01:43<02:37,  3.35it/s]extract:  44%|████▍     | 411/938 [01:44<02:38,  3.31it/s]extract:  44%|████▍     | 412/938 [01:44<02:34,  3.40it/s]extract:  44%|████▍     | 413/938 [01:44<02:29,  3.52it/s]extract:  44%|████▍     | 414/938 [01:44<02:25,  3.61it/s]extract:  44%|████▍     | 415/938 [01:45<02:23,  3.66it/s]extract:  44%|████▍     | 416/938 [01:45<02:17,  3.79it/s]extract:  44%|████▍     | 417/938 [01:45<02:10,  4.00it/s]extract:  45%|████▍     | 418/938 [01:45<02:06,  4.10it/s]extract:  45%|████▍     | 419/938 [01:46<02:02,  4.25it/s]extract:  45%|████▍     | 420/938 [01:46<01:59,  4.34it/s]extract:  45%|████▍     | 421/938 [01:46<02:00,  4.28it/s]extract:  45%|████▍     | 422/938 [01:46<02:01,  4.26it/s]extract:  45%|████▌     | 423/938 [01:46<02:00,  4.27it/s]extract:  45%|████▌     | 424/938 [01:47<02:01,  4.22it/s]extract:  45%|████▌     | 425/938 [01:47<02:03,  4.14it/s]extract:  45%|████▌     | 426/938 [01:47<02:03,  4.16it/s]extract:  46%|████▌     | 427/938 [01:47<02:01,  4.22it/s]extract:  46%|████▌     | 428/938 [01:48<02:00,  4.24it/s]extract:  46%|████▌     | 429/938 [01:48<01:56,  4.37it/s]extract:  46%|████▌     | 430/938 [01:48<01:56,  4.38it/s]extract:  46%|████▌     | 431/938 [01:48<01:53,  4.48it/s]extract:  46%|████▌     | 432/938 [01:48<01:50,  4.57it/s]extract:  46%|████▌     | 433/938 [01:49<01:55,  4.36it/s]extract:  46%|████▋     | 434/938 [01:49<01:59,  4.21it/s]extract:  46%|████▋     | 435/938 [01:49<02:05,  4.00it/s]extract:  46%|████▋     | 436/938 [01:50<02:13,  3.77it/s]extract:  47%|████▋     | 437/938 [01:50<02:18,  3.62it/s]extract:  47%|████▋     | 438/938 [01:50<02:15,  3.68it/s]extract:  47%|████▋     | 439/938 [01:50<02:13,  3.75it/s]extract:  47%|████▋     | 440/938 [01:51<02:11,  3.78it/s]extract:  47%|████▋     | 441/938 [01:51<02:09,  3.83it/s]extract:  47%|████▋     | 442/938 [01:51<02:08,  3.86it/s]extract:  47%|████▋     | 443/938 [01:51<02:07,  3.87it/s]extract:  47%|████▋     | 444/938 [01:52<02:11,  3.75it/s]extract:  47%|████▋     | 445/938 [01:52<02:10,  3.79it/s]extract:  48%|████▊     | 446/938 [01:52<02:09,  3.81it/s]extract:  48%|████▊     | 447/938 [01:52<02:07,  3.84it/s]extract:  48%|████▊     | 448/938 [01:53<02:02,  4.02it/s]extract:  48%|████▊     | 449/938 [01:53<01:55,  4.22it/s]extract:  48%|████▊     | 450/938 [01:53<01:51,  4.37it/s]extract:  48%|████▊     | 451/938 [01:53<01:48,  4.47it/s]extract:  48%|████▊     | 452/938 [01:54<01:46,  4.56it/s]extract:  48%|████▊     | 453/938 [01:54<01:48,  4.48it/s]extract:  48%|████▊     | 454/938 [01:54<01:45,  4.58it/s]extract:  49%|████▊     | 455/938 [01:54<01:44,  4.62it/s]extract:  49%|████▊     | 456/938 [01:54<01:43,  4.64it/s]extract:  49%|████▊     | 457/938 [01:55<01:43,  4.64it/s]extract:  49%|████▉     | 458/938 [01:55<01:42,  4.67it/s]extract:  49%|████▉     | 459/938 [01:55<01:42,  4.67it/s]extract:  49%|████▉     | 460/938 [01:55<01:42,  4.69it/s]extract:  49%|████▉     | 461/938 [01:55<01:42,  4.67it/s]extract:  49%|████▉     | 462/938 [01:56<01:42,  4.65it/s]extract:  49%|████▉     | 463/938 [01:56<01:42,  4.62it/s]extract:  49%|████▉     | 464/938 [01:56<01:43,  4.59it/s]extract:  50%|████▉     | 465/938 [01:56<01:43,  4.57it/s]extract:  50%|████▉     | 466/938 [01:57<01:42,  4.61it/s]extract:  50%|████▉     | 467/938 [01:57<01:41,  4.62it/s]extract:  50%|████▉     | 468/938 [01:57<01:41,  4.65it/s]extract:  50%|█████     | 469/938 [01:57<01:41,  4.61it/s]extract:  50%|█████     | 470/938 [01:57<01:41,  4.63it/s]extract:  50%|█████     | 471/938 [01:58<01:40,  4.64it/s]extract:  50%|█████     | 472/938 [01:58<01:40,  4.64it/s]extract:  50%|█████     | 473/938 [01:58<01:40,  4.63it/s]extract:  51%|█████     | 474/938 [01:58<01:49,  4.25it/s]extract:  51%|█████     | 475/938 [01:59<01:53,  4.09it/s]extract:  51%|█████     | 476/938 [01:59<01:48,  4.26it/s]extract:  51%|█████     | 477/938 [01:59<01:48,  4.27it/s]extract:  51%|█████     | 478/938 [01:59<01:48,  4.23it/s]extract:  51%|█████     | 479/938 [02:00<01:48,  4.24it/s]extract:  51%|█████     | 480/938 [02:00<01:51,  4.12it/s]extract:  51%|█████▏    | 481/938 [02:00<01:52,  4.06it/s]extract:  51%|█████▏    | 482/938 [02:00<01:53,  4.01it/s]extract:  51%|█████▏    | 483/938 [02:01<01:54,  3.96it/s]extract:  52%|█████▏    | 484/938 [02:01<01:59,  3.79it/s]extract:  52%|█████▏    | 485/938 [02:01<02:02,  3.71it/s]extract:  52%|█████▏    | 486/938 [02:01<02:00,  3.75it/s]extract:  52%|█████▏    | 487/938 [02:02<02:01,  3.72it/s]extract:  52%|█████▏    | 488/938 [02:02<02:00,  3.73it/s]extract:  52%|█████▏    | 489/938 [02:02<02:00,  3.73it/s]extract:  52%|█████▏    | 490/938 [02:02<02:00,  3.71it/s]extract:  52%|█████▏    | 491/938 [02:03<02:01,  3.68it/s]extract:  52%|█████▏    | 492/938 [02:03<02:01,  3.66it/s]extract:  53%|█████▎    | 493/938 [02:03<02:01,  3.67it/s]extract:  53%|█████▎    | 494/938 [02:04<02:02,  3.62it/s]extract:  53%|█████▎    | 495/938 [02:04<02:02,  3.61it/s]extract:  53%|█████▎    | 496/938 [02:04<01:59,  3.69it/s]extract:  53%|█████▎    | 497/938 [02:04<01:53,  3.89it/s]extract:  53%|█████▎    | 498/938 [02:05<01:47,  4.07it/s]extract:  53%|█████▎    | 499/938 [02:05<01:44,  4.22it/s]extract:  53%|█████▎    | 500/938 [02:05<01:41,  4.33it/s]extract:  53%|█████▎    | 501/938 [02:05<01:42,  4.28it/s]extract:  54%|█████▎    | 502/938 [02:05<01:40,  4.34it/s]extract:  54%|█████▎    | 503/938 [02:06<01:39,  4.38it/s]extract:  54%|█████▎    | 504/938 [02:06<01:38,  4.41it/s]extract:  54%|█████▍    | 505/938 [02:06<01:37,  4.44it/s]extract:  54%|█████▍    | 506/938 [02:06<01:39,  4.34it/s]extract:  54%|█████▍    | 507/938 [02:07<01:38,  4.39it/s]extract:  54%|█████▍    | 508/938 [02:07<01:37,  4.40it/s]extract:  54%|█████▍    | 509/938 [02:07<01:36,  4.45it/s]extract:  54%|█████▍    | 510/938 [02:07<01:35,  4.47it/s]extract:  54%|█████▍    | 511/938 [02:08<01:38,  4.33it/s]extract:  55%|█████▍    | 512/938 [02:08<01:38,  4.32it/s]extract:  55%|█████▍    | 513/938 [02:08<01:38,  4.31it/s]extract:  55%|█████▍    | 514/938 [02:08<01:41,  4.19it/s]extract:  55%|█████▍    | 515/938 [02:08<01:39,  4.27it/s]extract:  55%|█████▌    | 516/938 [02:09<01:41,  4.17it/s]extract:  55%|█████▌    | 517/938 [02:09<01:38,  4.28it/s]extract:  55%|█████▌    | 518/938 [02:09<01:37,  4.30it/s]extract:  55%|█████▌    | 519/938 [02:09<01:35,  4.39it/s]extract:  55%|█████▌    | 520/938 [02:10<01:34,  4.42it/s]extract:  56%|█████▌    | 521/938 [02:10<01:33,  4.44it/s]extract:  56%|█████▌    | 522/938 [02:10<01:32,  4.50it/s]extract:  56%|█████▌    | 523/938 [02:10<01:33,  4.45it/s]extract:  56%|█████▌    | 524/938 [02:10<01:32,  4.46it/s]extract:  56%|█████▌    | 525/938 [02:11<01:31,  4.50it/s]extract:  56%|█████▌    | 526/938 [02:11<01:31,  4.51it/s]extract:  56%|█████▌    | 527/938 [02:11<01:35,  4.30it/s]extract:  56%|█████▋    | 528/938 [02:11<01:30,  4.53it/s]extract:  56%|█████▋    | 529/938 [02:12<01:25,  4.77it/s]extract:  57%|█████▋    | 530/938 [02:12<01:20,  5.04it/s]extract:  57%|█████▋    | 531/938 [02:12<01:19,  5.09it/s]extract:  57%|█████▋    | 532/938 [02:12<01:16,  5.32it/s]extract:  57%|█████▋    | 533/938 [02:12<01:17,  5.23it/s]extract:  57%|█████▋    | 534/938 [02:12<01:16,  5.31it/s]extract:  57%|█████▋    | 535/938 [02:13<01:13,  5.48it/s]extract:  57%|█████▋    | 536/938 [02:13<01:11,  5.61it/s]extract:  57%|█████▋    | 537/938 [02:13<01:10,  5.71it/s]extract:  57%|█████▋    | 538/938 [02:13<01:09,  5.75it/s]extract:  57%|█████▋    | 539/938 [02:13<01:09,  5.74it/s]extract:  58%|█████▊    | 540/938 [02:14<01:11,  5.59it/s]extract:  58%|█████▊    | 541/938 [02:14<01:10,  5.62it/s]extract:  58%|█████▊    | 542/938 [02:14<01:10,  5.65it/s]extract:  58%|█████▊    | 543/938 [02:14<01:09,  5.65it/s]extract:  58%|█████▊    | 544/938 [02:14<01:09,  5.67it/s]extract:  58%|█████▊    | 545/938 [02:14<01:09,  5.65it/s]extract:  58%|█████▊    | 546/938 [02:15<01:09,  5.67it/s]extract:  58%|█████▊    | 547/938 [02:15<01:10,  5.52it/s]extract:  58%|█████▊    | 548/938 [02:15<01:10,  5.56it/s]extract:  59%|█████▊    | 549/938 [02:15<01:10,  5.54it/s]extract:  59%|█████▊    | 550/938 [02:15<01:09,  5.57it/s]extract:  59%|█████▊    | 551/938 [02:15<01:09,  5.59it/s]extract:  59%|█████▉    | 552/938 [02:16<01:08,  5.60it/s]extract:  59%|█████▉    | 553/938 [02:16<01:08,  5.60it/s]extract:  59%|█████▉    | 554/938 [02:16<01:09,  5.51it/s]extract:  59%|█████▉    | 555/938 [02:16<01:09,  5.54it/s]extract:  59%|█████▉    | 556/938 [02:16<01:14,  5.13it/s]extract:  59%|█████▉    | 557/938 [02:17<01:16,  4.96it/s]extract:  59%|█████▉    | 558/938 [02:17<01:18,  4.83it/s]extract:  60%|█████▉    | 559/938 [02:17<01:19,  4.77it/s]extract:  60%|█████▉    | 560/938 [02:17<01:20,  4.70it/s]extract:  60%|█████▉    | 561/938 [02:18<01:18,  4.83it/s]extract:  60%|█████▉    | 562/938 [02:18<01:14,  5.02it/s]extract:  60%|██████    | 563/938 [02:18<01:12,  5.15it/s]extract:  60%|██████    | 564/938 [02:18<01:12,  5.14it/s]extract:  60%|██████    | 565/938 [02:18<01:15,  4.96it/s]extract:  60%|██████    | 566/938 [02:18<01:17,  4.82it/s]extract:  60%|██████    | 567/938 [02:19<01:18,  4.74it/s]extract:  61%|██████    | 568/938 [02:19<01:18,  4.69it/s]extract:  61%|██████    | 569/938 [02:19<01:19,  4.66it/s]extract:  61%|██████    | 570/938 [02:19<01:19,  4.63it/s]extract:  61%|██████    | 571/938 [02:20<01:19,  4.60it/s]extract:  61%|██████    | 572/938 [02:20<01:19,  4.59it/s]extract:  61%|██████    | 573/938 [02:20<01:20,  4.53it/s]extract:  61%|██████    | 574/938 [02:20<01:15,  4.81it/s]extract:  61%|██████▏   | 575/938 [02:20<01:12,  5.02it/s]extract:  61%|██████▏   | 576/938 [02:21<01:09,  5.17it/s]extract:  62%|██████▏   | 577/938 [02:21<01:08,  5.30it/s]extract:  62%|██████▏   | 578/938 [02:21<01:06,  5.40it/s]extract:  62%|██████▏   | 579/938 [02:21<01:05,  5.48it/s]extract:  62%|██████▏   | 580/938 [02:21<01:05,  5.51it/s]extract:  62%|██████▏   | 581/938 [02:21<01:07,  5.32it/s]extract:  62%|██████▏   | 582/938 [02:22<01:05,  5.43it/s]extract:  62%|██████▏   | 583/938 [02:22<01:04,  5.49it/s]extract:  62%|██████▏   | 584/938 [02:22<01:03,  5.53it/s]extract:  62%|██████▏   | 585/938 [02:22<01:03,  5.55it/s]extract:  62%|██████▏   | 586/938 [02:22<01:03,  5.58it/s]extract:  63%|██████▎   | 587/938 [02:23<01:03,  5.56it/s]extract:  63%|██████▎   | 588/938 [02:23<01:03,  5.49it/s]extract:  63%|██████▎   | 589/938 [02:23<01:03,  5.50it/s]extract:  63%|██████▎   | 590/938 [02:23<01:03,  5.44it/s]extract:  63%|██████▎   | 591/938 [02:23<01:03,  5.48it/s]extract:  63%|██████▎   | 592/938 [02:23<01:03,  5.45it/s]extract:  63%|██████▎   | 593/938 [02:24<01:03,  5.46it/s]extract:  63%|██████▎   | 594/938 [02:24<01:02,  5.47it/s]extract:  63%|██████▎   | 595/938 [02:24<01:02,  5.50it/s]extract:  64%|██████▎   | 596/938 [02:24<01:01,  5.55it/s]extract:  64%|██████▎   | 597/938 [02:24<01:01,  5.57it/s]extract:  64%|██████▍   | 598/938 [02:25<00:59,  5.67it/s]extract:  64%|██████▍   | 599/938 [02:25<00:59,  5.72it/s]extract:  64%|██████▍   | 600/938 [02:25<00:58,  5.79it/s]extract:  64%|██████▍   | 601/938 [02:25<00:57,  5.83it/s]extract:  64%|██████▍   | 602/938 [02:25<00:57,  5.86it/s]extract:  64%|██████▍   | 603/938 [02:25<01:00,  5.51it/s]extract:  64%|██████▍   | 604/938 [02:26<01:02,  5.37it/s]extract:  64%|██████▍   | 605/938 [02:26<01:01,  5.44it/s]extract:  65%|██████▍   | 606/938 [02:26<01:01,  5.44it/s]extract:  65%|██████▍   | 607/938 [02:26<01:00,  5.50it/s]extract:  65%|██████▍   | 608/938 [02:26<00:59,  5.56it/s]extract:  65%|██████▍   | 609/938 [02:27<00:59,  5.57it/s]extract:  65%|██████▌   | 610/938 [02:27<00:58,  5.58it/s]extract:  65%|██████▌   | 611/938 [02:27<01:00,  5.38it/s]extract:  65%|██████▌   | 612/938 [02:27<00:59,  5.45it/s]extract:  65%|██████▌   | 613/938 [02:27<00:58,  5.51it/s]extract:  65%|██████▌   | 614/938 [02:27<00:58,  5.55it/s]extract:  66%|██████▌   | 615/938 [02:28<00:57,  5.60it/s]extract:  66%|██████▌   | 616/938 [02:28<00:57,  5.61it/s]extract:  66%|██████▌   | 617/938 [02:28<00:57,  5.58it/s]extract:  66%|██████▌   | 618/938 [02:28<00:59,  5.39it/s]extract:  66%|██████▌   | 619/938 [02:28<01:00,  5.29it/s]extract:  66%|██████▌   | 620/938 [02:29<01:00,  5.26it/s]extract:  66%|██████▌   | 621/938 [02:29<01:00,  5.26it/s]extract:  66%|██████▋   | 622/938 [02:29<00:59,  5.29it/s]extract:  66%|██████▋   | 623/938 [02:29<00:58,  5.37it/s]extract:  67%|██████▋   | 624/938 [02:29<00:57,  5.44it/s]extract:  67%|██████▋   | 625/938 [02:29<00:58,  5.31it/s]extract:  67%|██████▋   | 626/938 [02:30<00:57,  5.42it/s]extract:  67%|██████▋   | 627/938 [02:30<00:56,  5.47it/s]extract:  67%|██████▋   | 628/938 [02:30<00:56,  5.52it/s]extract:  67%|██████▋   | 629/938 [02:30<00:55,  5.55it/s]extract:  67%|██████▋   | 630/938 [02:30<00:57,  5.40it/s]extract:  67%|██████▋   | 631/938 [02:31<00:56,  5.46it/s]extract:  67%|██████▋   | 632/938 [02:31<00:55,  5.48it/s]extract:  67%|██████▋   | 633/938 [02:31<00:59,  5.13it/s]extract:  68%|██████▊   | 634/938 [02:31<01:01,  4.96it/s]extract:  68%|██████▊   | 635/938 [02:31<01:02,  4.86it/s]extract:  68%|██████▊   | 636/938 [02:32<01:03,  4.79it/s]extract:  68%|██████▊   | 637/938 [02:32<01:03,  4.75it/s]extract:  68%|██████▊   | 638/938 [02:32<01:03,  4.71it/s]extract:  68%|██████▊   | 639/938 [02:32<01:03,  4.67it/s]extract:  68%|██████▊   | 640/938 [02:32<01:02,  4.80it/s]extract:  68%|██████▊   | 641/938 [02:33<01:01,  4.84it/s]extract:  68%|██████▊   | 642/938 [02:33<01:00,  4.90it/s]extract:  69%|██████▊   | 643/938 [02:33<00:59,  4.97it/s]extract:  69%|██████▊   | 644/938 [02:33<00:57,  5.11it/s]extract:  69%|██████▉   | 645/938 [02:33<01:00,  4.82it/s]extract:  69%|██████▉   | 646/938 [02:34<01:03,  4.60it/s]extract:  69%|██████▉   | 647/938 [02:34<01:02,  4.63it/s]extract:  69%|██████▉   | 648/938 [02:34<01:00,  4.82it/s]extract:  69%|██████▉   | 649/938 [02:34<00:58,  4.93it/s]extract:  69%|██████▉   | 650/938 [02:35<00:57,  4.98it/s]extract:  69%|██████▉   | 651/938 [02:35<00:56,  5.05it/s]extract:  70%|██████▉   | 652/938 [02:35<01:00,  4.75it/s]extract:  70%|██████▉   | 653/938 [02:35<01:02,  4.59it/s]extract:  70%|██████▉   | 654/938 [02:35<01:02,  4.53it/s]extract:  70%|██████▉   | 655/938 [02:36<01:03,  4.49it/s]extract:  70%|██████▉   | 656/938 [02:36<01:03,  4.47it/s]extract:  70%|███████   | 657/938 [02:36<01:07,  4.17it/s]extract:  70%|███████   | 658/938 [02:36<01:09,  4.02it/s]extract:  70%|███████   | 659/938 [02:37<01:04,  4.33it/s]extract:  70%|███████   | 660/938 [02:37<01:00,  4.56it/s]extract:  70%|███████   | 661/938 [02:37<00:58,  4.72it/s]extract:  71%|███████   | 662/938 [02:37<01:01,  4.52it/s]extract:  71%|███████   | 663/938 [02:37<01:02,  4.40it/s]extract:  71%|███████   | 664/938 [02:38<01:00,  4.51it/s]extract:  71%|███████   | 665/938 [02:38<00:57,  4.71it/s]extract:  71%|███████   | 666/938 [02:38<00:55,  4.92it/s]extract:  71%|███████   | 667/938 [02:38<00:57,  4.69it/s]extract:  71%|███████   | 668/938 [02:39<00:59,  4.55it/s]extract:  71%|███████▏  | 669/938 [02:39<01:00,  4.44it/s]extract:  71%|███████▏  | 670/938 [02:39<01:02,  4.32it/s]extract:  72%|███████▏  | 671/938 [02:39<01:00,  4.42it/s]extract:  72%|███████▏  | 672/938 [02:39<01:00,  4.40it/s]extract:  72%|███████▏  | 673/938 [02:40<01:00,  4.37it/s]extract:  72%|███████▏  | 674/938 [02:40<01:00,  4.38it/s]extract:  72%|███████▏  | 675/938 [02:40<00:59,  4.39it/s]extract:  72%|███████▏  | 676/938 [02:40<00:59,  4.43it/s]extract:  72%|███████▏  | 677/938 [02:41<00:59,  4.42it/s]extract:  72%|███████▏  | 678/938 [02:41<00:57,  4.50it/s]extract:  72%|███████▏  | 679/938 [02:41<00:54,  4.72it/s]extract:  72%|███████▏  | 680/938 [02:41<00:52,  4.95it/s]extract:  73%|███████▎  | 681/938 [02:41<00:50,  5.12it/s]extract:  73%|███████▎  | 682/938 [02:42<00:52,  4.87it/s]extract:  73%|███████▎  | 683/938 [02:42<00:54,  4.71it/s]extract:  73%|███████▎  | 684/938 [02:42<00:54,  4.62it/s]extract:  73%|███████▎  | 685/938 [02:42<00:56,  4.51it/s]extract:  73%|███████▎  | 686/938 [02:42<00:56,  4.45it/s]extract:  73%|███████▎  | 687/938 [02:43<00:56,  4.44it/s]extract:  73%|███████▎  | 688/938 [02:43<00:56,  4.42it/s]extract:  73%|███████▎  | 689/938 [02:43<00:57,  4.32it/s]extract:  74%|███████▎  | 690/938 [02:43<00:57,  4.32it/s]extract:  74%|███████▎  | 691/938 [02:44<00:57,  4.32it/s]extract:  74%|███████▍  | 692/938 [02:44<00:56,  4.33it/s]extract:  74%|███████▍  | 693/938 [02:44<00:56,  4.37it/s]extract:  74%|███████▍  | 694/938 [02:44<00:55,  4.39it/s]extract:  74%|███████▍  | 695/938 [02:45<00:56,  4.32it/s]extract:  74%|███████▍  | 696/938 [02:45<00:56,  4.30it/s]extract:  74%|███████▍  | 697/938 [02:45<00:55,  4.33it/s]extract:  74%|███████▍  | 698/938 [02:45<00:55,  4.34it/s]extract:  75%|███████▍  | 699/938 [02:45<00:54,  4.37it/s]extract:  75%|███████▍  | 700/938 [02:46<00:54,  4.38it/s]extract:  75%|███████▍  | 701/938 [02:46<00:53,  4.41it/s]extract:  75%|███████▍  | 702/938 [02:46<00:53,  4.39it/s]extract:  75%|███████▍  | 703/938 [02:46<00:53,  4.38it/s]extract:  75%|███████▌  | 704/938 [02:47<00:53,  4.35it/s]extract:  75%|███████▌  | 705/938 [02:47<00:53,  4.34it/s]extract:  75%|███████▌  | 706/938 [02:47<00:54,  4.26it/s]extract:  75%|███████▌  | 707/938 [02:47<00:54,  4.23it/s]extract:  75%|███████▌  | 708/938 [02:48<00:51,  4.43it/s]extract:  76%|███████▌  | 709/938 [02:48<00:49,  4.64it/s]extract:  76%|███████▌  | 710/938 [02:48<00:47,  4.81it/s]extract:  76%|███████▌  | 711/938 [02:48<00:45,  4.97it/s]extract:  76%|███████▌  | 712/938 [02:48<00:44,  5.10it/s]extract:  76%|███████▌  | 713/938 [02:48<00:43,  5.17it/s]extract:  76%|███████▌  | 714/938 [02:49<00:43,  5.17it/s]extract:  76%|███████▌  | 715/938 [02:49<00:42,  5.28it/s]extract:  76%|███████▋  | 716/938 [02:49<00:41,  5.34it/s]extract:  76%|███████▋  | 717/938 [02:49<00:41,  5.36it/s]extract:  77%|███████▋  | 718/938 [02:49<00:41,  5.34it/s]extract:  77%|███████▋  | 719/938 [02:50<00:41,  5.31it/s]extract:  77%|███████▋  | 720/938 [02:50<00:41,  5.30it/s]extract:  77%|███████▋  | 721/938 [02:50<00:40,  5.35it/s]extract:  77%|███████▋  | 722/938 [02:50<00:40,  5.32it/s]extract:  77%|███████▋  | 723/938 [02:50<00:40,  5.30it/s]extract:  77%|███████▋  | 724/938 [02:51<00:40,  5.29it/s]extract:  77%|███████▋  | 725/938 [02:51<00:40,  5.27it/s]extract:  77%|███████▋  | 726/938 [02:51<00:39,  5.34it/s]extract:  78%|███████▊  | 727/938 [02:51<00:39,  5.40it/s]extract:  78%|███████▊  | 728/938 [02:51<00:38,  5.41it/s]extract:  78%|███████▊  | 729/938 [02:51<00:38,  5.42it/s]extract:  78%|███████▊  | 730/938 [02:52<00:38,  5.45it/s]extract:  78%|███████▊  | 731/938 [02:52<00:38,  5.43it/s]extract:  78%|███████▊  | 732/938 [02:52<00:38,  5.36it/s]extract:  78%|███████▊  | 733/938 [02:52<00:38,  5.39it/s]extract:  78%|███████▊  | 734/938 [02:52<00:38,  5.25it/s]extract:  78%|███████▊  | 735/938 [02:53<00:38,  5.27it/s]extract:  78%|███████▊  | 736/938 [02:53<00:38,  5.30it/s]extract:  79%|███████▊  | 737/938 [02:53<00:37,  5.34it/s]extract:  79%|███████▊  | 738/938 [02:53<00:37,  5.37it/s]extract:  79%|███████▉  | 739/938 [02:53<00:37,  5.28it/s]extract:  79%|███████▉  | 740/938 [02:54<00:37,  5.27it/s]extract:  79%|███████▉  | 741/938 [02:54<00:37,  5.29it/s]extract:  79%|███████▉  | 742/938 [02:54<00:36,  5.36it/s]extract:  79%|███████▉  | 743/938 [02:54<00:36,  5.34it/s]extract:  79%|███████▉  | 744/938 [02:54<00:36,  5.26it/s]extract:  79%|███████▉  | 745/938 [02:54<00:36,  5.23it/s]extract:  80%|███████▉  | 746/938 [02:55<00:37,  5.08it/s]extract:  80%|███████▉  | 747/938 [02:55<00:39,  4.88it/s]extract:  80%|███████▉  | 748/938 [02:55<00:42,  4.52it/s]extract:  80%|███████▉  | 749/938 [02:55<00:39,  4.75it/s]extract:  80%|███████▉  | 750/938 [02:56<00:37,  4.99it/s]extract:  80%|████████  | 751/938 [02:56<00:36,  5.13it/s]extract:  80%|████████  | 752/938 [02:56<00:35,  5.27it/s]extract:  80%|████████  | 753/938 [02:56<00:34,  5.38it/s]extract:  80%|████████  | 754/938 [02:56<00:33,  5.43it/s]extract:  80%|████████  | 755/938 [02:56<00:34,  5.29it/s]extract:  81%|████████  | 756/938 [02:57<00:34,  5.23it/s]extract:  81%|████████  | 757/938 [02:57<00:34,  5.22it/s]extract:  81%|████████  | 758/938 [02:57<00:34,  5.19it/s]extract:  81%|████████  | 759/938 [02:57<00:34,  5.23it/s]extract:  81%|████████  | 760/938 [02:57<00:34,  5.19it/s]extract:  81%|████████  | 761/938 [02:58<00:34,  5.20it/s]extract:  81%|████████  | 762/938 [02:58<00:34,  5.08it/s]extract:  81%|████████▏ | 763/938 [02:58<00:35,  4.99it/s]extract:  81%|████████▏ | 764/938 [02:58<00:34,  5.04it/s]extract:  82%|████████▏ | 765/938 [02:58<00:34,  5.05it/s]extract:  82%|████████▏ | 766/938 [02:59<00:33,  5.19it/s]extract:  82%|████████▏ | 767/938 [02:59<00:32,  5.31it/s]extract:  82%|████████▏ | 768/938 [02:59<00:31,  5.40it/s]extract:  82%|████████▏ | 769/938 [02:59<00:31,  5.45it/s]extract:  82%|████████▏ | 770/938 [02:59<00:30,  5.47it/s]extract:  82%|████████▏ | 771/938 [03:00<00:31,  5.31it/s]extract:  82%|████████▏ | 772/938 [03:00<00:31,  5.20it/s]extract:  82%|████████▏ | 773/938 [03:00<00:31,  5.24it/s]extract:  83%|████████▎ | 774/938 [03:00<00:32,  5.03it/s]extract:  83%|████████▎ | 775/938 [03:00<00:33,  4.91it/s]extract:  83%|████████▎ | 776/938 [03:01<00:33,  4.78it/s]extract:  83%|████████▎ | 777/938 [03:01<00:34,  4.72it/s]extract:  83%|████████▎ | 778/938 [03:01<00:34,  4.69it/s]extract:  83%|████████▎ | 779/938 [03:01<00:34,  4.65it/s]extract:  83%|████████▎ | 780/938 [03:01<00:34,  4.57it/s]extract:  83%|████████▎ | 781/938 [03:02<00:35,  4.43it/s]extract:  83%|████████▎ | 782/938 [03:02<00:34,  4.47it/s]extract:  83%|████████▎ | 783/938 [03:02<00:34,  4.49it/s]extract:  84%|████████▎ | 784/938 [03:02<00:34,  4.52it/s]extract:  84%|████████▎ | 785/938 [03:03<00:33,  4.53it/s]extract:  84%|████████▍ | 786/938 [03:03<00:33,  4.50it/s]extract:  84%|████████▍ | 787/938 [03:03<00:33,  4.44it/s]extract:  84%|████████▍ | 788/938 [03:03<00:33,  4.46it/s]extract:  84%|████████▍ | 789/938 [03:03<00:33,  4.45it/s]extract:  84%|████████▍ | 790/938 [03:04<00:33,  4.43it/s]extract:  84%|████████▍ | 791/938 [03:04<00:33,  4.45it/s]extract:  84%|████████▍ | 792/938 [03:04<00:32,  4.49it/s]extract:  85%|████████▍ | 793/938 [03:04<00:32,  4.48it/s]extract:  85%|████████▍ | 794/938 [03:05<00:32,  4.47it/s]extract:  85%|████████▍ | 795/938 [03:05<00:31,  4.48it/s]extract:  85%|████████▍ | 796/938 [03:05<00:31,  4.49it/s]extract:  85%|████████▍ | 797/938 [03:05<00:31,  4.48it/s]extract:  85%|████████▌ | 798/938 [03:05<00:31,  4.49it/s]extract:  85%|████████▌ | 799/938 [03:06<00:31,  4.46it/s]extract:  85%|████████▌ | 800/938 [03:06<00:31,  4.39it/s]extract:  85%|████████▌ | 801/938 [03:06<00:30,  4.46it/s]extract:  86%|████████▌ | 802/938 [03:06<00:30,  4.45it/s]extract:  86%|████████▌ | 803/938 [03:07<00:30,  4.45it/s]extract:  86%|████████▌ | 804/938 [03:07<00:29,  4.49it/s]extract:  86%|████████▌ | 805/938 [03:07<00:29,  4.48it/s]extract:  86%|████████▌ | 806/938 [03:07<00:29,  4.43it/s]extract:  86%|████████▌ | 807/938 [03:08<00:29,  4.49it/s]extract:  86%|████████▌ | 808/938 [03:08<00:28,  4.50it/s]extract:  86%|████████▌ | 809/938 [03:08<00:29,  4.45it/s]extract:  86%|████████▋ | 810/938 [03:08<00:28,  4.48it/s]extract:  86%|████████▋ | 811/938 [03:08<00:28,  4.45it/s]extract:  87%|████████▋ | 812/938 [03:09<00:28,  4.49it/s]extract:  87%|████████▋ | 813/938 [03:09<00:27,  4.51it/s]extract:  87%|████████▋ | 814/938 [03:09<00:27,  4.54it/s]extract:  87%|████████▋ | 815/938 [03:09<00:27,  4.55it/s]extract:  87%|████████▋ | 816/938 [03:09<00:26,  4.57it/s]extract:  87%|████████▋ | 817/938 [03:10<00:26,  4.56it/s]extract:  87%|████████▋ | 818/938 [03:10<00:26,  4.56it/s]extract:  87%|████████▋ | 819/938 [03:10<00:26,  4.57it/s]extract:  87%|████████▋ | 820/938 [03:10<00:25,  4.57it/s]extract:  88%|████████▊ | 821/938 [03:11<00:24,  4.84it/s]extract:  88%|████████▊ | 822/938 [03:11<00:24,  4.78it/s]extract:  88%|████████▊ | 823/938 [03:11<00:24,  4.73it/s]extract:  88%|████████▊ | 824/938 [03:11<00:24,  4.67it/s]extract:  88%|████████▊ | 825/938 [03:11<00:24,  4.65it/s]extract:  88%|████████▊ | 826/938 [03:12<00:24,  4.61it/s]extract:  88%|████████▊ | 827/938 [03:12<00:24,  4.58it/s]extract:  88%|████████▊ | 828/938 [03:12<00:24,  4.53it/s]extract:  88%|████████▊ | 829/938 [03:12<00:24,  4.52it/s]extract:  88%|████████▊ | 830/938 [03:13<00:23,  4.55it/s]extract:  89%|████████▊ | 831/938 [03:13<00:23,  4.58it/s]extract:  89%|████████▊ | 832/938 [03:13<00:23,  4.58it/s]extract:  89%|████████▉ | 833/938 [03:13<00:22,  4.69it/s]extract:  89%|████████▉ | 834/938 [03:13<00:23,  4.37it/s]extract:  89%|████████▉ | 835/938 [03:14<00:24,  4.18it/s]extract:  89%|████████▉ | 836/938 [03:14<00:25,  4.07it/s]extract:  89%|████████▉ | 837/938 [03:14<00:25,  3.99it/s]extract:  89%|████████▉ | 838/938 [03:14<00:24,  4.03it/s]extract:  89%|████████▉ | 839/938 [03:15<00:24,  3.97it/s]extract:  90%|████████▉ | 840/938 [03:15<00:25,  3.92it/s]extract:  90%|████████▉ | 841/938 [03:15<00:24,  3.89it/s]extract:  90%|████████▉ | 842/938 [03:16<00:24,  3.86it/s]extract:  90%|████████▉ | 843/938 [03:16<00:24,  3.94it/s]extract:  90%|████████▉ | 844/938 [03:16<00:24,  3.90it/s]extract:  90%|█████████ | 845/938 [03:16<00:24,  3.87it/s]extract:  90%|█████████ | 846/938 [03:17<00:23,  3.90it/s]extract:  90%|█████████ | 847/938 [03:17<00:21,  4.17it/s]extract:  90%|█████████ | 848/938 [03:17<00:21,  4.27it/s]extract:  91%|█████████ | 849/938 [03:17<00:20,  4.33it/s]extract:  91%|█████████ | 850/938 [03:17<00:20,  4.38it/s]extract:  91%|█████████ | 851/938 [03:18<00:19,  4.39it/s]extract:  91%|█████████ | 852/938 [03:18<00:19,  4.40it/s]extract:  91%|█████████ | 853/938 [03:18<00:19,  4.42it/s]extract:  91%|█████████ | 854/938 [03:18<00:19,  4.42it/s]extract:  91%|█████████ | 855/938 [03:19<00:19,  4.20it/s]extract:  91%|█████████▏| 856/938 [03:19<00:20,  4.07it/s]extract:  91%|█████████▏| 857/938 [03:19<00:19,  4.20it/s]extract:  91%|█████████▏| 858/938 [03:19<00:19,  4.08it/s]extract:  92%|█████████▏| 859/938 [03:20<00:19,  3.99it/s]extract:  92%|█████████▏| 860/938 [03:20<00:19,  3.93it/s]extract:  92%|█████████▏| 861/938 [03:20<00:19,  3.89it/s]extract:  92%|█████████▏| 862/938 [03:20<00:19,  3.96it/s]extract:  92%|█████████▏| 863/938 [03:21<00:19,  3.91it/s]extract:  92%|█████████▏| 864/938 [03:21<00:19,  3.86it/s]extract:  92%|█████████▏| 865/938 [03:21<00:19,  3.81it/s]extract:  92%|█████████▏| 866/938 [03:21<00:18,  3.79it/s]extract:  92%|█████████▏| 867/938 [03:22<00:18,  3.94it/s]extract:  93%|█████████▎| 868/938 [03:22<00:18,  3.88it/s]extract:  93%|█████████▎| 869/938 [03:22<00:17,  3.85it/s]extract:  93%|█████████▎| 870/938 [03:22<00:16,  4.03it/s]extract:  93%|█████████▎| 871/938 [03:23<00:16,  4.19it/s]extract:  93%|█████████▎| 872/938 [03:23<00:15,  4.26it/s]extract:  93%|█████████▎| 873/938 [03:23<00:14,  4.34it/s]extract:  93%|█████████▎| 874/938 [03:23<00:14,  4.39it/s]extract:  93%|█████████▎| 875/938 [03:23<00:14,  4.43it/s]extract:  93%|█████████▎| 876/938 [03:24<00:14,  4.41it/s]extract:  93%|█████████▎| 877/938 [03:24<00:13,  4.44it/s]extract:  94%|█████████▎| 878/938 [03:24<00:13,  4.42it/s]extract:  94%|█████████▎| 879/938 [03:24<00:13,  4.43it/s]extract:  94%|█████████▍| 880/938 [03:25<00:13,  4.40it/s]extract:  94%|█████████▍| 881/938 [03:25<00:13,  4.29it/s]extract:  94%|█████████▍| 882/938 [03:25<00:13,  4.14it/s]extract:  94%|█████████▍| 883/938 [03:25<00:13,  4.10it/s]extract:  94%|█████████▍| 884/938 [03:26<00:13,  4.15it/s]extract:  94%|█████████▍| 885/938 [03:26<00:12,  4.32it/s]extract:  94%|█████████▍| 886/938 [03:26<00:11,  4.37it/s]extract:  95%|█████████▍| 887/938 [03:26<00:11,  4.40it/s]extract:  95%|█████████▍| 888/938 [03:27<00:11,  4.43it/s]extract:  95%|█████████▍| 889/938 [03:27<00:10,  4.46it/s]extract:  95%|█████████▍| 890/938 [03:27<00:10,  4.49it/s]extract:  95%|█████████▍| 891/938 [03:27<00:10,  4.52it/s]extract:  95%|█████████▌| 892/938 [03:27<00:10,  4.49it/s]extract:  95%|█████████▌| 893/938 [03:28<00:10,  4.48it/s]extract:  95%|█████████▌| 894/938 [03:28<00:09,  4.47it/s]extract:  95%|█████████▌| 895/938 [03:28<00:09,  4.50it/s]extract:  96%|█████████▌| 896/938 [03:28<00:09,  4.52it/s]extract:  96%|█████████▌| 897/938 [03:28<00:09,  4.54it/s]extract:  96%|█████████▌| 898/938 [03:29<00:08,  4.55it/s]extract:  96%|█████████▌| 899/938 [03:29<00:08,  4.56it/s]extract:  96%|█████████▌| 900/938 [03:29<00:08,  4.56it/s]extract:  96%|█████████▌| 901/938 [03:29<00:08,  4.56it/s]extract:  96%|█████████▌| 902/938 [03:30<00:07,  4.83it/s]extract:  96%|█████████▋| 903/938 [03:30<00:07,  4.75it/s]extract:  96%|█████████▋| 904/938 [03:30<00:07,  4.67it/s]extract:  96%|█████████▋| 905/938 [03:30<00:07,  4.33it/s]extract:  97%|█████████▋| 906/938 [03:31<00:07,  4.13it/s]extract:  97%|█████████▋| 907/938 [03:31<00:07,  4.21it/s]extract:  97%|█████████▋| 908/938 [03:31<00:07,  4.25it/s]extract:  97%|█████████▋| 909/938 [03:31<00:06,  4.40it/s]extract:  97%|█████████▋| 910/938 [03:31<00:06,  4.42it/s]extract:  97%|█████████▋| 911/938 [03:32<00:06,  4.40it/s]extract:  97%|█████████▋| 912/938 [03:32<00:05,  4.45it/s]extract:  97%|█████████▋| 913/938 [03:32<00:05,  4.44it/s]extract:  97%|█████████▋| 914/938 [03:32<00:05,  4.46it/s]extract:  98%|█████████▊| 915/938 [03:33<00:05,  4.50it/s]extract:  98%|█████████▊| 916/938 [03:33<00:04,  4.49it/s]extract:  98%|█████████▊| 917/938 [03:33<00:04,  4.49it/s]extract:  98%|█████████▊| 918/938 [03:33<00:04,  4.50it/s]extract:  98%|█████████▊| 919/938 [03:33<00:04,  4.49it/s]extract:  98%|█████████▊| 920/938 [03:34<00:03,  4.50it/s]extract:  98%|█████████▊| 921/938 [03:34<00:03,  4.48it/s]extract:  98%|█████████▊| 922/938 [03:34<00:03,  4.48it/s]extract:  98%|█████████▊| 923/938 [03:34<00:03,  4.50it/s]extract:  99%|█████████▊| 924/938 [03:35<00:03,  4.50it/s]extract:  99%|█████████▊| 925/938 [03:35<00:03,  4.23it/s]extract:  99%|█████████▊| 926/938 [03:35<00:02,  4.10it/s]extract:  99%|█████████▉| 927/938 [03:35<00:02,  4.00it/s]extract:  99%|█████████▉| 928/938 [03:36<00:02,  3.96it/s]extract:  99%|█████████▉| 929/938 [03:36<00:02,  3.99it/s]extract:  99%|█████████▉| 930/938 [03:36<00:02,  3.89it/s]extract:  99%|█████████▉| 931/938 [03:36<00:01,  3.84it/s]extract:  99%|█████████▉| 932/938 [03:37<00:01,  3.79it/s]extract:  99%|█████████▉| 933/938 [03:37<00:01,  3.77it/s]extract: 100%|█████████▉| 934/938 [03:37<00:01,  3.79it/s]extract: 100%|█████████▉| 935/938 [03:37<00:00,  3.82it/s]extract: 100%|█████████▉| 936/938 [03:38<00:00,  3.97it/s]extract: 100%|█████████▉| 937/938 [03:38<00:00,  3.92it/s]extract: 100%|██████████| 938/938 [03:38<00:00,  4.51it/s]extract: 100%|██████████| 938/938 [03:38<00:00,  4.29it/s]
extract:   0%|          | 0/157 [00:00<?, ?it/s]extract:   1%|          | 1/157 [00:00<00:41,  3.76it/s]extract:   1%|▏         | 2/157 [00:00<00:41,  3.72it/s]extract:   2%|▏         | 3/157 [00:00<00:41,  3.73it/s]extract:   3%|▎         | 4/157 [00:01<00:38,  4.02it/s]extract:   3%|▎         | 5/157 [00:01<00:35,  4.24it/s]extract:   4%|▍         | 6/157 [00:01<00:34,  4.38it/s]extract:   4%|▍         | 7/157 [00:01<00:36,  4.16it/s]extract:   5%|▌         | 8/157 [00:01<00:34,  4.32it/s]extract:   6%|▌         | 9/157 [00:02<00:35,  4.21it/s]extract:   6%|▋         | 10/157 [00:02<00:34,  4.22it/s]extract:   7%|▋         | 11/157 [00:02<00:34,  4.28it/s]extract:   8%|▊         | 12/157 [00:02<00:34,  4.19it/s]extract:   8%|▊         | 13/157 [00:03<00:34,  4.13it/s]extract:   9%|▉         | 14/157 [00:03<00:34,  4.13it/s]extract:  10%|▉         | 15/157 [00:03<00:34,  4.08it/s]extract:  10%|█         | 16/157 [00:03<00:34,  4.04it/s]extract:  11%|█         | 17/157 [00:04<00:34,  4.10it/s]extract:  11%|█▏        | 18/157 [00:04<00:34,  4.05it/s]extract:  12%|█▏        | 19/157 [00:04<00:34,  4.02it/s]extract:  13%|█▎        | 20/157 [00:04<00:34,  4.01it/s]extract:  13%|█▎        | 21/157 [00:05<00:35,  3.83it/s]extract:  14%|█▍        | 22/157 [00:05<00:36,  3.66it/s]extract:  15%|█▍        | 23/157 [00:05<00:36,  3.68it/s]extract:  15%|█▌        | 24/157 [00:05<00:35,  3.75it/s]extract:  16%|█▌        | 25/157 [00:06<00:34,  3.81it/s]extract:  17%|█▋        | 26/157 [00:06<00:34,  3.82it/s]extract:  17%|█▋        | 27/157 [00:06<00:33,  3.84it/s]extract:  18%|█▊        | 28/157 [00:07<00:33,  3.87it/s]extract:  18%|█▊        | 29/157 [00:07<00:32,  3.91it/s]extract:  19%|█▉        | 30/157 [00:07<00:32,  3.92it/s]extract:  20%|█▉        | 31/157 [00:07<00:32,  3.89it/s]extract:  20%|██        | 32/157 [00:08<00:33,  3.71it/s]extract:  21%|██        | 33/157 [00:08<00:34,  3.60it/s]extract:  22%|██▏       | 34/157 [00:08<00:33,  3.70it/s]extract:  22%|██▏       | 35/157 [00:08<00:32,  3.77it/s]extract:  23%|██▎       | 36/157 [00:09<00:30,  3.97it/s]extract:  24%|██▎       | 37/157 [00:09<00:30,  3.98it/s]extract:  24%|██▍       | 38/157 [00:09<00:29,  3.98it/s]extract:  25%|██▍       | 39/157 [00:09<00:29,  3.96it/s]extract:  25%|██▌       | 40/157 [00:10<00:28,  4.13it/s]extract:  26%|██▌       | 41/157 [00:10<00:28,  4.09it/s]extract:  27%|██▋       | 42/157 [00:10<00:28,  4.06it/s]extract:  27%|██▋       | 43/157 [00:10<00:28,  4.02it/s]extract:  28%|██▊       | 44/157 [00:11<00:27,  4.15it/s]extract:  29%|██▊       | 45/157 [00:11<00:25,  4.31it/s]extract:  29%|██▉       | 46/157 [00:11<00:24,  4.44it/s]extract:  30%|██▉       | 47/157 [00:11<00:24,  4.54it/s]extract:  31%|███       | 48/157 [00:11<00:23,  4.61it/s]extract:  31%|███       | 49/157 [00:12<00:22,  4.79it/s]extract:  32%|███▏      | 50/157 [00:12<00:22,  4.78it/s]extract:  32%|███▏      | 51/157 [00:12<00:22,  4.77it/s]extract:  33%|███▎      | 52/157 [00:12<00:22,  4.77it/s]extract:  34%|███▍      | 53/157 [00:12<00:21,  4.77it/s]extract:  34%|███▍      | 54/157 [00:13<00:21,  4.88it/s]extract:  35%|███▌      | 55/157 [00:13<00:21,  4.84it/s]extract:  36%|███▌      | 56/157 [00:13<00:20,  4.82it/s]extract:  36%|███▋      | 57/157 [00:13<00:20,  4.81it/s]extract:  37%|███▋      | 58/157 [00:13<00:20,  4.81it/s]extract:  38%|███▊      | 59/157 [00:14<00:20,  4.89it/s]extract:  38%|███▊      | 60/157 [00:14<00:20,  4.85it/s]extract:  39%|███▉      | 61/157 [00:14<00:20,  4.80it/s]extract:  39%|███▉      | 62/157 [00:14<00:19,  4.80it/s]extract:  40%|████      | 63/157 [00:14<00:19,  4.81it/s]extract:  41%|████      | 64/157 [00:15<00:19,  4.79it/s]extract:  41%|████▏     | 65/157 [00:15<00:19,  4.81it/s]extract:  42%|████▏     | 66/157 [00:15<00:19,  4.78it/s]extract:  43%|████▎     | 67/157 [00:15<00:18,  4.78it/s]extract:  43%|████▎     | 68/157 [00:16<00:18,  4.77it/s]extract:  44%|████▍     | 69/157 [00:16<00:18,  4.75it/s]extract:  45%|████▍     | 70/157 [00:16<00:17,  4.88it/s]extract:  45%|████▌     | 71/157 [00:16<00:17,  4.84it/s]extract:  46%|████▌     | 72/157 [00:16<00:17,  4.81it/s]extract:  46%|████▋     | 73/157 [00:17<00:17,  4.80it/s]extract:  47%|████▋     | 74/157 [00:17<00:17,  4.74it/s]extract:  48%|████▊     | 75/157 [00:17<00:16,  4.87it/s]extract:  48%|████▊     | 76/157 [00:17<00:16,  4.83it/s]extract:  49%|████▉     | 77/157 [00:17<00:16,  4.81it/s]extract:  50%|████▉     | 78/157 [00:18<00:16,  4.81it/s]extract:  50%|█████     | 79/157 [00:18<00:16,  4.76it/s]extract:  51%|█████     | 80/157 [00:18<00:15,  4.88it/s]extract:  52%|█████▏    | 81/157 [00:18<00:15,  4.84it/s]extract:  52%|█████▏    | 82/157 [00:18<00:15,  4.80it/s]extract:  53%|█████▎    | 83/157 [00:19<00:15,  4.78it/s]extract:  54%|█████▎    | 84/157 [00:19<00:15,  4.76it/s]extract:  54%|█████▍    | 85/157 [00:19<00:14,  4.94it/s]extract:  55%|█████▍    | 86/157 [00:19<00:14,  4.89it/s]extract:  55%|█████▌    | 87/157 [00:19<00:14,  4.84it/s]extract:  56%|█████▌    | 88/157 [00:20<00:14,  4.82it/s]extract:  57%|█████▋    | 89/157 [00:20<00:14,  4.78it/s]extract:  57%|█████▋    | 90/157 [00:20<00:13,  4.97it/s]extract:  58%|█████▊    | 91/157 [00:20<00:13,  4.90it/s]extract:  59%|█████▊    | 92/157 [00:20<00:13,  4.86it/s]extract:  59%|█████▉    | 93/157 [00:21<00:13,  4.81it/s]extract:  60%|█████▉    | 94/157 [00:21<00:13,  4.76it/s]extract:  61%|██████    | 95/157 [00:21<00:13,  4.61it/s]extract:  61%|██████    | 96/157 [00:21<00:13,  4.44it/s]extract:  62%|██████▏   | 97/157 [00:22<00:13,  4.46it/s]extract:  62%|██████▏   | 98/157 [00:22<00:13,  4.52it/s]extract:  63%|██████▎   | 99/157 [00:22<00:12,  4.54it/s]extract:  64%|██████▎   | 100/157 [00:22<00:12,  4.56it/s]extract:  64%|██████▍   | 101/157 [00:22<00:12,  4.60it/s]extract:  65%|██████▍   | 102/157 [00:23<00:11,  4.61it/s]extract:  66%|██████▌   | 103/157 [00:23<00:11,  4.66it/s]extract:  66%|██████▌   | 104/157 [00:23<00:11,  4.74it/s]extract:  67%|██████▋   | 105/157 [00:23<00:10,  4.75it/s]extract:  68%|██████▊   | 106/157 [00:24<00:10,  4.75it/s]extract:  68%|██████▊   | 107/157 [00:24<00:10,  4.75it/s]extract:  69%|██████▉   | 108/157 [00:24<00:10,  4.76it/s]extract:  69%|██████▉   | 109/157 [00:24<00:09,  4.88it/s]extract:  70%|███████   | 110/157 [00:24<00:09,  4.85it/s]extract:  71%|███████   | 111/157 [00:25<00:09,  4.82it/s]extract:  71%|███████▏  | 112/157 [00:25<00:09,  4.80it/s]extract:  72%|███████▏  | 113/157 [00:25<00:09,  4.78it/s]extract:  73%|███████▎  | 114/157 [00:25<00:08,  4.92it/s]extract:  73%|███████▎  | 115/157 [00:25<00:08,  4.86it/s]extract:  74%|███████▍  | 116/157 [00:26<00:08,  4.82it/s]extract:  75%|███████▍  | 117/157 [00:26<00:08,  4.82it/s]extract:  75%|███████▌  | 118/157 [00:26<00:08,  4.82it/s]extract:  76%|███████▌  | 119/157 [00:26<00:07,  4.93it/s]extract:  76%|███████▋  | 120/157 [00:26<00:07,  4.80it/s]extract:  77%|███████▋  | 121/157 [00:27<00:07,  4.77it/s]extract:  78%|███████▊  | 122/157 [00:27<00:07,  4.76it/s]extract:  78%|███████▊  | 123/157 [00:27<00:07,  4.78it/s]extract:  79%|███████▉  | 124/157 [00:27<00:06,  4.76it/s]extract:  80%|███████▉  | 125/157 [00:27<00:06,  4.76it/s]extract:  80%|████████  | 126/157 [00:28<00:06,  4.73it/s]extract:  81%|████████  | 127/157 [00:28<00:06,  4.73it/s]extract:  82%|████████▏ | 128/157 [00:28<00:06,  4.70it/s]extract:  82%|████████▏ | 129/157 [00:28<00:06,  4.46it/s]extract:  83%|████████▎ | 130/157 [00:29<00:06,  4.26it/s]extract:  83%|████████▎ | 131/157 [00:29<00:05,  4.51it/s]extract:  84%|████████▍ | 132/157 [00:29<00:05,  4.58it/s]extract:  85%|████████▍ | 133/157 [00:29<00:05,  4.60it/s]extract:  85%|████████▌ | 134/157 [00:29<00:05,  4.57it/s]extract:  86%|████████▌ | 135/157 [00:30<00:04,  4.50it/s]extract:  87%|████████▋ | 136/157 [00:30<00:04,  4.52it/s]extract:  87%|████████▋ | 137/157 [00:30<00:04,  4.49it/s]extract:  88%|████████▊ | 138/157 [00:30<00:04,  4.45it/s]extract:  89%|████████▊ | 139/157 [00:31<00:04,  4.41it/s]extract:  89%|████████▉ | 140/157 [00:31<00:03,  4.44it/s]extract:  90%|████████▉ | 141/157 [00:31<00:03,  4.48it/s]extract:  90%|█████████ | 142/157 [00:31<00:03,  4.51it/s]extract:  91%|█████████ | 143/157 [00:31<00:03,  4.53it/s]extract:  92%|█████████▏| 144/157 [00:32<00:02,  4.55it/s]extract:  92%|█████████▏| 145/157 [00:32<00:02,  4.56it/s]extract:  93%|█████████▎| 146/157 [00:32<00:02,  4.56it/s]extract:  94%|█████████▎| 147/157 [00:32<00:02,  4.59it/s]extract:  94%|█████████▍| 148/157 [00:33<00:01,  4.78it/s]extract:  95%|█████████▍| 149/157 [00:33<00:01,  4.70it/s]extract:  96%|█████████▌| 150/157 [00:33<00:01,  4.57it/s]extract:  96%|█████████▌| 151/157 [00:33<00:01,  4.59it/s]extract:  97%|█████████▋| 152/157 [00:33<00:01,  4.61it/s]extract:  97%|█████████▋| 153/157 [00:34<00:00,  4.60it/s]extract:  98%|█████████▊| 154/157 [00:34<00:00,  4.61it/s]extract:  99%|█████████▊| 155/157 [00:34<00:00,  4.62it/s]extract:  99%|█████████▉| 156/157 [00:34<00:00,  4.64it/s]extract: 100%|██████████| 157/157 [00:34<00:00,  4.50it/s]
    -> {'top1_accuracy': 0.5837, 'ci95_low': 0.5744475, 'ci95_high': 0.5927525, 'n_test': 10000, 'n_train_per_class': 1, 'n_classes': 10, 'correct_per_example': [0, 1, 1, 1, 0, 1, 1, 0, 0, 1, 1, 0, 1, 1, 0, 1, 1, 1, 0, 1, 1, 0, 1, 0, 1, 1, 0, 0, 1, 0, 0, 0, 0, 1, 0, 0, 1, 0, 1, 1, 0, 1, 1, 1, 0, 1, 1, 1, 0, 0, 0, 1, 1, 0, 1, 0, 1, 0, 0, 1, 1, 1, 0, 1, 1, 1, 1, 0, 0, 0, 1, 1, 1, 0, 1, 1, 1, 1, 0, 1, 1, 0, 0, 1, 0, 1, 1, 1, 1, 0, 0, 1, 0, 1, 1, 0, 0, 1, 0, 1, 0, 0, 1, 1, 1, 0, 0, 0, 0, 1, 1, 1, 1, 1, 1, 1, 1, 0, 1, 0, 0, 0, 0, 0, 0, 1, 0, 0, 1, 1, 0, 1, 1, 1, 1, 0, 1, 1, 1, 1, 1, 1, 1, 1, 1, 0, 1, 0, 1, 1, 0, 1, 1, 1, 0, 1, 0, 1, 1, 0, 1, 1, 1, 0, 0, 0, 1, 1, 1, 1, 1, 0, 1, 1, 0, 1, 0, 1, 0, 1, 1, 1, 0, 0, 1, 1, 1, 1, 0, 1, 1, 1, 1, 1, 1, 0, 1, 0, 0, 1, 1, 0, 1, 1, 1, 1, 1, 1, 1, 0, 0, 1, 1, 0, 1, 1, 1, 0, 1, 1, 1, 0, 1, 0, 1, 1, 0, 0, 1, 1, 1, 0, 1, 1, 0, 1, 1, 1, 0, 1, 1, 0, 1, 1, 0, 1, 0, 1, 0, 1, 1, 1, 0, 0, 0, 0, 0, 0, 1, 0, 1, 1, 0, 1, 1, 0, 0, 0, 0, 0, 1, 1, 1, 1, 1, 1, 0, 0, 1, 1, 1, 1, 0, 1, 1, 0, 0, 1, 0, 0, 0, 1, 1, 0, 0, 0, 1, 0, 1, 0, 0, 0, 0, 1, 0, 1, 1, 0, 1, 1, 1, 0, 0, 1, 1, 0, 0, 1, 0, 1, 0, 1, 1, 1, 1, 0, 1, 1, 1, 1, 1, 1, 1, 1, 1, 0, 1, 0, 1, 0, 0, 0, 0, 1, 0, 1, 1, 1, 1, 1, 1, 1, 0, 0, 1, 0, 1, 1, 0, 0, 1, 1, 1, 0, 1, 1, 1, 1, 1, 0, 0, 1, 0, 1, 1, 0, 1, 1, 0, 0, 1, 1, 0, 1, 1, 0, 1, 0, 1, 0, 1, 0, 1, 1, 1, 1, 1, 0, 1, 1, 0, 0, 1, 1, 0, 0, 1, 0, 0, 1, 1, 0, 1, 0, 1, 0, 1, 1, 0, 0, 1, 0, 0, 1, 0, 1, 1, 0, 1, 0, 0, 1, 1, 1, 1, 1, 1, 0, 1, 1, 1, 0, 0, 1, 1, 0, 0, 1, 0, 0, 1, 1, 1, 1, 0, 1, 0, 0, 1, 0, 0, 1, 1, 1, 1, 0, 1, 0, 1, 0, 1, 0, 0, 1, 0, 1, 0, 1, 1, 1, 0, 1, 0, 1, 0, 1, 1, 1, 1, 0, 0, 1, 0, 1, 1, 1, 1, 1, 1, 0, 1, 0, 0, 1, 1, 0, 1, 1, 1, 0, 0, 0, 0, 1, 1, 0, 1, 1, 1, 1, 1, 0, 1, 1, 0, 1, 1, 1, 0, 0, 1, 1, 0, 0, 0, 0, 1, 1, 1, 0, 1, 0, 0, 1, 1, 1, 1, 1, 0, 1, 0, 1, 0, 1, 1, 1, 1, 1, 0, 1, 0, 0, 0, 0, 1, 0, 1, 0, 0, 0, 1, 0, 0, 1, 1, 1, 1, 0, 0, 0, 1, 0, 1, 1, 1, 0, 1, 0, 0, 0, 1, 1, 1, 1, 1, 0, 0, 1, 0, 1, 1, 1, 1, 1, 1, 1, 1, 0, 1, 1, 1, 1, 0, 1, 1, 1, 0, 1, 0, 0, 1, 1, 1, 0, 0, 1, 1, 0, 0, 0, 1, 0, 1, 1, 0, 0, 1, 0, 0, 1, 1, 0, 0, 0, 0, 1, 1, 1, 0, 1, 0, 1, 1, 1, 0, 0, 1, 0, 0, 1, 1, 1, 1, 1, 0, 0, 1, 1, 1, 1, 0, 1, 0, 0, 0, 1, 1, 1, 0, 1, 1, 0, 0, 1, 0, 0, 0, 1, 0, 1, 1, 1, 1, 1, 0, 0, 0, 0, 1, 1, 0, 1, 0, 0, 1, 1, 0, 1, 0, 0, 1, 0, 1, 1, 1, 1, 0, 1, 1, 1, 1, 0, 0, 1, 0, 0, 1, 1, 1, 0, 0, 1, 0, 1, 0, 1, 1, 0, 0, 1, 1, 0, 1, 1, 0, 1, 1, 1, 0, 1, 1, 1, 1, 0, 1, 1, 1, 1, 0, 1, 0, 0, 0, 0, 1, 0, 0, 0, 0, 1, 1, 1, 1, 1, 0, 0, 1, 1, 0, 1, 1, 1, 1, 1, 1, 0, 0, 1, 1, 1, 1, 1, 1, 0, 0, 1, 1, 0, 1, 0, 0, 1, 0, 0, 1, 1, 0, 1, 1, 0, 1, 0, 1, 0, 0, 0, 1, 0, 1, 0, 1, 0, 1, 0, 1, 1, 1, 0, 0, 0, 1, 1, 0, 1, 1, 1, 0, 0, 1, 1, 0, 1, 1, 1, 0, 1, 1, 0, 0, 1, 0, 0, 0, 1, 1, 1, 0, 1, 0, 0, 1, 1, 1, 1, 1, 0, 1, 1, 0, 1, 0, 0, 0, 1, 1, 1, 1, 1, 0, 1, 1, 1, 1, 1, 1, 0, 1, 0, 1, 1, 0, 1, 0, 1, 0, 0, 1, 1, 0, 1, 0, 1, 1, 1, 0, 0, 1, 1, 1, 0, 1, 1, 1, 1, 1, 1, 0, 1, 1, 1, 0, 1, 1, 1, 0, 1, 1, 1, 0, 0, 1, 0, 1, 1, 0, 0, 1, 1, 0, 0, 1, 1, 1, 1, 1, 0, 0, 0, 0, 1, 1, 1, 0, 1, 1, 1, 1, 1, 0, 1, 0, 0, 0, 0, 0, 1, 0, 1, 0, 1, 0, 0, 0, 1, 1, 1, 0, 0, 1, 1, 1, 1, 0, 1, 0, 0, 1, 1, 0, 0, 1, 1, 1, 0, 0, 0, 1, 0, 1, 1, 0, 0, 0, 0, 0, 1, 0, 1, 0, 0, 1, 0, 1, 1, 0, 0, 1, 1, 1, 1, 1, 0, 0, 0, 1, 0, 1, 0, 1, 0, 0, 1, 1, 1, 1, 1, 0, 0, 1, 0, 1, 1, 1, 1, 0, 1, 0, 1, 0, 1, 0, 0, 1, 0, 0, 1, 0, 0, 0, 1, 1, 0, 1, 1, 0, 1, 0, 1, 1, 1, 1, 0, 1, 1, 1, 1, 0, 0, 1, 0, 1, 0, 1, 1, 1, 0, 1, 1, 0, 1, 0, 1, 0, 1, 1, 1, 0, 1, 1, 1, 1, 1, 1, 0, 1, 1, 0, 0, 1, 1, 0, 0, 1, 1, 0, 0, 1, 1, 1, 1, 1, 0, 0, 1, 0, 0, 0, 1, 1, 0, 0, 0, 1, 1, 0, 0, 0, 0, 0, 0, 0, 1, 1, 1, 0, 1, 0, 1, 1, 1, 0, 1, 0, 1, 1, 0, 1, 1, 0, 1, 0, 0, 0, 1, 1, 0, 1, 0, 1, 1, 1, 1, 1, 1, 0, 1, 0, 0, 0, 1, 0, 1, 1, 1, 1, 0, 1, 1, 1, 0, 1, 1, 0, 1, 1, 1, 1, 0, 1, 0, 1, 1, 1, 0, 0, 1, 1, 0, 1, 0, 0, 1, 1, 1, 0, 1, 1, 1, 1, 1, 0, 1, 0, 0, 1, 1, 0, 1, 1, 1, 0, 0, 1, 1, 1, 1, 0, 0, 1, 1, 0, 0, 1, 0, 1, 0, 1, 0, 1, 1, 1, 0, 1, 0, 1, 0, 0, 1, 0, 1, 1, 0, 0, 0, 0, 1, 0, 1, 1, 1, 0, 1, 1, 1, 1, 1, 0, 0, 0, 1, 1, 1, 1, 0, 1, 1, 0, 0, 1, 1, 0, 0, 0, 1, 0, 1, 0, 0, 1, 0, 0, 1, 1, 0, 1, 1, 0, 1, 1, 0, 0, 1, 1, 0, 0, 1, 0, 0, 0, 1, 0, 1, 1, 1, 0, 1, 1, 1, 1, 0, 0, 0, 1, 0, 0, 0, 1, 0, 0, 0, 0, 1, 0, 1, 0, 1, 1, 0, 1, 0, 1, 1, 0, 1, 1, 1, 1, 1, 0, 1, 1, 1, 1, 1, 1, 1, 1, 0, 1, 0, 0, 0, 1, 0, 1, 0, 1, 0, 0, 0, 1, 1, 1, 1, 1, 0, 1, 1, 1, 1, 1, 1, 1, 1, 0, 0, 0, 1, 1, 1, 0, 1, 1, 1, 0, 1, 0, 1, 0, 1, 0, 1, 0, 1, 1, 1, 1, 1, 1, 0, 0, 1, 1, 0, 1, 0, 1, 0, 1, 1, 1, 0, 1, 1, 1, 0, 1, 0, 1, 1, 1, 0, 1, 1, 1, 1, 1, 0, 1, 1, 1, 1, 1, 0, 1, 0, 0, 1, 0, 1, 1, 1, 1, 1, 1, 1, 1, 1, 0, 0, 0, 1, 0, 1, 1, 1, 1, 1, 1, 1, 1, 0, 1, 0, 1, 1, 1, 0, 1, 0, 0, 1, 1, 0, 1, 1, 1, 0, 0, 1, 0, 0, 0, 1, 0, 1, 1, 1, 0, 0, 1, 1, 1, 0, 0, 0, 1, 1, 1, 0, 1, 0, 0, 0, 1, 0, 1, 0, 0, 1, 1, 0, 0, 0, 1, 1, 0, 1, 1, 1, 1, 1, 1, 1, 0, 0, 0, 1, 0, 0, 1, 0, 1, 1, 0, 0, 0, 1, 1, 0, 1, 1, 0, 0, 0, 1, 1, 1, 0, 1, 0, 1, 1, 1, 1, 0, 1, 0, 0, 0, 1, 1, 1, 1, 0, 0, 0, 0, 1, 0, 0, 1, 1, 1, 1, 1, 1, 0, 0, 1, 1, 0, 1, 1, 1, 1, 0, 1, 1, 0, 0, 1, 1, 1, 1, 1, 1, 0, 0, 0, 0, 0, 1, 1, 1, 1, 0, 1, 0, 0, 0, 1, 0, 1, 1, 1, 1, 1, 1, 0, 0, 0, 0, 1, 0, 0, 0, 1, 1, 0, 0, 1, 1, 1, 1, 1, 1, 1, 1, 1, 1, 1, 1, 1, 1, 0, 1, 0, 1, 1, 1, 0, 1, 1, 0, 1, 0, 0, 0, 1, 1, 1, 1, 1, 0, 1, 0, 0, 1, 1, 1, 1, 1, 0, 1, 0, 1, 1, 0, 0, 1, 1, 1, 1, 1, 1, 0, 0, 0, 1, 1, 1, 0, 0, 1, 1, 1, 0, 1, 1, 0, 0, 1, 1, 1, 1, 1, 1, 0, 1, 0, 0, 0, 1, 0, 1, 0, 1, 0, 0, 1, 0, 1, 0, 0, 0, 0, 0, 1, 1, 1, 0, 1, 0, 1, 0, 0, 0, 1, 0, 1, 1, 0, 1, 0, 1, 1, 1, 0, 0, 1, 0, 1, 1, 1, 1, 1, 0, 0, 0, 1, 0, 0, 1, 1, 1, 1, 0, 1, 1, 1, 0, 1, 0, 0, 1, 0, 0, 0, 0, 1, 1, 1, 0, 1, 1, 1, 0, 1, 0, 0, 0, 1, 1, 0, 1, 1, 0, 1, 0, 1, 1, 1, 0, 1, 0, 1, 1, 1, 0, 1, 1, 1, 1, 0, 1, 0, 0, 1, 0, 1, 0, 1, 0, 1, 1, 0, 1, 1, 1, 0, 1, 0, 1, 1, 1, 1, 1, 1, 1, 1, 1, 0, 1, 1, 1, 1, 0, 1, 1, 1, 1, 0, 1, 1, 1, 1, 1, 1, 1, 1, 1, 1, 1, 0, 1, 0, 1, 0, 1, 1, 0, 1, 0, 1, 1, 1, 1, 1, 1, 0, 1, 1, 1, 0, 1, 1, 1, 1, 0, 0, 1, 0, 1, 1, 1, 1, 0, 1, 1, 0, 1, 0, 1, 1, 1, 1, 1, 1, 1, 0, 0, 1, 1, 0, 0, 1, 1, 1, 0, 0, 1, 0, 0, 1, 0, 1, 0, 1, 0, 1, 1, 0, 0, 0, 1, 1, 1, 0, 1, 0, 1, 1, 1, 1, 0, 1, 0, 1, 0, 1, 0, 1, 0, 0, 0, 0, 0, 0, 1, 0, 1, 1, 0, 0, 1, 0, 0, 1, 0, 1, 1, 1, 1, 0, 1, 1, 1, 0, 0, 0, 0, 1, 1, 0, 1, 1, 1, 0, 0, 0, 1, 1, 0, 1, 1, 0, 1, 0, 1, 0, 0, 0, 1, 1, 1, 1, 0, 1, 1, 1, 0, 1, 1, 0, 1, 1, 0, 1, 1, 1, 1, 1, 1, 0, 1, 1, 0, 1, 0, 1, 1, 0, 0, 1, 1, 0, 0, 0, 0, 1, 0, 0, 1, 0, 0, 1, 0, 1, 0, 1, 0, 0, 0, 1, 1, 0, 1, 0, 0, 1, 1, 1, 1, 1, 0, 0, 0, 1, 0, 1, 0, 0, 1, 1, 1, 1, 0, 0, 1, 1, 1, 1, 0, 0, 1, 1, 1, 1, 0, 0, 1, 1, 1, 1, 1, 0, 1, 1, 1, 1, 0, 1, 1, 1, 1, 1, 1, 0, 0, 1, 0, 1, 1, 0, 1, 0, 0, 0, 1, 1, 1, 1, 1, 0, 0, 1, 1, 0, 0, 0, 1, 0, 1, 0, 1, 1, 0, 1, 0, 1, 1, 0, 1, 1, 0, 0, 1, 0, 1, 0, 1, 1, 1, 0, 1, 0, 1, 0, 1, 1, 0, 1, 0, 1, 1, 1, 1, 1, 0, 0, 0, 0, 1, 1, 0, 0, 0, 1, 1, 1, 0, 0, 0, 1, 1, 0, 1, 1, 1, 1, 1, 1, 1, 1, 1, 1, 1, 1, 0, 0, 1, 1, 0, 0, 1, 1, 1, 1, 0, 0, 0, 0, 1, 1, 1, 0, 1, 0, 0, 0, 1, 1, 1, 1, 0, 1, 0, 0, 0, 0, 1, 0, 1, 1, 0, 0, 0, 1, 1, 1, 0, 1, 0, 1, 1, 1, 0, 0, 1, 1, 0, 0, 1, 0, 1, 0, 0, 0, 0, 1, 0, 1, 0, 1, 1, 1, 0, 1, 0, 0, 1, 1, 0, 1, 1, 1, 0, 0, 0, 0, 1, 0, 1, 0, 0, 1, 1, 0, 0, 0, 0, 1, 1, 1, 1, 0, 1, 1, 0, 1, 1, 1, 1, 0, 1, 0, 0, 0, 0, 1, 0, 1, 1, 1, 1, 1, 0, 1, 1, 1, 0, 1, 1, 0, 1, 0, 1, 1, 1, 1, 0, 0, 1, 1, 0, 0, 1, 1, 1, 0, 1, 0, 1, 1, 1, 1, 0, 1, 1, 1, 0, 0, 0, 1, 1, 1, 1, 1, 1, 1, 0, 0, 0, 1, 0, 1, 1, 1, 0, 0, 1, 1, 1, 1, 0, 0, 0, 1, 1, 1, 0, 0, 1, 1, 1, 1, 1, 0, 1, 1, 1, 1, 1, 1, 1, 0, 1, 0, 0, 1, 0, 0, 0, 1, 0, 0, 1, 1, 1, 1, 0, 1, 0, 0, 0, 1, 0, 0, 1, 0, 1, 0, 0, 0, 1, 0, 0, 0, 0, 0, 0, 1, 0, 1, 1, 1, 1, 0, 0, 1, 1, 0, 1, 0, 0, 1, 1, 1, 0, 0, 0, 1, 0, 1, 0, 0, 1, 0, 1, 0, 0, 1, 1, 0, 0, 1, 1, 0, 1, 1, 0, 1, 0, 1, 0, 1, 1, 0, 0, 0, 1, 1, 0, 1, 1, 1, 0, 0, 1, 1, 1, 1, 0, 0, 1, 1, 1, 1, 0, 1, 1, 1, 1, 1, 1, 0, 0, 1, 0, 0, 0, 1, 1, 1, 0, 0, 1, 0, 1, 0, 1, 0, 1, 1, 1, 0, 1, 0, 0, 1, 0, 1, 1, 1, 1, 1, 1, 1, 0, 1, 0, 1, 1, 1, 1, 1, 1, 1, 0, 0, 0, 1, 0, 1, 0, 0, 1, 0, 0, 0, 1, 1, 1, 0, 1, 1, 1, 0, 1, 1, 0, 1, 1, 0, 1, 1, 0, 1, 0, 1, 1, 0, 0, 1, 0, 1, 1, 0, 0, 1, 0, 1, 1, 0, 1, 0, 0, 1, 1, 1, 0, 0, 0, 1, 1, 1, 0, 0, 0, 1, 1, 0, 1, 1, 1, 0, 0, 1, 0, 1, 1, 0, 1, 1, 1, 1, 0, 0, 1, 1, 1, 1, 0, 1, 0, 1, 1, 1, 0, 0, 0, 1, 1, 1, 1, 1, 0, 0, 0, 0, 0, 0, 1, 0, 1, 0, 1, 0, 0, 1, 1, 1, 0, 1, 0, 1, 1, 0, 0, 0, 1, 1, 0, 0, 1, 0, 1, 1, 1, 1, 1, 1, 0, 0, 0, 0, 1, 0, 1, 0, 1, 1, 1, 1, 1, 1, 0, 1, 1, 0, 0, 1, 1, 0, 0, 1, 1, 1, 1, 1, 1, 0, 1, 1, 0, 1, 1, 1, 1, 1, 1, 1, 1, 1, 1, 0, 1, 1, 0, 0, 1, 0, 1, 0, 1, 1, 0, 0, 1, 1, 0, 0, 1, 1, 0, 1, 1, 1, 1, 1, 1, 1, 1, 1, 1, 1, 0, 1, 0, 0, 1, 1, 1, 0, 1, 1, 0, 1, 0, 1, 0, 0, 1, 1, 0, 0, 0, 0, 1, 1, 0, 0, 1, 1, 0, 1, 0, 1, 1, 1, 1, 1, 1, 1, 1, 1, 1, 0, 0, 0, 0, 0, 1, 0, 0, 1, 0, 1, 1, 1, 1, 0, 0, 0, 1, 1, 0, 0, 0, 0, 0, 0, 0, 1, 1, 1, 0, 1, 0, 0, 1, 0, 1, 0, 1, 0, 1, 1, 1, 0, 1, 1, 1, 1, 0, 1, 0, 0, 0, 0, 1, 1, 1, 0, 0, 1, 0, 0, 0, 0, 1, 0, 1, 1, 1, 1, 1, 1, 1, 0, 0, 1, 0, 1, 1, 0, 0, 0, 0, 0, 1, 1, 0, 1, 0, 0, 0, 1, 0, 0, 1, 1, 1, 1, 0, 1, 0, 0, 0, 0, 0, 1, 1, 0, 1, 1, 0, 1, 1, 1, 1, 1, 1, 1, 0, 0, 1, 1, 1, 1, 1, 0, 1, 1, 1, 1, 0, 1, 1, 0, 1, 1, 0, 0, 1, 1, 1, 0, 1, 1, 1, 0, 1, 1, 1, 0, 0, 0, 1, 1, 1, 1, 1, 0, 1, 0, 1, 1, 1, 1, 0, 1, 0, 1, 0, 0, 0, 0, 0, 0, 0, 0, 1, 1, 1, 1, 0, 0, 1, 1, 1, 1, 1, 1, 1, 0, 0, 0, 1, 1, 1, 1, 1, 1, 1, 1, 1, 1, 0, 0, 1, 1, 1, 1, 1, 0, 0, 1, 1, 1, 0, 1, 1, 1, 0, 1, 1, 1, 0, 1, 1, 0, 1, 1, 0, 0, 0, 1, 0, 1, 1, 1, 1, 0, 0, 1, 0, 0, 1, 0, 0, 1, 1, 0, 1, 1, 0, 1, 0, 1, 0, 0, 1, 0, 1, 0, 1, 0, 1, 0, 1, 1, 1, 0, 1, 1, 0, 1, 1, 0, 0, 0, 0, 1, 0, 1, 1, 1, 1, 1, 0, 1, 0, 1, 1, 0, 1, 0, 0, 1, 0, 0, 0, 1, 0, 0, 1, 0, 1, 0, 0, 1, 1, 0, 0, 1, 1, 0, 0, 1, 1, 1, 0, 1, 1, 1, 1, 0, 1, 0, 1, 1, 0, 1, 0, 0, 1, 0, 1, 0, 0, 0, 1, 1, 1, 1, 0, 0, 0, 1, 0, 1, 0, 1, 1, 1, 1, 0, 0, 1, 0, 1, 0, 0, 1, 1, 1, 1, 0, 1, 0, 1, 1, 0, 0, 1, 0, 0, 0, 0, 0, 0, 0, 1, 0, 1, 0, 1, 1, 0, 0, 1, 0, 1, 0, 0, 1, 1, 0, 1, 1, 0, 0, 1, 1, 1, 1, 1, 0, 1, 1, 1, 1, 1, 0, 0, 1, 0, 0, 0, 0, 0, 0, 1, 0, 1, 1, 1, 0, 0, 0, 0, 1, 1, 1, 0, 1, 1, 0, 0, 1, 1, 0, 0, 0, 0, 0, 0, 1, 1, 1, 0, 0, 1, 0, 1, 0, 1, 0, 1, 1, 1, 0, 1, 1, 0, 0, 1, 0, 1, 0, 0, 0, 0, 1, 1, 1, 1, 1, 1, 1, 1, 1, 1, 1, 0, 1, 0, 1, 1, 1, 0, 1, 1, 1, 1, 1, 1, 1, 1, 1, 0, 0, 1, 1, 1, 1, 1, 1, 0, 1, 1, 1, 1, 1, 1, 0, 1, 1, 1, 1, 1, 0, 0, 1, 0, 1, 0, 1, 1, 1, 1, 1, 1, 0, 1, 0, 1, 1, 0, 1, 0, 1, 0, 1, 1, 1, 1, 1, 1, 1, 0, 1, 1, 0, 1, 1, 1, 1, 1, 1, 0, 1, 1, 0, 0, 1, 1, 0, 1, 0, 1, 0, 0, 1, 0, 1, 1, 1, 1, 0, 1, 0, 1, 1, 1, 1, 1, 1, 1, 0, 0, 1, 0, 1, 1, 1, 0, 0, 1, 0, 1, 0, 0, 0, 1, 1, 0, 0, 0, 0, 0, 1, 1, 1, 0, 1, 1, 0, 0, 1, 1, 0, 0, 0, 1, 1, 1, 1, 1, 1, 0, 1, 0, 0, 1, 0, 1, 0, 1, 0, 1, 0, 0, 0, 1, 0, 0, 0, 0, 1, 1, 1, 0, 0, 0, 1, 0, 1, 0, 1, 0, 0, 1, 1, 0, 1, 1, 1, 0, 0, 1, 1, 1, 1, 1, 0, 0, 1, 0, 0, 1, 1, 1, 1, 0, 0, 1, 0, 1, 1, 0, 1, 1, 1, 1, 1, 0, 1, 0, 0, 1, 1, 1, 0, 1, 1, 1, 1, 1, 0, 0, 0, 1, 1, 0, 1, 0, 1, 1, 0, 0, 1, 0, 0, 1, 1, 1, 1, 0, 1, 0, 0, 0, 0, 0, 0, 1, 0, 1, 0, 1, 0, 0, 1, 1, 1, 1, 1, 1, 1, 0, 1, 1, 1, 1, 0, 1, 0, 1, 1, 0, 1, 1, 1, 1, 0, 1, 1, 0, 1, 1, 1, 0, 0, 0, 1, 0, 1, 1, 1, 1, 0, 1, 1, 1, 1, 1, 1, 0, 1, 1, 1, 0, 1, 0, 0, 0, 1, 0, 1, 1, 0, 1, 1, 1, 1, 0, 1, 1, 1, 1, 1, 1, 0, 0, 1, 1, 0, 1, 1, 1, 1, 0, 1, 0, 0, 1, 0, 1, 1, 1, 1, 1, 0, 0, 1, 1, 0, 1, 1, 1, 0, 1, 0, 1, 1, 0, 1, 0, 0, 1, 0, 1, 0, 1, 1, 1, 0, 0, 0, 0, 0, 0, 0, 0, 1, 1, 0, 0, 0, 1, 1, 1, 1, 1, 1, 1, 1, 0, 1, 0, 0, 1, 1, 1, 1, 1, 1, 0, 1, 1, 1, 1, 1, 0, 1, 0, 1, 1, 1, 1, 0, 0, 1, 0, 0, 1, 1, 0, 1, 1, 1, 0, 0, 1, 1, 0, 1, 0, 0, 0, 1, 1, 0, 0, 1, 1, 1, 1, 0, 1, 0, 0, 0, 1, 1, 1, 1, 1, 0, 1, 0, 1, 1, 0, 0, 0, 1, 1, 1, 0, 1, 0, 0, 1, 1, 1, 1, 0, 1, 1, 1, 1, 1, 0, 1, 1, 1, 1, 1, 1, 0, 1, 1, 1, 0, 1, 1, 1, 1, 0, 1, 1, 1, 1, 1, 1, 0, 0, 1, 0, 0, 0, 0, 0, 0, 0, 1, 1, 1, 1, 0, 0, 0, 0, 1, 0, 1, 1, 0, 1, 1, 0, 1, 1, 0, 1, 0, 0, 1, 0, 1, 1, 1, 1, 0, 1, 0, 1, 1, 1, 1, 1, 0, 0, 0, 1, 1, 1, 1, 0, 0, 1, 1, 1, 1, 1, 1, 1, 0, 1, 1, 0, 1, 0, 0, 0, 1, 0, 1, 1, 1, 1, 0, 0, 1, 0, 0, 0, 0, 1, 0, 0, 0, 1, 0, 0, 1, 1, 1, 0, 1, 1, 0, 1, 1, 0, 1, 0, 1, 0, 1, 1, 1, 0, 1, 1, 1, 1, 1, 1, 1, 1, 0, 0, 1, 1, 0, 0, 1, 0, 0, 1, 1, 0, 0, 1, 1, 0, 1, 0, 0, 1, 0, 1, 1, 1, 0, 0, 1, 0, 0, 1, 0, 1, 1, 0, 1, 1, 0, 1, 0, 1, 0, 0, 0, 1, 0, 1, 1, 0, 1, 1, 1, 0, 1, 1, 1, 1, 1, 1, 0, 1, 0, 0, 1, 1, 1, 1, 1, 1, 0, 1, 1, 0, 0, 0, 1, 1, 0, 0, 1, 1, 1, 1, 1, 1, 0, 1, 1, 1, 1, 0, 0, 1, 1, 1, 0, 1, 0, 0, 1, 1, 0, 1, 1, 1, 0, 1, 0, 0, 1, 1, 1, 1, 1, 1, 0, 1, 1, 0, 0, 1, 0, 1, 1, 0, 1, 0, 0, 1, 1, 0, 1, 1, 0, 0, 1, 1, 0, 0, 1, 0, 0, 0, 1, 1, 0, 1, 1, 0, 1, 1, 1, 1, 0, 0, 1, 0, 0, 0, 0, 1, 0, 0, 1, 0, 0, 1, 1, 0, 1, 0, 0, 1, 0, 0, 1, 1, 1, 1, 1, 1, 0, 1, 0, 0, 1, 0, 1, 1, 0, 1, 1, 1, 0, 1, 0, 1, 0, 0, 1, 0, 0, 1, 1, 1, 0, 1, 1, 1, 1, 1, 0, 1, 0, 1, 1, 0, 0, 1, 1, 1, 0, 0, 1, 1, 0, 0, 1, 0, 1, 1, 0, 1, 0, 0, 0, 1, 1, 0, 0, 0, 1, 0, 0, 1, 0, 1, 1, 0, 1, 1, 0, 0, 0, 0, 0, 1, 1, 1, 0, 1, 0, 1, 1, 0, 1, 1, 0, 0, 1, 1, 0, 1, 1, 1, 0, 0, 1, 0, 1, 0, 1, 1, 1, 0, 0, 1, 1, 1, 1, 1, 0, 1, 0, 1, 1, 0, 1, 1, 1, 1, 1, 0, 1, 0, 1, 1, 1, 0, 0, 1, 0, 1, 0, 1, 0, 0, 0, 0, 1, 1, 1, 0, 0, 0, 1, 1, 1, 0, 0, 0, 1, 1, 0, 1, 1, 0, 0, 0, 0, 1, 1, 1, 0, 0, 0, 0, 1, 0, 0, 0, 1, 1, 0, 1, 1, 1, 0, 0, 1, 0, 0, 0, 0, 1, 1, 0, 1, 1, 1, 1, 1, 1, 1, 1, 1, 1, 1, 0, 0, 0, 1, 1, 0, 0, 0, 1, 1, 1, 1, 1, 1, 0, 0, 0, 0, 1, 1, 0, 1, 0, 0, 1, 1, 0, 0, 0, 1, 1, 1, 1, 0, 1, 1, 1, 0, 1, 1, 1, 0, 1, 1, 0, 0, 0, 1, 1, 0, 1, 1, 0, 1, 1, 0, 1, 0, 0, 0, 0, 0, 1, 1, 1, 1, 1, 1, 0, 1, 0, 1, 1, 0, 1, 1, 0, 1, 1, 1, 1, 0, 1, 1, 1, 1, 1, 0, 0, 1, 0, 1, 1, 0, 0, 0, 0, 0, 1, 1, 1, 1, 1, 1, 0, 1, 0, 1, 0, 1, 0, 0, 1, 0, 0, 0, 0, 1, 1, 0, 0, 1, 1, 1, 0, 1, 0, 0, 0, 1, 1, 1, 0, 1, 0, 0, 0, 0, 0, 0, 1, 1, 1, 0, 1, 1, 0, 1, 1, 1, 1, 1, 1, 1, 1, 1, 0, 1, 1, 0, 1, 0, 1, 0, 1, 1, 1, 1, 1, 0, 0, 0, 1, 0, 1, 0, 1, 1, 1, 1, 1, 1, 1, 1, 1, 0, 1, 0, 1, 0, 1, 1, 0, 1, 1, 1, 1, 0, 1, 0, 1, 1, 1, 1, 1, 1, 1, 1, 0, 1, 1, 1, 0, 0, 1, 0, 1, 1, 1, 0, 1, 0, 1, 1, 1, 1, 0, 1, 1, 0, 1, 0, 0, 1, 0, 1, 1, 0, 1, 0, 1, 0, 1, 0, 1, 0, 1, 0, 1, 0, 0, 0, 1, 1, 0, 1, 1, 0, 1, 1, 0, 0, 1, 1, 0, 1, 1, 1, 1, 1, 1, 1, 1, 1, 0, 0, 0, 0, 0, 0, 1, 0, 1, 0, 1, 1, 0, 0, 1, 1, 0, 1, 0, 0, 1, 1, 0, 0, 0, 1, 1, 0, 0, 0, 1, 0, 0, 0, 1, 0, 1, 1, 1, 1, 1, 1, 1, 0, 1, 0, 1, 1, 1, 1, 1, 1, 0, 1, 0, 1, 1, 1, 1, 1, 1, 0, 1, 0, 1, 1, 1, 1, 1, 0, 1, 0, 1, 1, 0, 1, 0, 0, 0, 0, 0, 1, 1, 0, 1, 0, 1, 1, 0, 0, 0, 1, 0, 0, 1, 1, 0, 0, 0, 1, 1, 0, 0, 0, 1, 1, 0, 1, 0, 0, 1, 0, 1, 1, 1, 1, 1, 1, 1, 0, 0, 1, 1, 0, 0, 0, 1, 1, 1, 0, 0, 1, 0, 0, 0, 1, 0, 0, 0, 0, 1, 1, 0, 0, 1, 0, 0, 1, 0, 1, 0, 0, 1, 0, 0, 1, 1, 1, 0, 1, 0, 1, 0, 1, 0, 0, 1, 0, 0, 0, 1, 0, 0, 0, 1, 0, 0, 1, 0, 1, 0, 1, 1, 1, 0, 0, 0, 1, 0, 0, 0, 1, 0, 1, 1, 1, 1, 0, 0, 1, 1, 1, 1, 0, 0, 1, 0, 1, 0, 0, 0, 0, 0, 1, 1, 1, 1, 0, 0, 0, 1, 1, 1, 0, 1, 0, 1, 0, 1, 0, 1, 1, 0, 0, 0, 1, 0, 0, 0, 0, 1, 0, 0, 1, 0, 0, 1, 1, 1, 1, 0, 0, 0, 1, 0, 1, 1, 0, 0, 0, 0, 0, 0, 0, 1, 1, 1, 1, 0, 0, 0, 1, 1, 1, 0, 0, 0, 1, 0, 0, 1, 1, 1, 1, 0, 1, 0, 1, 1, 1, 1, 1, 1, 1, 1, 1, 0, 1, 1, 0, 0, 0, 1, 1, 1, 0, 1, 1, 1, 1, 1, 1, 1, 1, 0, 1, 1, 1, 1, 0, 0, 0, 1, 1, 1, 0, 1, 0, 1, 1, 0, 1, 1, 1, 1, 0, 0, 0, 1, 1, 1, 0, 0, 0, 1, 1, 0, 1, 1, 0, 0, 1, 1, 0, 1, 1, 1, 1, 0, 1, 1, 1, 1, 1, 1, 0, 1, 0, 0, 0, 0, 1, 1, 1, 0, 0, 1, 0, 1, 0, 0, 0, 0, 0, 1, 0, 1, 0, 0, 0, 1, 1, 0, 1, 0, 1, 1, 0, 0, 1, 1, 0, 0, 0, 0, 1, 0, 1, 1, 1, 0, 1, 1, 0, 0, 0, 1, 1, 1, 1, 1, 1, 1, 1, 0, 1, 1, 1, 0, 1, 1, 1, 0, 1, 1, 0, 0, 0, 0, 1, 0, 1, 1, 0, 1, 0, 1, 0, 0, 0, 1, 1, 0, 1, 1, 0, 0, 0, 0, 0, 0, 1, 0, 1, 1, 1, 1, 1, 1, 1, 0, 0, 1, 0, 0, 0, 1, 1, 1, 1, 1, 1, 1, 0, 1, 1, 0, 0, 1, 0, 0, 1, 1, 0, 1, 1, 1, 1, 1, 0, 1, 1, 1, 0, 0, 0, 1, 1, 1, 0, 0, 0, 1, 0, 0, 0, 0, 0, 0, 1, 1, 1, 1, 1, 0, 1, 0, 0, 0, 1, 0, 1, 0, 1, 1, 1, 1, 1, 1, 1, 1, 1, 0, 0, 1, 1, 1, 0, 0, 0, 1, 1, 1, 1, 1, 0, 0, 0, 1, 1, 1, 1, 1, 0, 1, 1, 1, 0, 0, 0, 0, 1, 0, 1, 0, 0, 1, 0, 1, 0, 1, 0, 0, 0, 1, 0, 1, 1, 0, 0, 0, 1, 1, 0, 1, 0, 1, 1, 0, 1, 1, 1, 0, 1, 0, 0, 0, 1, 0, 1, 1, 0, 1, 0, 0, 0, 1, 0, 0, 1, 0, 1, 0, 1, 1, 1, 0, 0, 0, 1, 1, 1, 1, 0, 1, 0, 1, 1, 1, 1, 0, 1, 1, 1, 1, 1, 1, 1, 1, 1, 1, 0, 1, 1, 1, 0, 1, 1, 1, 0, 0, 1, 0, 0, 1, 1, 1, 1, 1, 1, 1, 1, 1, 1, 0, 1, 0, 0, 1, 1, 1, 1, 0, 0, 1, 0, 1, 1, 0, 0, 1, 0, 1, 1, 0, 0, 0, 1, 0, 0, 0, 1, 1, 1, 1, 0, 1, 1, 1, 1, 1, 1, 1, 1, 1, 1, 0, 0, 1, 0, 0, 1, 1, 0, 0, 0, 1, 1, 1, 0, 1, 0, 1, 1, 1, 0, 1, 1, 0, 0, 1, 1, 1, 1, 0, 1, 0, 1, 0, 1, 0, 1, 1, 0, 1, 1, 1, 1, 1, 1, 1, 0, 1, 0, 0, 1, 1, 0, 0, 0, 0, 1, 1, 0, 1, 0, 0, 0, 1, 0, 1, 1, 1, 1, 1, 0, 0, 1, 1, 0, 1, 1, 0, 0, 0, 1, 1, 1, 1, 0, 0, 0, 0, 1, 1, 0, 1, 0, 1, 1, 1, 0, 0, 1, 0, 0, 1, 1, 0, 1, 0, 1, 0, 0, 0, 1, 1, 0, 1, 1, 1, 0, 0, 1, 1, 1, 1, 1, 0, 0, 0, 0, 1, 1, 0, 1, 1, 0, 1, 0, 0, 1, 0, 0, 0, 0, 0, 0, 1, 1, 0, 1, 1, 1, 0, 1, 1, 1, 1, 1, 1, 1, 0, 1, 0, 1, 0, 1, 1, 1, 1, 1, 1, 1, 0, 1, 0, 1, 1, 1, 0, 1, 0, 1, 0, 0, 1, 1, 1, 1, 1, 1, 0, 0, 0, 1, 1, 0, 0, 0, 0, 0, 0, 1, 0, 1, 0, 1, 1, 0, 1, 1, 1, 1, 1, 1, 0, 1, 1, 1, 1, 0, 0, 1, 1, 1, 1, 1, 0, 1, 1, 1, 0, 0, 1, 0, 1, 0, 0, 1, 1, 0, 1, 1, 1, 0, 0, 1, 1, 0, 0, 1, 1, 0, 0, 0, 0, 1, 1, 1, 1, 0, 1, 1, 0, 1, 0, 1, 1, 1, 1, 1, 0, 1, 1, 1, 0, 1, 1, 1, 0, 1, 1, 0, 1, 0, 0, 0, 0, 1, 0, 0, 0, 0, 1, 0, 1, 0, 1, 0, 0, 0, 1, 1, 1, 1, 0, 0, 0, 1, 1, 0, 1, 0, 0, 1, 0, 0, 0, 0, 0, 1, 0, 1, 0, 0, 0, 1, 0, 0, 0, 1, 1, 1, 0, 0, 0, 1, 0, 0, 0, 1, 0, 1, 1, 1, 1, 0, 1, 1, 0, 0, 1, 0, 1, 0, 0, 1, 1, 1, 0, 1, 0, 1, 1, 1, 1, 1, 0, 1, 0, 1, 0, 1, 1, 1, 0, 0, 0, 0, 0, 1, 0, 1, 1, 1, 1, 1, 0, 1, 0, 1, 1, 0, 1, 1, 1, 0, 1, 1, 1, 0, 1, 1, 1, 1, 0, 0, 1, 0, 1, 1, 1, 0, 1, 0, 0, 1, 1, 0, 1, 0, 1, 1, 0, 0, 0, 0, 1, 1, 0, 1, 1, 1, 1, 0, 0, 0, 1, 1, 1, 1, 1, 0, 0, 0, 1, 1, 0, 0, 0, 1, 1, 1, 1, 0, 1, 1, 0, 1, 1, 1, 1, 0, 0, 0, 0, 1, 1, 0, 1, 1, 0, 0, 0, 1, 1, 1, 0, 1, 0, 1, 1, 1, 1, 1, 0, 0, 0, 1, 0, 1, 1, 1, 1, 1, 1, 0, 1, 1, 1, 0, 0, 0, 1, 0, 1, 0, 1, 0, 1, 1, 1, 1, 0, 1, 0, 1, 1, 0, 0, 1, 0, 1, 1, 0, 1, 0, 1, 1, 0, 0, 1, 0, 0, 1, 1, 1, 0, 1, 0, 0, 1, 1, 0, 1, 1, 1, 1, 0, 0, 0, 0, 1, 1, 0, 1, 0, 0, 1, 1, 1, 0, 0, 1, 0, 0, 1, 1, 1, 1, 0, 1, 1, 1, 0, 0, 0, 1, 1, 0, 1, 1, 1, 1, 1, 0, 1, 0, 0, 1, 0, 1, 1, 0, 1, 1, 0, 0, 1, 1, 1, 0, 1, 0, 1, 1, 0, 1, 0, 0, 1, 0, 1, 0, 1, 1, 0, 0, 1, 1, 1, 1, 0, 0, 1, 1, 1, 0, 0, 0, 0, 1, 1, 1, 1, 1, 1, 0, 1, 0, 0, 0, 1, 1, 0, 0, 0, 1, 1, 0, 0, 0, 1, 1, 0, 1, 0, 1, 1, 0, 0, 0, 1, 1, 1, 0, 1, 1, 0, 1, 1, 1, 1, 0, 0, 0, 0, 1, 0, 1, 1, 1, 1, 0, 1, 0, 1, 0, 1, 0, 0, 0, 0, 1, 0, 0, 0, 1, 1, 0, 0, 1, 0, 0, 0, 1, 0, 0, 1, 0, 0, 1, 1, 0, 1, 1, 0, 0, 1, 0, 0, 0, 1, 1, 0, 0, 1, 1, 1, 0, 0, 0, 1, 0, 0, 0, 1, 1, 1, 1, 0, 0, 1, 1, 1, 1, 0, 0, 0, 0, 0, 1, 1, 1, 1, 1, 0, 1, 1, 1, 0, 1, 0, 1, 1, 1, 1, 1, 1, 1, 1, 1, 0, 0, 1, 1, 1, 1, 0, 1, 0, 0, 1, 0, 0, 0, 0, 1, 0, 1, 1, 1, 0, 1, 1, 1, 0, 1, 1, 0, 1, 0, 0, 1, 1, 1, 0, 1, 1, 0, 1, 1, 1, 0, 1, 1, 1, 0, 0, 0, 1, 1, 0, 1, 1, 1, 1, 1, 1, 0, 1, 1, 1, 1, 1, 0, 1, 1, 1, 0, 1, 1, 1, 0, 0, 1, 0, 1, 1, 0, 0, 0, 1, 1, 0, 1, 1, 1, 1, 0, 1, 0, 1, 0, 1, 0, 0, 1, 0, 1, 0, 1, 0, 0, 1, 1, 0, 1, 1, 0, 1, 1, 0, 0, 1, 1, 0, 0, 0, 1, 1, 0, 0, 1, 0, 0, 1, 1, 0, 1, 0, 0, 1, 0, 0, 1, 0, 1, 1, 1, 0, 1, 1, 1, 1, 1, 1, 0, 1, 1, 1, 1, 1, 1, 0, 0, 0, 1, 1, 0, 0, 1, 1, 1, 0, 1, 0, 0, 0, 0, 1, 1, 1, 1, 1, 0, 0, 0, 1, 0, 0, 1, 1, 1, 0, 1, 0, 0, 1, 1, 0, 1, 1, 0, 0, 0, 1, 1, 1, 0, 1, 0, 1, 1, 1, 0, 0, 0, 0, 0, 0, 0, 1, 0, 1, 0, 1, 1, 1, 1, 1, 1, 0, 1, 1, 1, 0, 1, 0, 0, 1, 1, 0, 1, 0, 1, 1, 1, 1, 1, 0, 1, 1, 0, 1, 1, 0, 0, 1, 1, 0, 1, 1, 1, 1, 1, 1, 1, 1, 1, 0, 1, 0, 1, 0, 1, 1, 0, 0, 1, 1, 1, 1, 1, 1, 0, 0, 1, 0, 0, 1, 1, 0, 1, 0, 0, 1, 1, 0, 1, 1, 1, 1, 0, 0, 1, 1, 0, 1, 1, 0, 1, 1, 1, 1, 1, 1, 0, 0, 0, 1, 1, 1, 1, 1, 0, 0, 0, 1, 0, 0, 0, 0, 1, 0, 0, 1, 1, 1, 1, 0, 0, 0, 0, 1, 0, 1, 0, 1, 1, 1, 1, 1, 1, 1, 0, 1, 1, 1, 1, 1, 1, 1, 0, 1, 0, 0, 0, 1, 1, 0, 1, 1, 0, 1, 1, 1, 1, 1, 1, 1, 1, 0, 0, 0, 0, 1, 1, 1, 0, 1, 0, 1, 1, 1, 1, 0, 1, 1, 1, 0, 0, 1, 1, 1, 1, 1, 0, 1, 0, 1, 1, 1, 1, 1, 0, 1, 0, 1, 1, 0, 1, 1, 1, 0, 1, 0, 1, 1, 1, 1, 0, 1, 0, 0, 1, 1, 0, 1, 0, 0, 0, 1, 0, 1, 1, 1, 0, 0, 1, 1, 0, 1, 1, 0, 0, 1, 1, 1, 1, 1, 1, 1, 1, 0, 1, 0, 0, 1, 1, 1, 0, 1, 0, 0, 0, 1, 0, 1, 1, 0, 1, 1, 0, 1, 0, 1, 1, 0, 0, 1, 0, 0, 1, 1, 1, 1, 1, 1, 1, 1, 1, 0, 0, 1, 1, 1, 1, 1, 1, 0, 0, 1, 1, 1, 0, 0, 0, 1, 1, 0, 0, 1, 1, 0, 0, 1, 1, 1, 0, 0, 1, 0, 1, 0, 1, 0, 1, 0, 1, 0, 0, 0, 1, 1, 0, 0, 0, 1, 1, 0, 1, 1, 1, 0, 0, 1, 0, 1, 0, 0, 0, 1, 0, 0, 0, 1, 0, 1, 1, 1, 0, 1, 1, 1, 1, 0, 0, 1, 0, 0, 1, 0, 1, 0, 0, 1, 0, 1, 0, 1, 0, 1, 0, 1, 1, 0, 0, 0, 0, 1, 0, 0, 0, 0, 1, 1, 0, 1, 1, 0, 0, 0, 1, 0, 0, 0, 1, 0, 1, 1, 0, 1, 1, 1, 1, 0, 0, 0, 0, 0, 1, 1, 1, 0, 1, 0, 1, 1, 0, 1, 0, 0, 1, 1, 0, 1, 1, 1, 1, 1, 0, 1, 1, 1, 1, 1, 0, 0, 1, 0, 1, 0, 0, 1, 1, 1, 1, 0, 0, 1, 1, 0, 0, 0, 0, 1, 1, 1, 0, 1, 0, 1, 0, 0, 1, 0, 1, 1, 1, 0, 0, 0, 0, 1, 1, 0, 0, 1, 0, 1, 1, 1, 1, 1, 0, 1, 1, 1, 0, 0, 1, 0, 1, 0, 0, 0, 1, 0, 1, 1, 1, 1, 1, 1, 1, 1, 1, 1, 1, 1, 0, 1, 0, 0, 1, 1, 1, 0, 1, 1, 0, 1, 0, 1, 1, 1, 1, 0, 1, 0, 1, 0, 0, 0, 1, 1, 0, 1, 0, 0, 0, 0, 1, 0, 1, 1, 0, 0, 1, 1, 1, 0, 1, 0, 1, 1, 1, 0, 1, 0, 0, 0, 1, 0, 0, 0, 0, 1, 0, 1, 1, 0, 1, 1, 0, 1, 1, 0, 1, 1, 1, 1, 1, 1, 0, 1, 0, 0, 1, 1, 1, 0, 0, 1, 1, 1, 0, 1, 0, 1, 1, 0, 1, 0, 0, 1, 1, 0, 1, 1, 1, 0, 0, 1, 1, 1, 0, 0, 0, 1, 0, 0, 1, 1, 1, 1, 1, 0, 0, 1, 0, 1, 0, 0, 0, 1, 0, 1, 0, 0, 1, 1, 1, 1, 0, 0, 0, 1, 0, 0, 1, 1, 1, 0, 1, 1, 0, 1, 0, 1, 1, 0, 1, 0, 1, 1, 1, 0, 0, 1, 0, 0, 0, 0, 1, 0, 0, 1, 1, 1, 1, 1, 0, 0, 1, 0, 1, 1, 1, 0, 1, 1, 1, 0, 1, 1, 1, 0, 0, 0, 0, 1, 1, 1, 1, 0, 1, 0, 0, 1, 1, 0, 0, 1, 1, 1, 1, 0, 1, 1, 0, 0, 0, 1, 0, 0, 0, 1, 1, 0, 1, 1, 1, 1, 1, 1, 1, 1, 1, 1, 1, 1, 0, 1, 0, 1, 0, 1, 0, 1, 1, 0, 1, 0, 1, 0, 1, 1, 1, 1, 0, 1, 1, 0, 0, 1, 0, 0, 0, 1, 0, 1, 0, 0, 1, 0, 1, 0, 1, 1, 1, 1, 0, 0, 0, 1, 1, 0, 1, 0, 1, 1, 1, 1, 1, 0, 1, 1, 1, 1, 0, 0, 1, 1, 1, 0, 0, 1, 1, 0, 1, 1, 0, 1, 1, 0, 1, 1, 0, 1, 0, 0, 1, 1, 1, 1, 1, 1, 0, 0, 0, 1, 1, 0, 1, 0, 0, 0, 0, 1, 1, 1, 1, 1, 1, 0, 1, 0, 1, 1, 0, 1, 0, 0, 1, 1, 0, 1, 1, 1, 0, 0, 1, 1, 0, 1, 1, 0, 1, 1, 1, 1, 0, 1, 1, 0, 0, 1, 0, 1, 0, 0, 0, 1, 1, 0, 0, 1, 0, 0, 1, 0, 1, 1, 0, 1, 1, 1, 1, 0, 0, 1, 1, 1, 0, 0, 1, 1, 0, 1, 0, 1, 1, 1, 1, 0, 1, 1, 1, 0, 0, 1, 0, 0, 0, 1, 1, 1, 1, 1, 0, 0, 0, 1, 1, 0, 0, 0, 1, 1, 1, 1, 1, 1, 1, 1, 0, 1, 0, 1, 1, 1, 0, 0, 1, 1, 0, 1, 1, 1, 0, 0, 0, 0, 0, 0, 1, 0, 1, 1, 1, 1, 1, 1, 1, 0, 1, 0, 1, 1, 0, 1, 0, 0, 1, 1, 0, 1, 1, 1, 1, 0, 1, 1, 1, 1, 0, 1, 1, 1, 0, 1, 1, 1, 0, 1, 0, 0, 1, 0, 0, 1, 0, 0, 0, 1, 1, 1, 1, 1, 1, 1, 1, 0, 0, 1, 1, 0, 1, 1, 1, 1, 1, 0, 1, 0, 0, 1, 1, 1, 1, 0, 1, 1, 1, 0, 1, 0, 1, 1, 1, 1, 1, 1, 1, 0, 0, 0, 1, 0, 1, 1, 1, 1, 0, 0, 0, 1, 1, 1, 1, 1, 0, 1, 1, 1, 0, 1, 0, 1, 0, 0, 0, 1, 1, 0, 1, 0, 1, 1, 0, 1, 0, 0, 1, 0, 1, 1, 1, 1, 0, 1, 0, 1, 1, 1, 1, 1, 1, 1, 1, 0, 0, 1, 1, 0, 1, 1, 0, 1, 1, 1, 1, 0, 1, 0, 1, 1, 0, 0, 1, 0, 0, 1, 0, 0, 0, 0, 1, 1, 1, 0, 1, 0, 0, 1, 1, 0, 1, 0, 0, 1, 0, 1, 1, 0, 0, 1, 0, 0, 1, 0, 1, 1, 1, 1, 0, 0, 0, 1, 0, 0, 0, 1, 1, 0, 1, 1, 0, 1, 1, 0, 1, 0, 0, 1, 0, 0, 1, 0, 1, 0, 1, 1, 1, 1, 0, 1, 1, 0, 0, 1, 1, 0, 1, 1, 0, 0, 0, 1, 0, 0, 0, 1, 0, 0, 1, 0, 0, 1, 1, 0, 0, 0, 0, 1, 0, 0, 1, 1, 0, 0, 1, 1, 1, 1, 1, 1, 1, 0, 1, 1, 0, 0, 1, 1, 0, 0, 1, 0, 1, 0, 1, 1, 0, 0, 0, 0, 0, 0, 1, 1, 0, 1, 1, 0, 1, 1, 0, 0, 1, 0, 1, 1, 1, 1, 1, 1, 1, 0, 0, 1, 1, 0, 1, 1, 1, 1, 1, 1, 0, 1, 1, 0, 1, 1, 1, 1, 1, 0, 0, 0, 1, 1, 1, 1, 0, 0, 1, 1, 1, 0, 0, 0, 1, 0, 0, 1, 0, 1, 0, 0, 1, 0, 1, 0, 0, 1, 1, 1, 0, 1, 1, 0, 1, 0, 0, 1, 1, 0, 1, 1, 1, 1, 0, 1, 1, 1, 1, 1, 0, 0, 1, 0, 1, 0, 1, 1, 1, 1, 1, 0, 0, 0, 0, 1, 1, 0, 1, 1, 1, 1, 0, 1, 1, 1, 1, 0, 1, 1, 0, 1, 1, 1, 0, 0, 1, 0, 0, 0, 1, 1, 1, 1, 0, 1, 1, 1, 1, 1, 1, 0, 0, 0, 1, 1, 1, 1, 1, 0, 1, 0, 0, 1, 0, 1, 1, 0, 1, 1, 0, 0, 1, 0, 1, 0, 1, 1, 1, 1, 1, 0, 0, 1, 0, 1, 1, 1, 0, 1, 1, 0, 1, 1, 1, 0, 1, 1, 1, 1, 1, 1, 1, 0, 0, 1, 1, 1, 1, 1, 1, 0, 0, 0, 1, 1, 0, 0, 1, 0, 1, 0, 0, 1, 1, 0, 0, 0, 0, 0, 0, 1, 1, 0, 1, 1, 1, 1, 0, 1, 1, 1, 0, 0, 1, 1, 0, 0, 1, 1, 1, 1, 1, 1, 0, 1, 1, 0, 1, 1, 0, 0, 1, 0, 1, 1, 1, 0, 1, 0, 0, 0, 0, 0, 1, 1, 1, 1, 1, 0, 1, 0, 1, 0, 1, 1, 1, 1, 0, 1, 0, 1, 0, 0, 0, 1, 1, 1, 0, 1, 1, 0, 1, 1, 0, 1, 0, 1, 1, 0, 1, 0, 1, 1, 0, 1, 1, 1, 1, 1, 0, 0, 1, 1, 1, 0, 1, 1, 1, 1, 1, 0, 0, 1, 0, 0, 0, 1, 1, 0, 1, 1, 1, 0, 0, 0, 0, 1, 1, 1, 1, 1, 1, 1, 1, 0, 1, 0, 0, 0, 1, 1, 1, 1, 0, 0, 0, 1, 0, 1, 0, 0, 1, 0, 1, 1, 0, 1, 0, 0, 0, 0, 1, 1, 0, 1, 1, 1, 1, 1, 0, 0, 0, 1, 1, 0, 1, 1, 1, 1, 1, 1, 1, 1, 1, 0, 1, 0, 0, 1, 1, 1, 1, 1, 1, 1, 0, 0, 1, 0, 1, 1, 1, 0, 1, 1, 1, 1, 0, 0, 1, 1, 1, 0, 0, 1, 1, 1, 1, 1, 0, 1, 1, 0, 0, 0, 1, 1, 0, 1, 0, 0, 1, 1, 0, 1, 1, 0, 1, 0, 1, 1, 1, 0, 1, 0, 0, 1, 0, 0, 1, 0, 1, 0, 1, 0, 0, 0, 0, 1, 1, 1, 0, 1, 0, 0, 0, 1, 1, 1, 0, 0, 1, 1, 0, 1, 0, 0, 1, 1, 1, 0, 1, 1, 1, 1, 1, 1, 1, 1, 1, 1, 1, 1, 1, 1, 1, 1, 0, 1, 0, 1, 1, 0, 1, 0, 1, 0, 1, 0, 1, 0, 0, 1, 1, 1, 0, 1, 1, 1, 1, 1, 0, 0, 0, 1, 0, 0, 1, 0, 0, 1, 0, 0, 0, 1, 1, 1, 1, 1, 0, 0, 0, 1, 0, 1, 1, 0, 1, 0, 1, 1, 1, 0, 0, 0, 1, 0, 0, 1, 0, 1, 0, 0, 1, 1, 1, 1, 1, 0, 1, 1, 1, 1, 1, 0, 1, 1, 0, 1, 1, 0, 0, 0, 1, 1, 0, 1, 0, 1, 1, 0, 1, 1, 1, 1, 1, 0, 0, 1, 0, 1, 1, 1, 0, 1, 1, 1, 1, 0, 0, 0, 0, 1, 0, 1, 1, 0, 1, 0, 0, 1, 0, 1, 0, 0, 0, 0, 1, 0, 0, 1, 1, 0, 0, 0, 1, 0, 1, 0, 0, 1, 1, 0, 1, 1, 0, 1, 0, 1, 0, 0, 0, 1, 1, 1, 1, 0, 0, 1, 0, 0, 0, 1, 1, 0, 1, 0, 1, 1, 0, 1, 1, 1, 0, 1, 0, 0, 0, 1, 0, 1, 0, 0, 1, 1, 1, 1, 1, 0, 1, 0, 1, 1, 0, 0, 1, 1, 1, 0, 1, 0, 0, 0, 0, 0, 0, 1, 1, 0, 0, 1, 0, 1, 1, 1, 1, 1, 1, 1, 1, 1, 0, 1, 1, 1, 0, 0, 0, 1, 0, 1, 0, 1, 1, 0, 1, 1, 0, 0, 0, 0, 1, 1, 1, 0, 1, 0, 1, 1, 1, 1, 1, 1, 0, 0, 0, 1, 0, 0, 0, 1, 1, 0, 0, 0, 0, 1, 0, 0, 1, 1, 1, 1, 0, 0, 1, 1, 0, 0, 1, 1, 0, 1, 0, 1, 1, 1, 0, 1, 1, 1, 1, 0, 0, 0, 1, 1, 1, 1, 1, 1, 1, 1, 1, 0, 0, 1, 1, 1, 1, 1, 1, 0, 1, 1, 1, 0, 1, 1, 1, 0, 1, 1, 1, 0, 1, 0, 1, 0, 1, 1, 0, 0, 1, 0, 1, 1, 1, 1, 1, 0, 1, 0, 1, 0, 0, 0, 1, 0, 0, 1, 0, 0, 1, 1, 1, 1, 1, 0, 0, 0, 1, 1, 1, 1, 0, 1, 1, 1, 0, 0, 1, 1, 0, 0, 0, 1, 0, 1, 0, 1, 1, 1, 1, 1, 1, 0, 1, 0, 1, 0, 1, 1, 0, 0, 0, 0, 1, 1, 1, 0, 1, 1, 1, 1, 1, 1, 0, 1, 0, 1, 0, 0, 0, 0, 1, 1, 1, 0, 1, 0, 0, 1, 0, 1, 0, 0, 1, 1, 1, 0, 1, 1, 1, 0, 1, 1, 0, 1, 0, 0, 0, 0, 0, 0, 1, 0, 0, 1, 0, 1, 0, 1, 1, 1, 1, 0, 1, 0, 0, 1, 0, 1, 1, 1, 1, 1, 1, 1, 1, 0, 1, 1, 1, 1, 1, 1, 1, 1, 1, 1, 1, 1, 0, 0, 1, 1, 1, 1, 0, 0, 1, 0, 1, 0, 1, 0, 0, 1, 0, 1, 0, 1, 0, 0, 0, 1, 1, 0, 0, 1, 0, 0, 1, 0, 0, 0, 1, 0, 1, 1, 0, 1, 1, 1, 0, 1, 0, 1, 1, 0, 0, 0, 1, 1, 0, 0, 1, 0, 0, 1, 0, 1, 0, 1, 1, 0, 1, 0, 1, 1, 0, 1, 0, 1, 1, 0, 1, 1, 1, 1, 0, 0, 0, 1, 0, 0, 1, 1, 0, 1, 0, 0, 1, 0, 1, 1, 1, 0, 1, 1, 1, 1, 1, 0, 1, 1, 1, 0, 0, 1, 1, 0, 0, 1, 0, 1, 1, 1, 0, 1, 1, 0, 0, 0, 0, 1, 1, 0, 0, 0, 1, 1, 1, 1, 1, 0, 0, 0, 0, 1, 1, 0, 1, 1, 1, 1, 1, 1, 0, 0, 1, 0, 1, 1, 0, 1, 0, 0, 1, 0, 1, 1, 1, 0, 0, 1, 1, 0, 1, 1, 0, 1, 1, 0, 1, 0, 0, 1, 0, 1, 1, 0, 1, 0, 1, 1, 1, 1, 1, 1, 1, 0, 0, 1, 0, 0, 0, 0, 1, 0, 0, 1, 0, 1, 1, 1, 0, 0, 1, 1, 1, 1, 1, 1, 0, 1, 1, 0, 0, 0, 0, 1, 1, 1, 0, 1, 1, 1, 0, 1, 0, 1, 0, 1, 1, 0, 1, 1, 0, 1, 0, 1, 1, 1, 1, 1, 1, 0, 0, 1, 1, 1, 1, 1, 0, 1, 1, 0, 1, 0, 1, 1, 0, 1, 1, 1, 1, 0, 0, 1, 1, 1, 1, 1, 0, 1, 1, 0, 1, 0, 1, 1, 1, 1, 0, 1, 1, 0, 1, 0, 1, 1, 0, 1, 0, 1, 0, 1, 1, 0, 0, 1, 1, 1, 0, 1, 1, 1, 0, 1, 1, 0, 1, 0, 1, 0, 0, 0, 1, 1, 1, 1, 0, 0, 0, 1, 0, 1, 1, 1, 1, 1, 0, 1, 0, 1, 1, 1, 1, 0, 1, 1, 1, 1, 1, 1, 1, 1, 1, 0, 1, 1, 1, 0, 1, 1, 1, 1, 1, 0, 0, 0, 0, 0, 1, 1, 1, 0, 0, 0, 1, 1, 0, 1, 1, 0, 1, 0, 0, 1, 0, 0, 1, 1, 1, 1, 1, 1, 0, 0, 1, 1, 1, 1, 0, 1, 0, 0, 1, 0, 0, 1, 1, 1, 0, 1, 0, 1, 0, 1, 0, 1, 0, 1, 1, 1, 0, 1, 0, 1, 1, 0, 1, 0, 1, 1, 1, 1, 1, 0, 0, 0, 1, 1, 1, 1, 0, 1, 1, 0, 0, 1, 0, 1, 1, 0, 0, 1, 1, 0, 0, 0, 0, 1, 1, 0, 1, 0, 1, 0, 0, 0, 1, 1, 0, 1, 1, 1, 1, 1, 0, 1, 1, 1, 0, 1, 1, 0, 0, 1, 1, 0, 1, 0, 0, 0, 0, 0, 1, 1, 0, 1, 0, 1, 0, 0, 1, 0, 1, 1, 0, 1, 1, 1, 1, 1, 1, 0, 0, 0, 1, 0, 0, 1, 0, 1, 0, 0, 1, 0, 0, 1, 0, 0, 1, 0, 1, 1, 1, 1, 1, 0, 1, 1, 1, 1, 1, 1, 0, 0, 1, 1, 0, 1, 1, 0, 1, 0, 1, 1, 1, 0, 1, 1, 0, 1, 1, 0, 1, 0, 1, 0, 0, 1, 1, 1, 0, 0, 1, 1, 1, 1, 0, 1, 1, 1, 0, 1, 0, 0, 0, 0, 0, 1, 0, 1, 0, 1, 1, 1, 1, 1, 0, 1, 0, 0, 0, 1, 0, 0, 0, 0, 1, 0, 0, 1, 0, 1, 1, 1, 1, 1, 0, 1, 0, 1, 0, 1, 0, 1, 0, 0, 1, 0, 1, 1, 1, 0, 1, 1, 0, 1, 1, 0, 1, 0, 0, 0, 0, 0, 0, 1, 1, 1, 0, 1, 1, 0, 0, 0, 1, 0, 1, 1, 1, 0, 1, 1, 1, 0, 0, 0, 1, 0, 1, 1, 1, 1, 1, 0, 0, 1, 1, 1, 1, 0, 0, 1, 0, 1, 1, 1, 1, 1, 1, 1, 1, 1, 1, 0, 0, 1, 0, 1, 0, 0, 1, 0, 0, 1, 0, 0, 0, 0, 1, 1, 1, 1, 0, 1, 1, 0, 0, 1, 1, 0, 1, 0, 0, 1, 1, 0, 0, 0, 0, 1, 1, 0, 1, 1, 0, 1, 0, 0, 1, 1, 1, 0, 1, 0, 0, 0, 1, 1, 0, 1, 1, 1, 0, 1, 0, 1, 1, 1, 0, 0, 1, 1, 1, 0, 0, 0, 1, 0, 0, 1, 0, 0, 1, 1, 0, 0, 1, 0, 0, 0, 0, 1, 1, 1, 0, 1, 1, 1, 0, 1, 0, 0, 0, 1, 1, 0, 1, 1, 0, 0, 0, 0, 1, 1, 1, 1, 1, 0, 0, 1, 1, 1, 0, 0, 0, 0, 1, 0, 0, 0, 0, 0, 1, 0, 0, 1, 1, 0, 1, 1, 0, 1, 0, 0, 1, 1, 1, 1, 0, 0, 0, 1, 0, 0, 0, 0, 1, 0, 1, 1, 1, 1, 0, 1, 0, 0, 0, 0, 0, 0, 0, 1, 1, 0, 1, 1, 1, 0, 1, 0, 1, 1, 1, 1, 0, 1, 1, 1, 1, 1, 1, 0, 1, 1, 1, 1, 1, 1, 1, 1, 0, 1, 0, 1, 0, 1, 1, 1, 0, 0, 1, 1, 1, 1, 1, 0, 1, 1, 1, 1, 0, 1, 1, 1, 1, 0, 0, 1, 1, 1, 0, 1, 0, 0, 0, 0, 1, 1, 0, 1, 0, 0, 0, 1, 1, 1, 1, 0, 1, 1, 1, 1, 0, 0, 1, 1, 1, 0, 1, 0, 0, 1, 1, 0, 1, 0, 1, 0, 0, 0, 0, 1, 1, 1, 1, 1, 0, 0, 0, 0, 1, 1, 0, 1, 1, 1, 1, 0, 0, 1, 1, 0, 1, 1, 1, 0, 1, 1, 1, 0, 0, 0, 1, 1, 0, 0, 1, 1, 1, 0, 1, 1, 0, 1, 0, 1, 1, 0, 0, 1, 0, 1, 1, 1, 1, 0, 1, 1, 0, 1, 1, 1, 1, 1, 1, 1, 1, 1, 0, 1, 0, 0, 1, 1, 0, 1, 0, 1, 0, 1, 0, 0, 1, 1, 0, 1, 1, 1, 0, 1, 1, 1, 1, 1, 0, 1, 0, 1, 1, 0, 0, 1, 0, 0, 0, 1, 1, 0, 1, 0, 1, 1, 0, 1, 0, 1, 1, 0, 1, 1, 0, 1, 1, 1, 0, 1, 0, 1, 1, 0, 0, 1, 0, 1, 1, 0, 0, 1, 0, 0, 0, 1, 1, 1, 0, 1, 0, 1, 0, 1, 1, 1, 1, 1, 1, 1, 1, 1, 1, 1, 1, 0, 0, 0, 1, 1, 0, 0, 1, 1, 0, 1, 0, 0, 1, 1, 0, 1, 0, 0, 0, 1, 1, 1, 0, 1, 1, 1, 1, 1, 0, 1, 1, 1, 1, 0, 1, 0, 1, 1, 1, 0, 1, 1, 0, 1, 1, 0, 0, 0, 1, 1, 1, 1, 0, 0, 1, 1, 0, 1, 0, 0, 0, 1, 0, 1, 0, 1, 1, 1, 0, 1, 1, 1, 1, 1, 0, 0, 1, 0, 1, 0, 1, 1, 1, 1, 1, 1, 1, 1, 0, 0, 1, 1, 0, 1, 1, 1, 0, 0, 1, 0, 1, 0, 1, 0, 0, 1, 0, 1, 0, 1, 0, 1, 1, 0, 0, 0, 0, 0, 0, 0, 0, 1, 1, 0, 1, 1, 0, 0, 0, 0, 1, 1, 0, 1, 1, 1, 1, 1, 1, 1, 1, 1, 1, 1, 1, 0, 1, 1, 1, 1, 1, 1, 1, 0, 1, 1, 0, 1, 0, 0, 1, 1, 1, 1, 1, 1, 1, 0, 0, 1, 0, 1, 0, 1, 1, 0, 1, 0, 1, 1, 1, 0, 1, 0, 1, 0, 1, 0, 1, 0, 1, 0, 0, 0, 1, 1, 0, 0, 1, 1, 0, 1, 1, 0, 1, 0, 1, 0, 1, 1, 0, 1, 0, 0, 0, 1, 0, 1, 0, 1, 1, 1, 1, 1, 1, 1, 0, 0, 1, 1, 0, 0, 1, 1, 1, 1, 1, 0, 1, 0, 0, 1, 1, 1, 1, 0, 1, 0, 0, 0, 1, 1, 0, 1, 1, 1, 0, 0, 1, 1, 0, 1, 0, 1, 1, 0, 0, 1, 1, 1, 0, 1, 0, 1, 1, 1, 1, 1, 1, 0, 1, 1, 1, 0, 1, 0, 1, 1, 1, 1, 1, 1, 0, 0, 0, 0, 1, 1, 1, 1, 1, 1, 1, 1, 0, 1, 0, 1, 1, 1, 1, 0, 1, 0, 1, 1, 1, 0, 1, 0, 1, 0, 1, 1, 0, 0, 1, 0, 1, 0, 0, 1, 1, 0, 0, 1, 1, 1, 0, 1, 1, 0, 1, 0, 0, 1, 1, 0, 0, 0, 1, 0, 1, 0, 0, 1, 1, 1, 1, 1, 1, 0, 1, 0, 0, 1, 1, 1, 1, 0, 1, 0]}
[done] ../runs/M8_ood/results.json
{
  "milestone": "M8",
  "verifies": [
    "C4b"
  ],
  "per_dataset": {
    "breeds_super13": {
      "aligned": 0.43541131105398456,
      "unaligned": 0.23393316195372751,
      "delta": 0.20147814910025705,
      "paired_bootstrap": {
        "diff_ci95_low": 0.18459993573264782,
        "diff_ci95_high": 0.22221240359897174,
        "p_positive": 1.0
      }
    },
    "breeds_super26": {
      "aligned": 0.3143095768374165,
      "unaligned": 0.1990534521158129,
      "delta": 0.1152561247216036,
      "paired_bootstrap": {
        "diff_ci95_low": 0.09548997772828509,
        "diff_ci95_high": 0.13307349665924276,
        "p_positive": 1.0
      }
    },
    "imagenet_val_20_easy": {
      "aligned": 0.604,
      "unaligned": 0.876,
      "delta": -0.272,
      "paired_bootstrap": {
        "diff_ci95_low": -0.31705000000000005,
        "diff_ci95_high": -0.22999999999999998,
        "p_positive": 0.0
      }
    },
    "imagenet_val_20_hard": {
      "aligned": 0.534,
      "unaligned": 0.928,
      "delta": -0.394,
      "paired_bootstrap": {
        "diff_ci95_low": -0.43505,
        "diff_ci95_high": -0.3460000000000001,
        "p_positive": 0.0
      }
    },
    "fashion_mnist_ood": {
      "aligned": 0.3822,
      "unaligned": 0.5837,
      "delta": -0.2015,
      "paired_bootstrap": {
        "diff_ci95_low": -0.21205249999999998,
        "diff_ci95_high": -0.19119999999999998,
        "p_positive": 0.0
      }
    }
  },
  "mean_top1_aligned": 0.45398417757828013,
  "mean_top1_unaligned": 0.564137322813908,
  "delta_mean": -0.11015314523562791,
  "verdict": "conditional"
}
