qid,question,answer,confidence,correct,gold_aliases
tc_2,Who was the man behind The Chipmunks?,Ross Bagdasarian,90,0,"[""David Seville"", ""David Seville""]"
tc_33,Which Lloyd Webber musical premiered in the US on 10th December 1993?,Sunset Boulevard,60,1,"[""Sunset Blvd"", ""West Sunset Boulevard"", ""Sunset Boulevard"", ""Sunset Bulevard"", ""Sunset Blvd."", ""Sunset Boulevard""]"
tc_40,Who was the next British Prime Minister after Arthur Balfour?,H. H. Asquith,60,0,"[""Sir Henry Campbell-Bannerman"", ""Campbell-Bannerman"", ""Campbell Bannerman"", ""Sir Henry Campbell Bannerman"", ""Henry Campbell Bannerman"", ""Henry Campbell-Bannerman"", ""Campbell-Bannerman""]"
tc_49,Who had a 70s No 1 hit with Kiss You All Over?,Exile,60,1,"[""Internal exile"", ""Exiles"", ""Transported for life"", ""Exile (politics and government)"", ""Voluntary exile"", ""Sent into exile"", ""Exile and Banishment"", ""Self-exile"", ""Forced exile"", ""Exile"", ""Exile in Greek tragedy"", ""Banish"", ""Banishment"", ""Exile""]"
tc_56,What claimed the life of singer Kathleen Ferrier?,Cancer,60,1,"[""Cancer pathology"", ""Deaths by cancer"", ""Anti-cancer"", ""Cancer (disease)"", ""Cancerophobia"", ""Malignant lesion"", ""Cancer medication"", ""Malignant tumors"", ""Cancer signs"", ""Malignant neoplasm"", ""Invasive (cancer)"", ""Malignant Neoplasms"", ""Malignant growth"", ""Sporadic cancer"", ""Malignant cancer"", ""Tumour virus"", ""Cancer en cuirasse"", ""Microtumor"", ""Malignant neoplasms"", ""Malignant tumour"", ""Carcinophobia"", ""Malignacy"", ""Cancer patient"", ""Epithelial cancers"", ""Solid cancer"", ""Cancers"", ""Tumor medication"", ""Malignant neoplastic disease"", ""AIDS-related cancer"", ""Invasive cancer"", ""Cancer therapy"", ""Cancerous tumor"", ""Cancer"", ""Financial toxicity"", ""Cancer diagnosis"", ""Cancer (medicine)"", ""Malignant tumor"", ""Cancerous"", ""Borderline (cancer)"", ""Signs of cancer"", ""Malignancies"", ""Cancer aromatase"", ""Cancer""]"
tc_69,Rita Coolidge sang the title song for which Bond film?,Octopussy,60,1,"[""Kamal kahn"", ""List of Bond girls in Octopussy"", ""Magda (James Bond)"", ""List of James Bond allies in Octopussy"", ""Vijay (James Bond)"", ""Bond 13"", ""Octopussy (character)"", ""Penelope Smallbone"", ""Octopussy"", ""General Orlov"", ""Kamal Khan"", ""Octopussy (film)"", ""List of James Bond villains in Octopussy"", ""Jim Fanning (James Bond)"", ""Octopussy""]"
tc_79,What was the last US state to reintroduce alcohol after prohibition?,Mississippi,60,0,"[""Utah (State)"", ""Forty-Fifth State"", ""Sports in Utah"", ""Climate of Utah"", ""Education in Utah"", ""UT (state)"", ""Utahn"", ""Yutas"", ""Geography of Utah"", ""Utah"", ""Utah, United States"", ""Utah state nickname"", ""History of mining in Utah"", ""State of Utah"", ""Religion in Utah"", ""Utah (U.S. state)"", ""Transportation in Utah"", ""Beehive State"", ""US-UT"", ""Utah (state)"", ""Forty-fifth State"", ""Utahan"", ""Politics of Utah"", ""Salt Lake Seagulls"", ""45th State"", ""History of Utah (to 1847)"", ""The Beehive State"", ""Youtah"", ""Transport in Utah"", ""Utah""]"
tc_106,Which actress was voted Miss Greenwich Village in 1942?,Marilyn Monroe,60,0,"[""Bacall"", ""Lauren Becal"", ""Lauren Bacall"", ""Lauren Becall"", ""Betty J. Perske"", ""Loren Bacall"", ""Betty Joan Perske"", ""Betty Perske"", ""Betty Joan Perski"", ""Lauren Bacall""]"
tc_133,What is the Japanese share index called?,Nikkei 225,60,1,"[""Nikkei"", ""Nikkei (disambiguation)"", ""Nikkei""]"
tc_137,What was the name of Michael Jackson's autobiography written in 1988?,Moonwalk,90,1,"[""Walk on the Moon"", ""Walk on the moon"", ""Moonwalk (disambiguation)"", ""Lunar walks"", ""Moonwalk"", ""Moon Walk"", ""Moonwalking"", ""Lunar walk"", ""Moon walk"", ""Moonwalks"", ""Moon walks"", ""Lunar walking"", ""Moon walking"", ""Moonwalk""]"
tc_149,In which decade did stereo records first go on sale?,1950s,60,0,"[""1930\u2019s"", ""Thirties"", ""1930s literature"", ""Nineteen-thirties"", ""1930\u20131939"", ""1930-1939"", ""'30s"", ""1930s"", ""1930's"", ""%6030s"", ""1930s (decade)"", ""The Thirties"", ""1930s""]"
tc_165,In what year's Olympics were electric timing devices and a public-address system used for the first time?,1932,60,0,"[""In 1912, in Stockholm"", ""In 1912, in Stockholm""]"
tc_217,Which volcano in Tanzania is the highest mountain in Africa?,Kilimanjaro,95,1,"[""Mawensi"", ""Mt. Kilimanjaro"", ""Kibo (volcano)"", ""Mount killimanjaro"", ""Highest mountain in Africa"", ""Kilimanjaro Massif"", ""Stella Point"", ""Kilimandjaro"", ""Kilimonjaro"", ""Kilimanjaro"", ""Gilman's Point"", ""Killimanjaro"", ""Kilima-Njaro"", ""Kiliminjaro"", ""Mt Kilimanjaro"", ""Kilimanjaro Mountain"", ""Mount Kilimanjaro"", ""Mawenzi"", ""Uhuru Peak"", ""Kilimanjiro"", ""Kaiser-Wilhelm-Spitze"", ""Mt Kilamanjaro"", ""Mount Kiliminjaro"", ""Mount Kilimandjaro"", ""Mount Kilamanjaro"", ""Tussock Grassland (Tanzania)"", ""Kilamanjaro"", ""Kilimanjaro""]"
tc_219,The flag of Libya is a plain rectangle of which color?,Green,95,1,"[""Greenishly"", ""Avacado (color)"", ""Green (color)"", ""Rgb(0, 255, 0)"", ""Greenishness"", ""The colour green"", ""Greenest"", ""List of terms associated with the color green"", ""The color green"", ""Green"", ""Pastel green"", ""(0, 255, 0)"", ""Green (colour)"", ""Greenness"", ""Green""]"
tc_241,Of which African country is Niamey the capital?,Niger,60,1,"[""Niger Republic"", ""Nigerois"", ""Republic Of Niger"", ""Republic of Niger"", ""The Republic of Niger"", ""Nigerien"", ""Niger (country)"", ""R\u00e9publique du Niger"", ""Republique du Niger"", ""ISO 3166-1:NE"", ""Niger"", ""NG-NI"", ""Niger""]"
tc_245,Who was the director of the CIA from 1976-81?,Stansfield Turner,60,0,"[""George Bush"", ""George bush"", ""Goerge Bush"", ""George W. Bush (disambiguation)"", ""GeorgeBush"", ""George Bushe"", ""Georgebush"", ""Georg bush"", ""G Bush"", ""George Bush, President"", ""George Bush (disambiguation)"", ""Bush, George"", ""Geroge Bush"", ""George Bush""]"
tc_261,Which musical featured the song The Street Where You Live?,My Fair Lady,90,1,"[""My Fair Lady (2010 film)"", ""Enry Iggins"", ""Why Can't the English%3F"", ""My Fair Lady"", ""My Fair Lady (upcoming film)"", ""My Fair Lady (musical)"", ""My fair lady"", ""I'm an Ordinary Man"", ""My Fair Lady (2014 film)"", ""My Fair Lady (2012 film)"", ""My Fair Lady (2015 film)"", ""My Fair Lady""]"
tc_267,"""Who was the target of the failed """"Bomb Plot"""" of 1944?""",Adolf Hitler,90,1,"[""Hitlerian"", ""Adolph Schicklgruber"", ""HitlerAdolf"", ""Hitler's medical health"", ""Adolf Hitle"", ""Hitlar"", ""Adolph Hiedler"", ""Adolf Hiedler"", ""Adolph Hittler"", ""Day of Potsdam"", ""Adolpf Hitler"", ""Adolf Hister"", ""Adolf Hitlier"", ""Adolph Hitler's health"", ""Hitler's health"", ""Hitlers"", ""Aldof Hilter"", ""HITLER"", ""Hitler, Adolph"", ""History of Adolf Hitler"", ""Hitler,Adolph"", ""Adolph Hiter"", ""Adolf Hittler"", ""Herr Hitler"", ""Hitler,Adolf"", ""Adolf Schicklegruber"", ""Adolf hitler"", ""Adlof hitler"", ""Adolph Schickelgruber"", ""Hitler Adolf"", ""Hitlers medical health"", ""HitlerAdolph"", ""Adolph Schicklegruber"", ""Adolf Hiler"", ""Adolf Hitler's medical condition"", ""Hittler"", ""Adolf Schickelgruber"", ""Adolf Hitler"", ""Hitler's"", ""Hitler, adolf"", ""Nazi leader"", ""Hitler, Adolf"", ""Herr Wolf"", ""Adolph Hitler's medical health"", ""Adolph Hitler"", ""Adolf Hitler's health"", ""Adolf Schicklgruber"", ""AdolphHitler"", ""Adolf Hilter"", ""Health of Adolf Hitler"", ""Adolf Hitler's medical health"", ""Hitler Adolph"", ""AdolfHitler"", ""Adolf HItler"", ""Hitlet"", ""Hitler adolf"", ""Adoff Hitler"", ""Adolfus Hitler"", ""Hitler"", ""Adolph hitler"", ""Hitler""]"
tc_276,Who had an 80s No 1 hit with Hold On To The Nights?,Richard Marx,60,1,"[""Richard Noel Marx"", ""Richard Marx"", ""Richard Marx""]"
tc_280,Who directed the classic 30s western Stagecoach?,John Ford,90,1,"[""John Ford (1895-1973)"", ""Sean O'Feeney"", ""John Ford (film director)"", ""Ford, John (1895-1973)"", ""Argosy Pictures"", ""John Ford statue"", ""John Martin O'Feeney"", ""John Ford (director)"", ""Cavalry trilogy"", ""John O'Feeney"", ""Sean Aloysius O'Feeney"", ""Ford, John"", ""John Ford"", ""John Ford""]"
tc_282,Dave Gilmore and Roger Waters were in which rock group?,Pink Floyd,95,1,"[""Grey Floyd"", ""Pink Floyd trivia"", ""The Screaming Ab Dabs"", ""Pink flowd"", ""The Meggadeaths"", ""The Architectural Abdabs"", ""PINK FLOYD"", ""Pink Flod"", ""Pink Floyd"", ""Pink Floyd Trivia"", ""The Pink Floyd"", ""Notable or frequent contributors to pink floyd"", ""The Tea Set"", ""Pinkfloyd"", ""Pi5"", ""Pink floid"", ""Pink Floyd (band)"", ""The T Set"", ""Screaming abdabs"", ""Notable or frequent contributors to Pink Floyd"", ""The Megadeaths"", ""Pik floyd"", ""The Pink Floyd Sound"", ""Pink floyd"", ""The T-Set"", ""The Screaming Abdabs"", ""Clive Metcalfe"", ""Meggadeaths"", ""Pink Floyd""]"
tc_288,Which highway was Revisited in a classic 60s album by Bob Dylan?,Highway 61,90,1,"[""61"", ""sixty-one"", ""61""]"
tc_298,Which was the only eastern bloc country to participate in the 1984 LA Olympics?,Romania,60,1,"[""ISO 3166-1:RO"", ""Romanian state"", ""ROMANIA"", ""Roumania"", ""Etymology of Romania"", ""Romainia"", ""Rom\u00eenia"", ""North Danubian region"", ""Carpathian Danubian space"", ""ROU"", ""Rom\u00e2nia"", ""Romanian State"", ""Roumanie"", ""Country ROM"", ""Rromania"", ""Romania"", ""Republic of Romania"", ""RO (country)"", ""Rum\u00e4nien"", ""Danubian-Carpathian Area"", ""Rumania"", ""Austro-Hungarian Empire (Romania)"", ""Rumunia"", ""Rumania""]"
tc_304,Which 90s sci fi series with James Belushi was based on Bruce Wagner's comic strip of the same name?,According to Jim,60,0,"[""Wild Palms"", ""Wild Palms""]"
tc_316,If I Were A Rich Man Was a big hit from which stage show?,Fiddler on the Roof,90,1,"[""Fiddler on a Roof"", ""Fiddler on the roof"", ""Sprintze"", ""Fiddler On the Roof"", ""2 life"", ""Fiddler On The Roof"", ""The Fiddler on the Roof"", ""Fiddler on the Roof"", ""Fiddler on the reoof"", ""Anatevka"", ""Fiddler on the Roof""]"
tc_349,Men Against the Sea and Pitcairn's Island were two sequels to what famous novel?,Mutiny on the Bounty,60,1,"[""HMS Bounty mutineers"", ""Mutiny on the Bounty"", ""Mutiny on Bounty"", ""Mutiny On The Bounty"", ""Mutiny on the Bounty (history)"", ""Mutiny on the bounty"", ""Bounty (vessel)"", ""Thomas Ledward"", ""Mutiny On The Bounty""]"
tc_379,What was Truman Capote's last name before he was adopted by his stepfather?,Persons,60,1,"[""Per\u017fons"", ""Person"", ""Person (philosophical)"", ""Personhood Theory"", ""Persons"", ""Per\u017fon"", ""A person"", ""Personhood theory"", ""Persons""]"
tc_397,"In Lewis Carroll's poem The Hunting of the Snark, what did the elusive, troublesome snark turn into to fool hunters?",A Boojum,60,1,"[""Boojum (disambiguation)"", ""A boojum"", ""Boojum"", ""A boojum""]"
tc_453,"In the Bible, who did the sun and moon stand still before?",Joshua,95,1,"[""Joshua of ephraim"", ""Y'hosheya"", ""Yehoshea"", ""Yahushua"", ""Yoshea"", ""Yehoshua%60"", ""Y\u016bsha"", ""Yhoshoa"", ""Joshua bin Nun"", ""Joshua Ben Nun"", ""Yehosha"", ""Jehoshua"", ""Yahusha"", ""Yhoshua"", ""Joshua Bin-Nun"", ""Yhoshua Ben Nun"", ""Yoshia"", ""Yehoshua Ben Nun"", ""Y'hoshiya"", ""Yhoshea"", ""Y'hoshea"", ""Yhosheya"", ""Yoshoa"", ""Joshua ben Nun"", ""Josue"", ""Yhoshia"", ""Y'hoshua"", ""Yhosha"", ""Yusha'"", ""Yhoshiya"", ""Y'hoshia"", ""Joshua's Prayer"", ""Ieshua"", ""Y'hoshoa"", ""Yoshua"", ""Y'hosha"", ""Joshuah"", ""\u064a\u0648\u0634\u0639"", ""Joshua"", ""Yehoshia"", ""Jesus Navin"", ""Joshua in Islam"", ""Joshua's conquests"", ""Yosheya"", ""Joshua son of Nun"", ""Yehoshoa"", ""Yehoshiya"", ""Y\u0115h\u014dsh\u016ba\u2018"", ""Yehosheya"", ""Yosha"", ""Jehoshuah"", ""\u05d9\u05b0\u05d4\u05d5\u05b9\u05e9\u05bb\u05c1\u05e2\u05b7"", ""Joshua""]"
tc_455,What Michelle Pfeiffer movie got a boost from the Coolio song Gangsta's Paradise?,Dangerous Minds,60,1,"[""Dangerous Minds (film)"", ""My Posse Don't Do Homework"", ""Dangerous Minds"", ""Dangerous Minds""]"
tc_510,What was President Gerald Ford's middle name?,Rudolph,60,1,"[""Rudolph (disambiguation)"", ""Rudolph"", ""Rudolf"", ""Rodolph"", ""Rodolphe"", ""Rudolph""]"
tc_515,Art Garfunkel trained for which profession although he didn't qualify?,Mathematics,60,0,"[""Master Builder (occupation)"", ""Master builder (occupation)"", ""Registered Architect"", ""Architects"", ""Architecht"", ""Architect"", ""HOK Canada, Inc."", ""Stanford Downey Architects Inc."", ""Graziani + Corazza"", ""Architechts"", ""Clifford & Lawrie"", ""Architect""]"
tc_517,Who was the last inmate of Spandau jail in Berlin?,Rudolf Hess,95,1,"[""Hess, Rudolf"", ""Rudolf hess"", ""Rudolf W. Hess"", ""Rudolph Hess"", ""Walther Richard Rudolf Hess"", ""Rudolf Walter Richard Hess"", ""Rudolf Hess"", ""Rudolf Walter Richard He\u00df"", ""Rudolph He\u00df"", ""Rudolf He\u00df"", ""Rudolf Hesse"", ""Rudolf Hess""]"
tc_518,What was Eddie Murphy's first movie?,48 Hrs.,60,0,"[""48 time"", ""48 Hours"", ""forty-eight  time"", ""48 Hours""]"
tc_538,In the 80s who wrote the novel Empire of The Sun?,J.G. Ballard,60,1,"[""JG Ballard"", ""J.G. Ballard"", ""James Graham Ballard"", ""J. G. Ballard"", ""J.G.Ballard"", ""Jg ballard"", ""A User's Guide to the Millenium"", ""J G Ballard"", ""Ballardian"", ""James G. Ballard"", ""J. G. Ballard""]"
tc_540,Kagoshima international airport is in which country?,Japan,95,1,"[""\u65e5\u672c\u570b"", ""State of Japan"", ""Ja-pan"", ""Nihon"", ""Nippon"", ""Japang"", ""Modern\u2013era Japan"", ""Etymology of Japan"", ""Japan (country)"", ""Republic of Japan"", ""Japanese financial sector"", ""Nihon-koku"", ""ISO 3166-1:JP"", ""\u65e5\u672c"", ""Japian"", ""Japan"", ""JapaN"", ""The State of Japan"", ""Riben"", ""Nippon-koku"", ""JPN"", ""Jpan"", ""R\u00ecb\u011bn"", ""\u65e5\u672c\u56fd"", ""Japao"", ""JAPAN"", ""Japoa"", ""\ud83d\uddfe"", ""Japan""]"
tc_543,In which sport could the Pacers take on the Pistons?,Basketball,95,1,"[""Basketball"", ""Basketball gear"", ""Bball"", ""Boy's Basketball"", ""B Ball"", ""Shoot hoops"", ""Basketball parity worldwide"", ""Men's Basketball"", ""High school basketball"", ""Basketball Worldwide"", ""Basketball club"", ""B-ball"", ""Basket-ball"", ""Basketball team"", ""\ud83c\udfc0"", ""Basketball rim"", ""Basketballer"", ""Rim (basketball)"", ""Basket ball"", ""Basketball net"", ""Baksetball"", ""Basketball player"", ""Basket-Ball"", ""A: Basketball"", ""Women's hoops"", ""Men's basketball"", ""BasketBall"", ""Basketball Parity Worldwide"", ""Basket Ball"", ""Baketball"", ""Basketball Player"", ""B ball"", ""Unicycle basketball"", ""A: Basketball""]"
tc_559,Kim Carnes' nine weeks at No 1 with Bette Davis Eyes was interrupted for one week by which song?,I don't know,10,0,"[""Stars on 45 (Single)"", ""Stars On 45 Medley"", ""Stars on 45 medley"", ""Stars on 45 (song)"", ""Stars on 45 Medley"", ""Medley: Intro Venus / Sugar Sugar / No Reply / I'll Be Back / Drive My Car / Do You Want to Know a Secret / We Can Work It Out / I Should Have Known Better / Nowhere Man / You're Going to Lose That Girl / Stars on 45"", ""Stars on 45 medley""]"
tc_561,Where in Canada is the Lion's Gate bridge?,Vancouver,95,1,"[""Vancouver, Canada"", ""Vancouver (Canada)"", ""Corpus Christi Elementary School (Canada)"", ""UN/LOCODE:CAVAN"", ""Vancouver, British Columbia, Canada"", ""Vancouver, BC, Canada"", ""Vancouver, British-Columbia"", ""Vancouver, B.C., Canada"", ""Vancouver"", ""Vancouver, British Colombia"", ""Vancover, British Columbia"", ""Vansterdam"", ""Vancouver (BC)"", ""Hastings East (Vancouver)"", ""Vancouver British Columbia"", ""Vancouver Canada"", ""City of Vancouver"", ""Vancouver, BC"", ""Vancouver (B.C.)"", ""Vancouver City Centre, British Columbia"", ""Vancouver, B.C."", ""South Vancouver, British Columbia"", ""Vancouverite"", ""Vancouver, British Columbia"", ""Vancouver Christian School"", ""Vancouvr"", ""Hong kouver"", ""Vancouverites"", ""Hongcouver"", ""Vancouver, bc"", ""Corpus Christi Elementary"", ""Hong couver"", ""Greater Vancouver Bridges"", ""Vancover"", ""Vanocuver"", ""Vancouver BC"", ""Vancouver""]"
tc_564,What was Walter Matthau's first movie?,The Kentuckian,60,1,"[""The Kentuckian"", ""The Kentuckian""]"
tc_585,Otis Barton was a pioneer in exploring where?,The ocean,60,0,"[""Underwater"", ""Under water"", ""Underwater life"", ""Undersea"", ""Underwater""]"
tc_586,Where in England was actor Nigel Hawthorne born?,Coventry,60,1,"[""Cofantre"", ""Coventry (city)"", ""Coventry, Warwickshire"", ""Coventry"", ""Coventry, UK"", ""Coventry, England"", ""City of Coventry"", ""COVENTRY"", ""County Borough of Coventry"", ""Coventry (borough)"", ""Coventry City council"", ""Coventry, United Kingdom"", ""Metropolitan Borough of Coventry"", ""Coventry""]"
tc_596,"What mythological beast has the head of a man, the body of a lion, and the tail and feet of a dragon?",Chimera,95,0,"[""A manticore"", ""The Manticore"", ""A manticore""]"
tc_604,"In Greek mythology, who were Arges, Brontes and Steropes?",Cyclopes,60,1,"[""Cyclopes (disambiguation)"", ""Cyclopes"", ""Cyclopes""]"
tc_626,Which musician founded the Red Hot Peppers?,I don't know,10,0,"[""Ferdinand Joseph La Menthe"", ""Louise Monette"", ""Ferdinand Morton"", ""Ferdinand %22Jelly Roll%22 Morton"", ""F.P. Lamothe"", ""Ferdinand Lamothe"", ""Jellyroll Morton"", ""Ferdinand Joseph Morton"", ""Joseph Ferdinand Morton"", ""Ferdinand Joseph Lamothe"", ""Jelly-Roll Morton"", ""Jelly Roll Morton"", ""Jelly Roll Morton""]"
tc_635,Where did the Shinning Path terrorists operate?,Peru,60,1,"[""Lower Peru"", ""Name of Peru"", ""Republic of Peru"", ""Etymology of Peru"", ""ISO 3166-1:PE"", ""Piruw"", ""Peruano"", ""Rep\u00fablica del Per\u00fa"", ""El Per\u00fa"", ""Republic of Per\u00fa"", ""Peruvian Republic"", ""Peru"", ""Peruvian"", ""P\u00e9ru"", ""Piruw Ripuwlika"", ""El Peru"", ""Per\u00fa"", ""Per\u00f9"", ""Piruw Suyu"", ""P\u00e9rou"", ""Peruvia"", ""Peru""]"
tc_653,How old was Jimi Hendrix when he died?,27,95,1,"[""27"", ""twenty-seven"", ""27""]"
tc_657,Which Brit broke the land speed record in 1990 in Thrust 2?,Richard Noble,60,1,"[""Richard Noble"", ""Richard Noble""]"
tc_664,In which state was Gene Vincent born?,Virginia,60,1,"[""US-VA"", ""State of Virginia"", ""Virginia, USA"", ""Tenth State"", ""Religion in Virginia"", ""Virginia (USA state)"", ""Virginia (state)"", ""Commonwealth of VA"", ""Rest of Virginia"", ""Virginia"", ""Mother of Presidents"", ""Virginia (USA State)"", ""The Old Dominion"", ""VA (state)"", ""Commonwealth of Virginia"", ""Virginian Commonwealth"", ""The Mother of Presidents"", ""Virginia, United States"", ""Council of Virginia"", ""Sports in Virginia"", ""Viginia"", ""Virginia (U.S. state)"", ""10th State"", ""Virgina"", ""The Commonwealth of Virginia"", ""VA, USA"", ""Virginia (State)"", ""Virginia""]"
tc_665,How was the European Recovery Program in the 1940s more commonly known?,The Marshall Plan,90,1,"[""European Recovery Programme"", ""The marshal plan"", ""Marshall Aid"", ""European Recovery Program"", ""Marshall Paln"", ""The Marshall Plan"", ""European recovery act"", ""Marshall aid"", ""Marshall Plan"", ""Marshal plan"", ""Organization for European Economic Recovery"", ""Minist\u00e8re de la Reconstruction"", ""Marshall aid plan"", ""Economic Cooperation Act of 1948"", ""Marshall plan"", ""Operation Rathole"", ""Marshall Plan""]"
tc_672,Brandon Lee died during the making of which movie?,The Crow,90,1,"[""The Crow: Dead Time"", ""The Crow (2016 film)"", ""The Crow"", ""The Crow""]"
tc_678,Who had a 70s No 1 hit with Let's Do It Again?,The Staple Singers,60,1,"[""The Staple Singers"", ""Staple Singers"", ""The Staples Singers"", ""Staples Singers"", ""Cleotha Staples"", ""The Staple Singers""]"
tc_687,Who had a Too Legit To Quit Tour?,MC Hammer,90,1,"[""M. C. Hammer"", ""Hammer (rapper)"", ""Family Affair(MC Hammer album)"", ""Mc Hammer"", ""Too Tight(MC Hammer album)"", ""Stanley Burrell"", ""Stanley Kirk Burrell"", ""M c hammer"", ""Mchammer"", ""You Shouldn't Touch This"", ""Mc hammer"", ""M.C. Hammer"", ""Family Affair (MC Hammer album)"", ""McHammer"", ""MC Hammer"", ""Stanley K. Burrell"", ""Wiredoo"", ""WireDoo"", ""The hammer crew"", ""Too Tight (MC Hammer album)"", ""MC Hammer""]"
tc_690,"""According to Rudyard Kipling what were the """"two imposters"""" to meet and treat the same day?""",Triumph and disaster,90,1,"[""Triumph and Disaster"", ""Triumph and Disaster""]"
tc_691,Who is the most successful UK solo artist in the USA?,Elton John,95,1,"[""Sir Elton"", ""Rockaday Johnny"", ""Elthon John"", ""Eltonjohn"", ""List of Elton John awards"", ""John, Elton"", ""Reggie Dwight"", ""Lord Choc Ice"", ""Redget Buntovan"", ""Elton John's discography"", ""Elton john discography"", ""Reginald K. Dwight"", ""Elton John"", ""Mrs. Elton John"", ""Lady Choc Ice"", ""Reg Kenneth Dwight"", ""Renate Blauel"", ""Reginald Kenneth Dwight"", ""Ann Orson"", ""Reg Dwight"", ""Elton John Band"", ""Reginald Dwight"", ""Sir John Elton"", ""Elton john"", ""Elton John Discography"", ""Reginald Kenneth"", ""Elton Hercules John"", ""Sir Elton Hercules John CBE"", ""Elton H. John"", ""Nancy Treadlight"", ""Reginald kenneth dwight"", ""Reginald dwight"", ""Sir Elton John"", ""Kenneth Dwight"", ""Elton John""]"
tc_704,Which country does the airline TAAG come from?,Angola,60,1,"[""Angola"", ""Angloa"", ""Etymology of Angola"", ""Republic of Angola"", ""Sport in Angola"", ""The Republic of Angola"", ""ISO 3166-1:AO"", ""Angola""]"
tc_715,Which US No 1 single came from Diana Ross's platinum album Diana?,I'm Coming Out,60,0,"[""Upside Down (Diana Ross song)"", ""Up side down"", ""Upside Down"", ""Upside Down (single)"", ""Upside Down""]"
tc_719,River Phoenix died during the making of which movie?,Dark Blood,60,1,"[""Dark Blood (film)"", ""Dark Blood"", ""Dark Blood""]"
tc_723,Which artist David was born in Bradford UK?,David Hockney,90,1,"[""Hockney"", ""David Hockney"", ""Hockney""]"
tc_725,What is Mel Gibson's middle name?,Columcille Gerard,60,1,"[""St Colm"", ""Saint Colm Cille"", ""Calum Cille"", ""Collumcille"", ""Life of St. Columba"", ""St Columcille"", ""Columba, Saint"", ""Columba"", ""St Colmcille"", ""Vita Sancti Columbae"", ""Saint Columba"", ""Vita Columbae"", ""Colmcille"", ""Colum Cille mac Fedelmtheo"", ""Columbkille"", ""St. Columcille"", ""Columba of Iona"", ""Colm Cille"", ""Colmkill"", ""Columb Cille"", ""Colmekill"", ""Saint Columb"", ""Saint Columbkille"", ""St Colum Cille"", ""St. Columba"", ""Scoto-Hibernian Monasteries"", ""Saint Colmcille"", ""Life of Columba"", ""Columbcille"", ""Saint Columcille"", ""Colum Cille"", ""Columcille"", ""St Columba"", ""Columcille""]"
tc_731,Richard Daley was mayor of which city for 21 years?,Chicago,95,1,"[""Chi-Beria"", ""Sayre language academy"", ""Chicago"", ""Chicago, Illinois"", ""Hog Butcher for the World"", ""Land of smelly onions"", ""Ariel Community Academy"", ""The weather in Chicago"", ""Chicago, Illinois, U.S.A."", ""Chicago, Illionis"", ""Near North Montessori"", ""Religion in Chicago"", ""Chicago Finance Committee"", ""The Paris of America"", ""The city of Chicago"", ""City of Chicago"", ""List of sister cities of Chicago"", ""UN/LOCODE:USCHI"", ""Chicago theatre scene"", ""Chicago, WI"", ""The City of Broad Shoulders"", ""City of Broad Shoulders"", ""Sister Cities of Chicago"", ""Chicago il"", ""Chicago, Illinois, USA"", ""Performing arts in Chicago"", ""Chicago Transportation Committee"", ""Chicago, Wisconsin"", ""City of chicago"", ""Chicago theater scene"", ""Chicago, Il"", ""Chicago, IL."", ""Chicago, Ill."", ""City of Chicago, Illinois"", ""Chi town"", ""Chicago, United States"", ""Chicago (Ill.)"", ""Transport in Chicago"", ""Chicago, Illinois, United States"", ""Chicago (IL)"", ""USCHI"", ""Chichago"", ""Chcago"", ""Chicago, Illinois, U.S."", ""Sister Cities Chicago"", ""Chicago, USA"", ""Chi City"", ""Chicago, IL"", ""Chi-Town"", ""Chicago theatre"", ""Paris of America"", ""Chicago, Illinois, US"", ""Chicago Illinois"", ""The city of Chicago, Illinois"", ""Sister cities of Chicago"", ""Chicago""]"
tc_759,"""In which movie did Garbo say, """"I want to be alone"""".""",Grand Hotel,60,1,"[""The grand hotel"", ""Grand H\u00f4tel"", ""Grand hotel"", ""The Grand Hotel"", ""Grand Hotel"", ""Grand Hotel (disambiguation)"", ""Grand Hotel""]"
tc_783,What is Osbert Lancaster best known for producing?,Cartoons,60,1,"[""Cartoonish"", ""Cartoons"", ""American cartoon"", ""Cartoon"", ""Cartoonistic"", ""Cartoonism"", ""Cartoons""]"
tc_812,Who was the defending champion when Martina Navratilova first won Wimbledon singles?,Chris Evert,60,0,"[""Virginia Wade"", ""Sarah Virginia Wade"", ""Virginia Wade""]"
tc_827,Who was the first US-born winner of golf's British Open?,Walter Hagen,60,1,"[""Walter Hagen"", ""Hagen, Walter"", ""Walter Charles Hagen"", ""Walter Hagen""]"
tc_841,In which country is the Sky Train Rail bridge?,Thailand,60,0,"[""Canada"", ""Canad\u00e1"", ""The Dominion of Canada"", ""Commonwealth of Canada"", ""Dominion of canada"", ""ISO 3166-1:CA"", ""Etymology of Canada"", ""CANADA"", ""Canadiophile"", ""Canada's"", ""\u1472\u14c7\u1455"", ""Canada/References"", ""America's top hat"", ""Canada."", ""Cnada"", ""\u010canada"", ""Canadian Federation"", ""Kenadian"", ""Canadialand"", ""Xanada"", ""Dominion of Canada"", ""Canadaa"", ""Canada""]"
tc_847,What was the Paramount Film Company originally called?,Famous Players Film Company,60,1,"[""Raleigh Studios"", ""Famous Players Film Company"", ""The Famous Players"", ""Celebrated Players Film Corporation"", ""Famous Players Film Company""]"
tc_866,Who was the first person after Scott to reach the South Pole overland?,Roald Amundsen,95,0,"[""Sir Edmund Hillary"", ""Edmund Hilary"", ""Sir Ed"", ""Sir Edmund Hilary"", ""Sir Edmund Percival Hillary"", ""Edmond Hillary"", ""Ed Hillary"", ""Edmond hillary"", ""Sir Edmund"", ""Edmund Percival Hillary"", ""Edmund Hillary"", ""Edmond Hillary""]"
tc_875,Which journalist first told the world about the My Lai massacre?,Seymour Hersh,60,1,"[""Seymour Hersch"", ""The Dark Side of Camelot"", ""Seymour M. Hersh"", ""Chain of Command: The Road from 9/11 to Abu Ghraib"", ""Hersh, Seymour M."", ""Seymour Hersh"", ""Sy Hersh"", ""Chain of Command (book)"", ""Seymour (Sy) Myron Hersh"", ""Seymour Hirsch"", ""Seymour Hersh""]"
tc_881,What is the name of Terence and Shirley Conran's dress designer son?,Jasper Conran,60,1,"[""Jaspis"", ""Bruneau jasper"", ""Egyptian jasper"", ""Black Jasper"", ""Lydian stone"", ""Jasper (mineral)"", ""Jasper"", ""Youngite"", ""Bruneau Jasper"", ""Jasper""]"
tc_886,Which drink did The Spice Girls promote?,Pepsi,90,1,"[""Pep.si"", ""Pepsey"", ""Pepsi Convoy"", ""Pepsi Lime"", ""Pepsi: summer Mix"", ""Pepsi Si"", ""Brad's drink"", ""Cherry Pepsi"", ""Pepsi S\u00ed"", ""Pepsi edge"", ""Joy of Cola"", ""Pepsi Summer mix"", ""Pepsi tarik"", ""Pepsi cino"", ""Pepsi Holiday Spice"", ""Pepsi Perfect"", ""PepsiCola"", ""Pepsi: Summer mix"", ""Pepsi: summer mix"", ""Pepsi Gold"", ""Pepsi Samba"", ""Pepsi Vanilla"", ""Pepsi Avantage"", ""Vanilla Pepsi"", ""Pepsi cola"", ""Pepsi Tarik"", ""Pepsi (Summer Mix)"", ""Pepsi"", ""Mandarin Orange Slice"", ""Pepsi advantage"", ""Pepsi (summer mix)"", ""Wildcherrypepsi"", ""Cokesi"", ""Pepsi-Cola"", ""Pepsi Fire"", ""Pepsi EDGE"", ""Pepsi Cola"", ""Pepsiman"", ""Pepsi avantage"", ""Pepsi AM"", ""Pepsi: Summer Mix"", ""Diet Wild Cherry Pepsi"", ""Pepsi Man"", ""Pepsi-cola"", ""Pepsi Cappuccino"", ""Pepsi summer Mix"", ""Pepsi Ice"", ""Pepsi lime"", ""Peppsey"", ""Diet Cherry Pepsi"", ""Pepsi Edge"", ""Pepsi summer mix"", ""Brad's Drink"", ""Pepsi B"", ""Pepsi Summer Mix"", ""Pepsi Limited Edition Summer Mix"", ""Pepsi X"", ""PEPSI"", ""Brads drink"", ""Homemade Pepsi"", ""Diet Pepsi Vanilla"", ""Pepsi (Summer mix)"", ""Pepsi""]"
tc_888,Who was the youngest brother in the Beach Boys?,Carl Wilson,60,1,"[""Carl Wilson"", ""Carl Wilson discography"", ""Wilson, Carl Dean"", ""Carl Dean Wilson"", ""Wilson, Carl"", ""Carl Wilson""]"
tc_905,Who first hosted Family Feud?,Richard Dawson,90,1,"[""Dick Dawson"", ""Richard Dawson"", ""Dickie Dawson"", ""Colin Lionel Emm"", ""Colin Emm"", ""Richard Dawson""]"
tc_935,What did the Lone Ranger's title Kemo Sabe mean in Apache?,I don't know,10,0,"[""L\u00e8ine bh\u00e0n"", ""White shirt"", ""White Shirt"", ""Leine bhan"", ""White Shirt""]"
tc_938,Who or what was Gentle Ben in the 60s TV series?,A bear,90,1,"[""Ursine"", ""Ursoidea"", ""Honey pig"", ""Bears"", ""Arctos"", ""Ursidae"", ""BEAR"", ""Mating bears"", ""Bear cub"", ""Reproductive behavior of bears"", ""Ursoid"", ""Cub (bear)"", ""Bear"", ""\ud83d\udc3b"", ""Bear (zoology)"", ""Sexual behavior of bears"", ""Bear hibernation"", ""Bear cub""]"
tc_945,Which 70s show was based on the British show Till Death Us Do Part?,All in the Family,90,1,"[""All In The Family"", ""All in the family"", ""Justice For All (TV pilot)"", ""Stretch Cunningham"", ""All in the Family (US series)"", ""Those Were the Days (TV pilot)"", ""All In the Family"", ""Millard Fillmore High School"", ""All in the Family"", ""Justice for All (TV pilot)"", ""Those Were The Days (TV pilot)"", ""All In The Family""]"
tc_954,On what date in 1969 did Neil Armstrong first set foot on the Moon?,"July 20, 1969",95,1,"[""July 20"", ""20 July"", ""July 20th"", ""Jul 20"", ""20th July"", ""Historical anniversaries/July 20"", ""July 20th""]"
tc_955,Bandar Seri Begawan International airport is in which country?,Brunei,60,1,"[""Abode of Peace"", ""BRUNEI"", ""Health in Brunei"", ""Burnei"", ""State of Brunei Darussalam"", ""Nation of Brunei, the Abode of Peace"", ""\u0628\u0631\u0646\u064a \u062f\u0627\u0631\u0627\u0644\u0633\u0644\u0627"", ""Brunei"", ""Bruneian Sultanate"", ""Brunei Darrussalam"", ""State of Brunei"", ""Brunai"", ""Nation of Brunei"", ""ISO 3166-1:BN"", ""Asia/Brunei"", ""Human rights in Brunei"", ""Brunei Darsussalam"", ""Nation of Brunei, Abode of Peace"", ""Negara Brunei Darussalam"", ""Subdivisions of Brunei"", ""Brunei Darussalam"", ""Administrative divisions of Brunei"", ""Brunei Sultanate"", ""\u0628\u0631\u0648\u0646\u064a"", ""Legal system of Brunei"", ""State of Brunei, Abode of Peace"", ""Etymology of Brunei"", ""Brunei""]"
tc_962,What was the profession of Paul Strand (1890 - 1976)?,Photographer,90,1,"[""Photographist"", ""Photographer"", ""Freelance photographer"", ""Freelance Photography"", ""Photographr"", ""Photographer""]"
tc_1004,Who had a 60s No 1 with Downtown?,Petula Clark,90,1,"[""Petula Clark"", ""Petula Clarke"", ""Pet clark"", ""Petula Sally Olwen Clark"", ""Petula Clark""]"
tc_1007,"Who was born first, Kiefer Sutherland or Christian Slater?",Kiefer Sutherland,90,1,"[""Kiefer sutherlund"", ""Keefer Sutherland"", ""Promised Land (1987)"", ""Keifer Sutherland"", ""Kiefer William Frederick Dempsey George Rufus Sutherland"", ""Kiefer Sutherland"", ""Keifer Southerland"", ""Kiefer William Fredrick Dempsey George Rufus Sutherland"", ""Kiefer Sutherland characters"", ""Kiefer Sutherland""]"
tc_1008,"To the nearest two, how many tennis Grand Slam titles did Jimmy Connors win?",8,60,0,"[""10"", ""ten"", ""10""]"
tc_1009,Who was the Georgia Peach?,Ty Cobb,95,1,"[""Cobb, Ty"", ""Ty Cobb"", ""The Georgia Peach"", ""Tyrus Raymond Cobb"", ""Tyrus Cobb"", ""Ty Cobb""]"
tc_1020,Who set fire to his guitar at the Monterey Pop festival in 19676?,Jimi Hendrix,95,1,"[""Hendrix"", ""Lithofayne Pridgeon"", ""Jimi hendrix"", ""Early life of jimi hendrix"", ""Villanova Junction"", ""James Marshall Hendrix"", ""Jimmi Hendrix"", ""Jimy Hendrix"", ""Johnny Allen Hendrix"", ""Jimmy hendrix"", ""Jimmy Hendricks"", ""Gypsy Sun and Rainbows"", ""Jimmy Hendrix"", ""Electric Church"", ""Janie Hendrix"", ""Early life of Jimi Hendrix"", ""Heaven Research"", ""Jim Hendrix"", ""Al Hendrix"", ""Gypsy Suns and Rainbows"", ""James Hendrix"", ""Jimi Hendrix"", ""Jimi Hendrix""]"
tc_1023,Della Street was whose secretary?,Perry Mason,95,1,"[""Perry Mason (film)"", ""Perry mason"", ""Perry Mason: The Case of the Defiant Daughter"", ""Perry Mason"", ""Perry Mason""]"
tc_1028,"In music, who was Sweet and Innocent and Too Young?",I don't know,10,0,"[""Donny Osmond"", ""Donny & Marie in Las Vegas"", ""Donald Clark Osmond"", ""Donald Osmond"", ""Donnie Osmond"", ""Donny Osmond""]"
tc_1029,Who is featured on Puff Daddy's Can't Hold Me Down?,Mase,90,1,"[""Mase"", ""MA$E"", ""Ma$e"", ""Karma (Mase album)"", ""Now We Even"", ""Officially Back"", ""Mason Durell Betha"", ""Ma$E"", ""Murda Ma$e"", ""Mason Betha"", ""Murda Mase"", ""Murder Mase"", ""Mase""]"
tc_1068,What had Edmond Hillary worked at before taking up mountain climbing?,Beekeeper,60,0,"[""Bee keeper"", ""Bee culture"", ""Beekeeping suit"", ""Beekiping"", ""Bee keepers"", ""Bee-keeping"", ""Bee keeping"", ""Apairist"", ""Apiculture"", ""Beekeeping helmet"", ""Bee Keeping"", ""Beekeeping"", ""Bee farming"", ""Beekeeping leading practices"", ""Apiarian"", ""History of beekeeping"", ""Bee Keeping""]"
tc_1069,In which American state is the Isabella Stewart Gardner Museum?,Massachusetts,90,1,"[""Masachusetts"", ""Masshole Commonwealth"", ""Massachusetts (state)"", ""Massachusetts culture"", ""Massachusetts, United States"", ""Masachussetts"", ""Commonwealth of Masachusetts"", ""The Bay State"", ""Commonwealth of Masachussets"", ""Culture of Massachusetts"", ""Commonwealth of Massachusetts"", ""MA (state)"", ""Massechusetts"", ""Commonwealth of Masachusets"", ""Commonwealth of Massachussets"", ""Religion in Massachusetts"", ""Masschusetts"", ""Masachussets"", ""Commonwealth of Massachussetts"", ""Massachusetts"", ""Transport in Massachusetts"", ""Massachusite"", ""Economy of Massachusetts"", ""6th State"", ""Massitchusits"", ""Massachsuetts"", ""Commonwealth of Masachussetts"", ""The Commonwealth of Massachusetts"", ""Massachussets"", ""Massachus"", ""Massechussets"", ""Transportation in Massachusetts"", ""Massachusets"", ""Masachusets"", ""Mass."", ""Massachusetts state"", ""Sixth State"", ""Massachusites"", ""Massacheusetts"", ""Most Serene Commonwealth of Massachusetts"", ""US-MA"", ""Commonwealth of Massachusets"", ""Massachussetts"", ""Massachusetts (U.S. state)"", ""Taxachusetts"", ""State of Massachusetts"", ""Massachusettes"", ""Massachusettsan"", ""Education in Massachusetts"", ""Massachusetts""]"
tc_1070,Benina international airport is in which country?,Libya,60,1,"[""Free Democratic Libya"", ""LIBYA"", ""Islamic Republic of Libya"", ""Libya (National Transitional Council)"", ""Republic of Libya"", ""Libya"", ""State of Libya"", ""Libyan Republic (2011)"", ""Libyan Republic"", ""\u2d4d\u2d49\u2d31\u2d62\u2d30"", ""\u0644\u064a\u0628\u064a\u0627"", ""Libiyah"", ""LBY"", ""Etymology of Libya"", ""Al-Jamahiriya al-%60Arabiyah al-Libiyah ash-Sha%60biyah al-Ishtirakiyah al-Uzma"", ""Largest cities in Libya"", ""L\u012bbiy\u0101"", ""Lybya"", ""Free Libya"", ""Libiya"", ""ISO 3166-1:LY"", ""Libya""]"
tc_1098,Beloved in 1999 was whose first movie since The Color Purple in 1985?,Oprah Winfrey,60,1,"[""Oprah"", ""Ophra"", ""Oprah Winfrey"", ""Oprah Winfery"", ""Winfrey, Oprah Gail"", ""Oprah Gail Winfrey"", ""Opera Winfrey"", ""Oprahism"", ""Oprah!"", ""Vernon Winfrey"", ""Oprah G Winfrey"", ""Harpo Radio, Inc."", ""Orpah Winfrey"", ""Patricia Lee-Lloyd"", ""Oprah's Last Chapter"", ""Oprah's Angels"", ""Oprah winfre"", ""Harpo Winfrey"", ""Oprah G. Winfrey"", ""Oprah winfrey"", ""Harpo Inc."", ""Oprah Winfry"", ""Oprah Winfrey""]"
tc_1114,Which Star Trek star directed Three Men and a Baby?,Leonard Nimoy,60,1,"[""Leonard nimoy"", ""Leonard Nimoy"", ""LEONARD NIMOY"", ""Leonard Nemoy"", ""Leonard Simon Nimoy"", ""Leonard Nimoy""]"
tc_1115,Which sitcom star appeared on the big screening The Object of My Affection?,Jennifer Aniston,90,1,"[""Jennifer Anniston"", ""Jen Aniston"", ""Jennifer Aniston"", ""Jennifer aniston"", ""Jennifer Pitt"", ""Jennifer anniston"", ""Jenifer Anniston"", ""Jenifer Aniston"", ""Pumas (film)"", ""Jennifer Anistion"", ""Jennifer Joanna Aniston"", ""Jennifer Joanna Anastassakis"", ""Aniston, Jennifer"", ""Counter Clockwise (film)"", ""Jennifer anastassakis"", ""Jennifer Aniston""]"
tc_1120,"""Which character did Julia """"Roberts play in Steven Spielberg's Hook?""",Tinker Bell,60,1,"[""Pixie dust"", ""Tinkerbell"", ""Tinker Bell"", ""Tinker Bell (Disney)"", ""Magic dust"", ""Pixie dust (disambiguation)"", ""Fairy dust"", ""Tink (film)"", ""Tinkerbell""]"
tc_1123,Which US president did Anthony Hopkins play in a film whose title was simply his name?,Richard Nixon,60,1,"[""I'm not a crook"", ""Richard nixon"", ""Nixson"", ""Richard Milhouse Nixon"", ""Richard Milhous Nixon"", ""Nixonian"", ""Richard Nixon"", ""Dick Nixon"", ""Nixonite"", ""Nixon, Richard"", ""37th President of the United States"", ""Resignation of Richard Nixon"", ""Richard Nickson"", ""Tricky Dick Nixon"", ""Nixon's"", ""Arthur Burdg Nixon"", ""Richard M. Nixon"", ""Tricky Dick"", ""Arthur Nixon"", ""Nixon"", ""Harold Samuel Nixon"", ""Richard M Nixon"", ""Harold Nixon"", ""Nixon, Richard Milhous"", ""Nixon, Richard M."", ""Nichard rixon"", ""Nixon""]"
tc_1124,Which movie was a biopic about the life of David Helfgott?,Shine,90,1,"[""Shine"", ""Shine (album)"", ""Shine (EP)"", ""Shine (song)"", ""Shin\u00e9"", ""Shine (disambiguation)"", ""Shine(Album)"", ""Shine""]"
tc_1128,Which film director guested as the FBI Director in The Silence of the Lambs?,Jonathan Demme,60,0,"[""The Doorway (film)"", ""Roger William Corman"", ""Roger Corman"", ""Roger Corman""]"
tc_1131,In which sci fi classic did the space ship Nostromo first appear?,Alien,95,1,"[""Alien (disambiguation)"", ""The Alien"", ""Alien (Alien)"", ""The Aliens"", ""Alien (fictional creature)"", ""The Aliens (band)"", ""Alien (alien)"", ""Alien"", ""Alians (disambiguation)"", ""Aliens (novel)"", ""Aliens (computer game)"", ""Alien (song)"", ""Aliens"", ""Aliens (disambiguation)"", ""The Alien (disambiguation)"", ""Alien""]"
tc_1152,Nigel Hawthorne was Oscar nominated for The Madness of which King?,George III,60,1,"[""Gheevarghese"", ""Vargheese"", ""Ghevargheese"", ""George (disambiguation)"", ""Ghevarghese"", ""Gheevargheese"", ""George"", ""Vargis"", ""Geroge"", ""George's"", ""GEORGE"", ""George""]"
tc_1156,Which Swedish actress won the Best Supporting Actress Oscar for Murder on the Orient Express?,Ingrid Bergman,90,1,"[""Ingrid Bergmann"", ""Isotta Ingrid Rossellini"", ""Ingrid Rossellini"", ""Ingrid Bergman"", ""Ingrid Berman"", ""Ingrid Bergman""]"
tc_1176,Which Oscar-nominated film had You Sexy Thing as its theme song?,The Full Monty,60,1,"[""Full Monty"", ""The Full Monty (film)"", ""The Full Monty (soundtrack)"", ""Full monty"", ""The Full Monty"", ""The Full Monty""]"
tc_1179,Which Joan's career revived in Whatever Happened to Baby Jane?,Crawford,90,1,"[""Crawford (disambiguation)"", ""Crawford village"", ""Crawford"", ""Crawford (village)"", ""Crawford""]"
tc_1181,Which much-loved actor won the Best Actor Oscar for The Philadelphia Story?,James Stewart,60,1,"[""James Stewart (actor)"", ""Jimmy Stuart"", ""James stewart (actor)"", ""Jimmy Stewart"", ""James Stewart"", ""Jimmy stewart"", ""Stewart, James"", ""James Stewart""]"
tc_1183,Which legendary dancer was Oscar-nominated for The Towering Inferno?,Fred Astaire,90,1,"[""Fred Astair"", ""Fred Austerlitz"", ""Frederick Austerlitz Astaire"", ""Frederick Austerlitz"", ""Fred Astaire"", ""Fred astairey"", ""Fred Astare"", ""Phyllis Potter"", ""Fred Astaire""]"
tc_1189,What was the name of the brothel in The Best Little Whorehouse in Texas?,The Chicken Ranch,60,1,"[""Chicken Ranch"", ""Chicken Ranch (disambiguation)"", ""The Chicken Ranch"", ""Chicken Ranch""]"
tc_1210,Who was the male star of the movie The Man of La Mancha?,Peter O'Toole,60,1,"[""Peter o toole"", ""Peter O' Toole"", ""Peter Seamus Lorcan O'Toole"", ""Peter Seamus O'Toole"", ""Peter O'Toole"", ""Peter O\u2019Toole"", ""Peter OToole"", ""Peter O'Toole""]"
tc_1243,What relation is Joey Richardson to Vanessa Redgrave?,Daughter,90,1,"[""Daughterhood"", ""Daughter"", ""Daughters"", ""Daughter""]"
tc_1250,Melanie Molitor is the mom of which tennis world NO 1?,Serena Williams,60,0,"[""The Swiss Miss"", ""Martina hingis"", ""Martina Hingisov\u00e1"", ""Martina Hingis"", ""MartinaHingis"", ""Martina Hingisova"", ""Hingis"", ""Martina Hingis""]"
tc_1254,Marc Dutroux hit the headlines over a 'house of horrors' in which country?,Belgium,90,1,"[""Belguim"", ""Koenigreich Belgien"", ""Belgium/Belgie"", ""Kingdom of Belgium"", ""Belgian"", ""Beljum"", ""K\u00f6nigreich Belgien"", ""Belgique"", ""Belgium"", ""Beligum"", ""Kingdom of the Belgians"", ""Beljam"", ""Kingdom Of Belgium"", ""Belgum"", ""ISO 3166-1:BE"", ""Belgie"", ""Cockpit of Europe"", ""Koninkrijk Belgi\u00eb"", ""Beldjike"", ""Blegium"", ""Belgio"", ""The Quebec of Europe"", ""Belgi\u00eb"", ""Begium"", ""Royaume de Belgique"", ""Konigreich Belgien"", ""Koninkrijk Belgie"", ""People of Belgium"", ""Belgien"", ""Belgium/facts"", ""Administrative divisions of Belgium"", ""Belgium facts"", ""Belgium""]"
tc_1284,On which date in 1945 did Hitler take cyanide then shoot himself?,"April 30, 1945",95,1,"[""Apr 30"", ""April 30, 2007"", ""April 30"", ""30th April"", ""April 30th"", ""May 0"", ""30 april"", ""30 April"", ""April 30, 1789"", ""April 30th""]"
tc_1313,In which river is the Boulder Dam?,Colorado River,95,1,"[""Colorado (State)"", ""Colorful Colorado"", ""Special districts of Colorado"", ""Insignia of the State of Colorado"", ""List of military facilities in Colorado"", ""Coloradan"", ""Cuisines of Colorado"", ""Colorado (U.S. state)"", ""List of professional sports teams in Colorado"", ""Religion in Colorado"", ""Professional sport teams of Colorado"", ""Rocky Mountain Empire"", ""Thirty-eighth State"", ""38th State"", ""Coloradans"", ""Colorado, United States"", ""The Centennial State"", ""Colo."", ""List of professional sports teams of Colorado"", ""Protected areas of Colorado"", ""Education in Colorado"", ""State of Colorado"", ""Columbine State"", ""Thirty-Eighth State"", ""Colorado (state)"", ""List of former professional sports teams of Colorado"", ""US-CO"", ""Colorado protected areas"", ""Mother of Rivers"", ""List of Colorado state insignia"", ""Fine arts in Colorado"", ""Climate of Colorado"", ""Professional sports in Colorado"", ""Colorado state nickname"", ""Emblems of the State of Colorado"", ""Colorado"", ""Colorado military facilities"", ""Demographics of Colorado"", ""Colorada"", ""Kolorado"", ""Culture of Colorado"", ""Colarado"", ""Centennial State"", ""CO (state)"", ""Buffalo Plains State"", ""Military facilities in Colorado"", ""Colorado""]"
tc_1321,"Which sports event was first held at Worcester, Massachusetts in 1927?",The World Series,60,0,"[""Ryder Cup Matches"", ""Rider cup"", ""The Ryder Cup"", ""Ryder cup"", ""Ryder Cup"", ""Ryder Cup""]"
tc_1323,In which European city is the Belvederen Gallery?,Vienna,90,1,"[""Capital of Austria"", ""Wien"", ""Architecture of Vienna"", ""Vinarborg"", ""Government of Vienna"", ""Vienna"", ""Viena"", ""Demographics of Vienna"", ""City of Vienna"", ""Vienna (state)"", ""Wienna"", ""Vienna, AT-9"", ""Habsburg, Austria"", ""Vienna Porcelain"", ""Wene"", ""UN/LOCODE:ATVIE"", ""Vienna (Austria)"", ""Europe/Vienna"", ""Vindabona"", ""Vienna porcelain"", ""V\u00ednarborg"", ""Wien, Austria"", ""Vienna, Austria"", ""Gemeinderat of Vienna"", ""Vindobonensis"", ""B\u00e9cs"", ""Vienna""]"
tc_1324,How old was Woody Herman when he founded his own orchestra?,21,60,0,"[""13"", ""thirteen"", ""13""]"
tc_1328,For which movie did Katharine Hepburn win her second Oscar?,The Lion in Winter,60,0,"[""Guess Who's Coming To Dinner"", ""Guess who's Coming to Dinner"", ""Guess Who's Coming to Dinner%3F"", ""Guess whose coming to dinner"", ""Guess Who's Coming to Dinner"", ""Guess Who's Coming To Dinner""]"
tc_1331,Who had a 60s No 1 hit with This Diamond Ring?,Gary Lewis and the Playboys,60,1,"[""Dave Gonzalez (Gary Lewis & the Playboys)"", ""Gary Lewis & the Playboys"", ""Gary Lewis and The Playboys"", ""Gary Lewis & The Playboys"", ""Gary Lewis and the Playboys"", ""Gary Lewis and the Playboys""]"
tc_1333,The world was first aware of the Chernobyl disaster after detectors were triggered at a nuclear plant in which country?,Sweden,60,1,"[""Swedish sin"", ""Swea Region"", ""Sverige"", ""Swedish origin"", ""Schweden"", ""Kingdom of Sweden"", ""SWEDEN"", ""Etymology of Sweden"", ""Mainland Sweden"", ""Konungariket Sverige"", ""Ulf Bergman"", ""Swedish climate"", ""Sweden"", ""Climate of Sweden"", ""ISO 3166-1:SE"", ""Sveden"", ""Suecia"", ""Swedish realm"", ""Zweden"", ""Sweden""]"
tc_1340,In which country was the first permanent bungee jumping site situated?,New Zealand,95,1,"[""N Z"", ""Nouvelle-Zelande"", ""Kiwiland"", ""New Zealand's"", ""New Zealand."", ""Nz"", ""New Zealand,"", ""NEW Z"", ""N Zealand"", ""NEW ZEALAND"", ""New Zealend"", ""Administrative divisions of new zealand"", ""New Zaeland"", ""N z"", ""Kiwistan"", ""Enzed"", ""NewZealand"", ""NZ"", ""Name of New Zealand"", ""Staten Landt"", ""New+Zealand"", ""NZL"", ""Nu Tirani"", ""Neo Zealand"", ""ISO 3166-1:NZ"", ""New Zealnd"", ""AoTeAroa"", ""Sheepland"", ""Aotearoa / New Zealand"", ""Subdivisions of New Zealand"", ""Its got that new zeal"", ""New Zealand"", ""Newzealand"", ""New Zeland"", ""New-Zealand"", ""New Zeeland"", ""Administrative divisions of New Zealand"", ""New Zealnad"", ""Staten Land"", ""N.Z."", ""Staaten land"", ""New.Zealand"", ""Mew Zealand"", ""Maoriland"", ""N. Zealand"", ""Etymology of New Zealand"", ""New Xealand"", ""M\u0101oria"", ""New zelanad"", ""Niu Tireni"", ""New zealand"", ""New zeland"", ""Nova Zeelandia"", ""New zeeland"", ""New Zealand""]"
tc_1341,Who succeeded Brezhnev as Soviet premier?,Yuri Andropov,60,1,"[""Yuri V. Andropov"", ""Yuri Andropov"", ""Yuriy Andropov"", ""Yuri Vladimirovich Andropov"", ""Andropov"", ""Andropou"", ""Jurij Vladimirovi\u010d Andropov"", ""\u042e\u0301\u0440\u0438\u0439 \u0412\u043b\u0430\u0434\u0438\u0301\u043c\u0438\u0440\u043e\u0432\u0438\u0447 \u0410\u043d\u0434\u0440\u043e\u0301\u043f\u043e\u0432"", ""Juri Andropov"", ""Jurij Andropov"", ""Yury Andropov"", ""Yury Vladimirovich Andropov"", ""Jurij Vladimirovic Andropov"", ""Andropov""]"
tc_1348,In the late 60s Owen Finlay MacLaren pioneered what useful item for parents of small chldren?,The baby monitor,60,0,"[""Baby Buggy"", ""Baby buggy"", ""Baby Buggy""]"
tc_1365,In which city's shipyard was Solidarity set up?,Gdansk,60,1,"[""D\u00e0nzica"", ""Baltic Sea/Gdanzk"", ""Danzig/Gda\u0144sk"", ""Gdanzc"", ""Dantzick"", ""Gdunsk"", ""Gdanzk"", ""Gdu\u0144sk"", ""Gda\u0144sk, Poland"", ""Gdanzisk"", ""Danzig (city)"", ""Gda\u00f1sk"", ""Gda\u0146ska"", ""UN/LOCODE:PLGDN"", ""Gdank"", ""Gdanska"", ""Gda\u0144ska"", ""Gdansk, Poland"", ""Gedanum"", ""Gda\u0144k"", ""G'dansk"", ""Danzig"", ""Dantzic"", ""Nasz Stoleczny Gard Gdu\u0144sk"", ""Gda\u0144sk"", ""Dantzik"", ""Gdansk"", ""Gd\u00e1nsk"", ""Gdansk/Danzig"", ""Danzig, Poland"", ""Dantsic"", ""Duchy of Gda\u0144sk"", ""Gdansk, Poland""]"
tc_1387,Which female singer was born on exactly the same day as impressionist Rich Little?,I don't know,10,0,"[""Anna Bullock"", ""Tina Turner's"", ""Tina Turner"", ""Tina tuner"", ""Tina turner"", ""Tinna turner"", ""Annie Mae Bullock"", ""Anna Mae Bullock"", ""Tina Turner""]"
tc_1421,What is Harrison Ford's real name?,Harrison Ford,95,1,"[""Harrison Ford (actor)"", ""Harrison ford"", ""Harrison Ford"", ""Harison Ford"", ""Ford, Harrison"", ""Harrison Ford""]"
tc_1442,Who's home runs record did Mark McGwire break in the 1998 season?,Roger Maris,95,1,"[""Roger Eugene Maras"", ""Roger marris"", ""Roger Eugene Maris"", ""Roger Maris Museum"", ""Roger Maris"", ""Roger Maras"", ""Roger Maris' 61 home run season"", ""Roger Maris""]"
tc_1456,Who won baseball's first World Series of the 80s?,Philadelphia Phillies,60,1,"[""The Phills"", ""Philadelphia Blue Jays"", ""Philadelphia Phyllis"", ""Philadelphia Phil"", ""Philadelphia Phillies (sports)"", ""Philadelphia Phillie"", ""Philadelphia phillies"", ""Philadelphia Phillies roster"", ""List of Philadelphia Phillies captains"", ""Phillies"", ""Phightin' Phils"", ""Philadelphia Phillis"", ""The Phils"", ""Philadelphia Phillies"", ""The Phillies"", ""Phillies Roster"", ""Phils"", ""The Philadelphia Phillies"", ""Phillies Nation"", ""Filies"", ""Philadelphia Phillies/Quakers"", ""Phillies roster"", ""The Pillies"", ""Pillies"", ""Philadelphia Phillies""]"
tc_1468,What was Pete Sampras seeded when he won his first US Open?,12,60,1,"[""twelve"", ""12"", ""12""]"
tc_1484,"""Which boxer famously said,"""" If I can't beat this bum take my name off the record books?""""""",Muhammad Ali,95,0,"[""Rocco Marchegiano"", ""Rocky Marciano"", ""The Brockton Blockbuster"", ""Brockton Bomber"", ""Marciano, Rocky"", ""Rocco francis marchegiano"", ""The Brockton Bomber"", ""Brockton Blockbuster"", ""Rocco Francis Marchegiano"", ""Rocky Marciano""]"
tc_1485,Where did Jonathan Edwards set his 1995 triple jump world record?,Gothenburg,60,0,"[""Swedish sin"", ""Swea Region"", ""Sverige"", ""Swedish origin"", ""Schweden"", ""Kingdom of Sweden"", ""SWEDEN"", ""Etymology of Sweden"", ""Mainland Sweden"", ""Konungariket Sverige"", ""Ulf Bergman"", ""Swedish climate"", ""Sweden"", ""Climate of Sweden"", ""ISO 3166-1:SE"", ""Sveden"", ""Suecia"", ""Swedish realm"", ""Zweden"", ""Sweden""]"
tc_1516,"In baseball, where do the Orioles come from?",Baltimore,95,1,"[""Ballermore, Murdaland"", ""Baltimore, Maryland, US"", ""B.More"", ""Bmore"", ""City of Baltimore, Maryland"", ""Baltimore (City)"", ""Baseball in Baltimore"", ""Ballamore, Murderland"", ""Mobtown"", ""Baltimore, US-MD"", ""Baltimore md"", ""Baltamore"", ""Baltimore (Md.)"", ""Ballermore, Murderland"", ""B-More"", ""Baltimore City"", ""Ballamore"", ""Baltimore, Md."", ""Baltimore, Maryland"", ""Baltimore, Maryland, USA"", ""Baltimore, Maryland, United States"", ""Economy of Baltimore"", ""Baltimore, MD"", ""Charm City"", ""Balitmore"", ""Baltimore"", ""Baltimore, United States"", ""Baltimore, Md"", ""Baltimore (MD)"", ""Ballermore"", ""Baltimore Department of Transportation"", ""Transportation in Baltimore"", ""Charm city"", ""B. More"", ""Baltimore City, MD"", ""Ballamore, Murdaland"", ""Baltimore, Maryland, United States of America"", ""Department of Transportation (Baltimore)"", ""Baltimore City, Maryland"", ""City of Baltimore"", ""Baltimore, USA"", ""Baltimore City Department of Transportation"", ""B More"", ""Baltimore DOT"", ""B'More"", ""Baltimore City Sheriff's Office"", ""UN/LOCODE:USBAL"", ""Baltimoreans"", ""Baltimore, MD, United States"", ""Baltimore""]"
tc_1535,The Naismith Award is presented in which sport?,Basketball,95,1,"[""Basketball"", ""Basketball gear"", ""Bball"", ""Boy's Basketball"", ""B Ball"", ""Shoot hoops"", ""Basketball parity worldwide"", ""Men's Basketball"", ""High school basketball"", ""Basketball Worldwide"", ""Basketball club"", ""B-ball"", ""Basket-ball"", ""Basketball team"", ""\ud83c\udfc0"", ""Basketball rim"", ""Basketballer"", ""Rim (basketball)"", ""Basket ball"", ""Basketball net"", ""Baksetball"", ""Basketball player"", ""Basket-Ball"", ""Women's hoops"", ""Men's basketball"", ""BasketBall"", ""Basketball Parity Worldwide"", ""Basket Ball"", ""Baketball"", ""Basketball Player"", ""B ball"", ""Unicycle basketball"", ""Basket ball""]"
tc_1537,Which cartoon and film character is the nickname of super athlete Michael Johnson?,The Flash,95,0,"[""Stalmannen"", ""Supaaman"", ""Jordan Elliot"", ""Superman (fictional character)"", ""Superman Secret Files"", ""Kal-El"", ""Super-Man"", ""Codename: Patriot"", ""The Metropolis Marvel"", ""Big blue boy scout"", ""SuperMan"", ""Kal-el"", ""Superman (Clark Kent)"", ""Action Ace"", ""Kal el"", ""Super man"", ""Superman Costume"", ""Able to leap tall buildings in a single bound"", ""The Superman"", ""Super-man"", ""Supertman"", ""St\u00e5lmannen"", ""Superman (comics)"", ""Supes"", ""Superman: Secret Files"", ""Metropolis Marvel"", ""Superman (DC Comics)"", ""Super Man"", ""The Action Ace"", ""Kal El"", ""Ubermensch!"", ""Big Blue Cheese"", ""Faster than a speeding bullet"", ""SUPERMAN"", ""\u00dcbermensch!"", ""Superman (Kal-El)"", ""More powerful than a locomotive"", ""Man of tomorrow"", ""Supraman"", ""KAL-EL"", ""Superman/Clark Kent"", ""Kirk Brent"", ""Superman (character)"", ""Gojjum"", ""Superman"", ""Superman""]"
tc_1542,For which team did Babe Ruth blast his last Major League home run?,Boston Braves,60,1,"[""Boston Braves (disambiguation)"", ""Boston Braves"", ""Boston Braves""]"
tc_1602,What was Warren Beatty's first movie?,Splendor in the Grass,60,1,"[""Splendor in the Grass"", ""Splendor in the Grass""]"
tc_1606,"Which future Hollywood star got her break as Wonder Girl, Wonder Woman's sister Drusilla?",Lynda Carter,60,0,"[""Mary Debra Winger"", ""Debra Winger"", ""Deborah Winger"", ""Debra Winger""]"
tc_1609,Mickey Braddock in the 50s series Circus Boy found fame with which surname in which pop band?,I don't know,10,0,"[""Mickey Dolenz (The Monkees)"", ""Mickey Dolenz (The Monkees)""]"
tc_1620,Which war veteran was Director of News & Special Events for ABC before find fame as a TV cop?,I don't know,10,0,"[""Thomas William %22Tom%22 Selleck"", ""Thomas Selleck"", ""Thomas William Selleck"", ""Tom selleck"", ""Tom Selleck"", ""Tom Selleck""]"
tc_1622,What US sitcom was the first exported to Britain?,I Love Lucy,60,0,"[""Amos n Andy"", ""Amos And Andy"", ""Amos and andy"", ""Amos N Andy"", ""Amos & Andy"", ""George %22Kingfish%22 Stevens"", ""Amos and Andy"", ""Amos 'N' Andy"", ""Brazilian Brass Mines"", ""Amos \u2018n\u2019 Andy"", ""Amos 'n Andy"", ""Amos N' Andy"", ""The Amos 'n Andy Show"", ""Amos 'n Andy Show"", ""Amos 'n' Andy Show"", ""Amos 'n' Andy"", ""Amos 'N' Andy""]"
tc_1623,In Hanna and Barbera's TV cartoons base on The Addams Family who was the voice of Gomez?,John Astin,60,1,"[""John Astin"", ""John Astin""]"
tc_1635,Who was the only female victim to be killed off in the opening credit sequence in Police Squad?,I don't know,10,0,"[""Florence Agnes Henderson"", ""Florence Henderson"", ""Florence Hendersen"", ""Flo Henderson"", ""Florence Henderson""]"
tc_1686,Which US president won the Nobel Peace Prize in 1920?,Woodrow Wilson,60,1,"[""Thomas W. Wilson"", ""President wilson"", ""Wilson, Woodrow"", ""Thomas Woodrow Wilson"", ""Woodrow wilson"", ""Presidency of Woodrow Wilson"", ""President Woodrow Wilson"", ""President Wilson's"", ""T Woodrow Wilson"", ""W. Wilson"", ""Woodrow Wilson's"", ""Woodrow Wilson"", ""Wildrow Woodson"", ""President Wilson"", ""28th President of the United States"", ""T. Woodrow Wilson"", ""Woodrow Wilson""]"
tc_1693,Who beat Tim Henman in his first Wimbledon singles semifinal?,Goran Ivanisevic,60,0,"[""Sampras"", ""Sampras, Pete"", ""Pete Sampras"", ""Peter Sampras"", ""Petros %22Pete%22 Sampras"", ""Pete Sampras""]"
tc_1699,What relation was Flo Jo to Jackie Joyner Kersee?,They were cousins,60,0,"[""Brother in law"", ""Wife's sister"", ""Bro-law"", ""Sisters-in-law"", ""Sister-in-law"", ""Sibling-in-law"", ""Siblings-in-law"", ""Brothers-in-law"", ""Brother-in-law"", ""Sister in law"", ""Brother-in-Law"", ""Sister-in-Law"", ""Sister-in-law""]"
tc_1700,How long was swimmer Michelle Smith-de Bruin banned for attempting to manipulate a drugs test?,4 years,60,1,"[""4 years"", ""four  time"", ""4 time"", ""4 years""]"
tc_1702,Yuan Yuan was caught carrying drugs for which Chinese team?,I don't know,10,0,"[""Swam"", ""Swimming (disambiguation)"", ""To-suijutsu"", ""Swimming"", ""Swimming""]"
tc_1704,Which grand slam did Pete Sampras not win in the 20th century?,French Open,90,1,"[""Fran\u00e7ais"", ""Francaise"", ""The French"", ""Frenchness"", ""French"", ""Francais"", ""French (disambiguation)"", ""Frrench"", ""French""]"
tc_1730,In which events did Gert Fredriksson win six Olympic gold medals?,Rowing,95,0,"[""Flatwater"", ""Canoeing"", ""Canoeist"", ""Canoers"", ""Canoe flatwater racing"", ""Canoing"", ""Paddler"", ""Canoer"", ""Flatwater canoeing"", ""Competitive canoeing"", ""Canoeing""]"
tc_1735,"How many of his 45 races did Mike Hawthorn, a former Formula One motor racing world champion, win?",3,60,1,"[""3"", ""Three"", ""three"", ""Three""]"
tc_1754,On the Internet what is Spam?,Unsolicited email,95,0,"[""Junk mail (disambiguation)"", ""Junkmail"", ""Junkmailing"", ""Junk mail"", ""Junk Mail"", ""Junk mail""]"
tc_1773,In which country did the Internet start?,United States,95,1,"[""The United States of America"", ""United States Of Amerca"", ""Us of a"", ""U.\u2013S.\u2013A."", ""Americaland"", ""United States (U.S.A.)"", ""Amurika"", ""Unite states of america"", ""United States of America (redirect)"", ""The U S A"", ""Unietd States"", ""EE UU"", ""The U.S.A."", ""U.-S.-A."", ""Usa"", ""United Staets of America"", ""Unites States"", ""\u00c9tats-Unis d'Am\u00e9rique"", ""Verenigde State"", ""U.\u2013S."", ""The United States of America."", ""The U-S-A"", ""EEUU"", ""U. S. A."", ""Nagkaisang mga Estado"", ""The U. S. of America"", ""The USA"", ""America (United States)"", ""The U. S. A."", ""U S of America"", ""UNITED STATES"", ""Estados Unidos"", ""The U\u2013S"", ""American United States"", ""US and A"", ""Unitd states"", ""The US of A"", ""EE.UU."", ""U-S"", ""The U-S"", ""Etymology of the United States"", ""U.S.A.)"", ""EE. UU."", ""United states of america"", ""US of america"", ""Verenigde State van Amerika"", ""Nited States"", ""United-States"", ""Unite States"", ""Estados Unidos de Am\u00e9rica"", ""UnitedStates"", ""Estaos Unios"", ""US of America"", ""The Usa"", ""United states of America"", ""Untied States of America"", ""The U S of America"", ""THE AMERICAN UNITED STATES"", ""The United-States"", ""U S A"", ""AmericA"", ""Estados Unidos de America"", ""United states"", ""The U.S. of America"", ""Amerka"", ""United\u2013States"", ""U.s.a."", ""United States of America"", ""United State of America"", ""United States (US)"", ""The U.S. of A"", ""America"", ""Amercia"", ""Stati Uniti d'America"", ""Los Estados Unidos de America"", ""United Stated"", ""U.S."", ""United States (of America)"", ""United States"", ""States of America"", ""America-class"", ""Los Estados Unidos"", ""U,S,"", ""United States (country)"", ""Federal United States"", ""ISO 3166-1:US"", ""Untied States"", ""The U.\u2013S.\u2013A."", ""VS America"", ""Amurica"", ""Etats-Unis d'Amerique"", ""US"", ""U.S. OF A"", ""USofA"", ""Etats-Unis"", ""U.S. of A"", ""United States of America (U.S.A.)"", ""Amarica"", ""The United States"", ""U-S-A"", ""United States/Introduction"", ""The Us"", ""Unitesd states"", ""The U S of A"", ""America class"", ""America magazine"", ""\u0627\u0644\u0648\u0644\u0627\u064a\u0627\u062a \u0627\u0644\u0645\u062a\u062d\u062f\u0629 \u0627\u0644\u0623\u0645\u0631\u064a\u0643\u064a\u0629"", ""The U. S. of A"", ""U S"", ""(USA)"", ""The United\u2013States"", ""United States (U.S.)"", ""U.-S."", ""United States of America (USA)"", ""'merica"", ""The US"", ""United States of America."", ""UNited States"", ""The U.S."", ""AMERICA"", ""United States of America/OldPage"", ""United+States"", ""The U S"", ""United Sates"", ""THE UNITED STATES OF AMERICA"", ""U\u2013S\u2013A"", ""United States Of America"", ""U.S. of America"", ""U\u2013S"", ""Los Estados Unidos de Am\u00e9rica"", ""The U.-S."", ""United sates"", ""The United States Of America"", ""America (country)"", ""United States of American"", ""United state of america"", ""The U.\u2013S."", ""Amurka"", ""U. S. of A"", ""The U. S."", ""United States America"", ""US of A"", ""\u00c9tats-Unis"", ""USoA"", ""USA"", ""Estaos Un\u00edos"", ""America, United States of"", ""U. S. of America"", ""U.S.American"", ""(US)"", ""The U\u2013S\u2013A"", ""U. S."", ""U.S. America"", ""U.S. A"", ""Yankee land"", ""America (US)"", ""U.S"", ""America (United States of)"", ""US (country)"", ""UNITED STATES OF AMERICA"", ""U.S.A"", ""Estados unidos"", ""Americia"", ""The US of america"", ""Vereinigte Staaten"", ""US America"", ""These United States of America"", ""VS Amerika"", ""Name of the United States"", ""The united states of america"", ""Estatos Unitos"", ""America (USA)"", ""The U.-S.-A."", ""United States of America/Introduction"", ""The US of America"", ""Americophile"", ""V.S. America"", ""U.S.A."", ""U S of A"", ""V.S. Amerika"", ""United+States+of+America"", ""The Unites States of America"", ""USA""]"
tc_1798,In which year was the Juilliard School founded in New York?,1905,60,1,"[""1905"", ""one thousand, nine hundred and five"", ""1905""]"
tc_1816,"Who wrote My Life and Loves in 1926, originally banned in the US?",Frank Harris,60,1,"[""Frank Harris"", ""Frank Harris""]"
tc_1826,What was Blondie's last UK No 1 of the 80s?,I don't know,10,0,"[""Midtribulation rapture"", ""Midtribulationism"", ""Pre-tribulation"", ""Pre-tribulation rapture"", ""Rapture"", ""Pretribulation rapture"", ""Mid-tribulation rapture"", ""Rapture (Protestant belief)"", ""The Teaching of the rapture"", ""Pretribulationistism"", ""Pre Tribulation"", ""Pre-tribulational"", ""Pre-trib"", ""Rapture""]"
tc_1858,"In baseball, where do the Royals come from?",Kansas City,95,1,"[""Kansas City Metro"", ""Kansas city"", ""Kansas City Metropolitan Area"", ""Metropolitan Kansas City"", ""Kansas City metro area"", ""Kansas City metropolitan area"", ""Greater Kansas City"", ""KC Metropolitan Area"", ""Kansas City"", ""Kansas City, Missouri metropolitan area"", ""Kansas City metropolitan Area"", ""Kansas City-Overland Park-Kansas City, MO-KS CSA"", ""Kansas City-Overland Park-Kansas City, MO-KS Combined Statistical Area"", ""Kansas City Metro Area"", ""K.C. Metropolitan Area"", ""Kansas City, MO-KS MSA"", ""Kansas City, MO-KS Metropolitan Statistical Area"", ""Kansas City, USA"", ""Kansas city""]"
tc_1859,What is the largest city in Ohio?,Columbus,95,0,"[""The Rock 'n' Roll Capital of the World"", ""Cleveland, Cuyahoga, Ohio"", ""Cleveland, Ohio"", ""Clevelnad"", ""The Cleve"", ""Government of Cleveland, Ohio"", ""Cleveland, Ohio, US"", ""Cleaveland"", ""Urban community school"", ""Ohio Cleveland"", ""Cleveland, Ohio, USA"", ""Cleveland, Ohio, U.S.A."", ""Cleveland, OH."", ""Sixth City"", ""Cleveland, oh"", ""UN/LOCODE:USCLE"", ""Cleveland,ohio"", ""The Rock and Roll Capital of the World"", ""Cleveland, USA"", ""Poznan, Ohio"", ""Cleveland Ohio"", ""Cleveland (OH)"", ""Sister Cities of Cleveland, Ohio"", ""Cleveland, Ohio, U.S."", ""Cleveland, Oh"", ""Cleveland (Ohio)"", ""Government of Cleveland"", ""Sister cities of Cleveland, Ohio"", ""Urban Community School"", ""Cleveland, ohio"", ""Cleveland"", ""Cleveland, OH"", ""Cleveland""]"
tc_1865,In which decade of the 20th century was Anne Bancroft born?,1930s,60,1,"[""1930\u2019s"", ""Thirties"", ""1930s literature"", ""Nineteen-thirties"", ""1930\u20131939"", ""1930-1939"", ""'30s"", ""1930s"", ""1930's"", ""%6030s"", ""1930s (decade)"", ""The Thirties"", ""1930s""]"
tc_1867,The Suez Canal connects the Mediterranean Sea to which other Sea?,Red Sea,95,1,"[""Arabicus Sinus"", ""Sinus Arabicus"", ""Red sea"", ""The red sea"", ""\u1240\u12ed\u1215 \u1263\u1215\u122a"", ""Red Sea"", ""Red Sea Basin"", ""Al Ba\u1e29r al A\u1e29mar"", ""Sea of Mecca"", ""Red sea""]"
tc_1888,Which rock star did Cindy Crawford name her first son after?,Presley,90,1,"[""Presley"", ""Pressley"", ""Pressly"", ""Presley""]"
tc_1914,Sun Yat Sen overthrew the emperor in which country establishing a republic after 2000 years of imperial rule?,China,90,1,"[""Chinese People's Republic"", ""China (Peking)"", ""The prc"", ""Socialist China"", ""Chinese PR"", ""PRoC"", ""PRC"", ""China's"", ""P. R. of China"", ""People's Republic Of China"", ""The People's Republic of China"", ""China"", ""Territorial disputes of China"", ""China PRC"", ""People's repuublic of china"", ""China (PRC)"", ""China (People's Republic)"", ""People's Republic of China (Mainland China)"", ""Zhonghua Renmin Gonghe Guo"", ""People' Republic of China"", ""Prc"", ""People's republic of china"", ""People' s Republic of China"", ""P.R. of China"", ""China, People's Republic of"", ""Chung-Kuo"", ""P.R.C."", ""The people's republic of china"", ""Zhong Guo"", ""Peoples republic of China"", ""Red China (modern)"", ""Chung-kuo"", ""The PRC"", ""Zhonghuarenmingongheguo"", ""State of China"", ""Zhonghu\u00e1 r\u00e9nm\u00edn g\u00f2ngh\u00e9gu\u00f3"", ""\u4e2d\u56fd"", ""Peoples republic of china"", ""P.R.China"", ""People's Republic or China"", ""Zhonghua Renmin Gongheguo"", ""China, the People's Republic of"", ""Nation of China"", ""People\u2019s Republic of China"", ""China, PRC"", ""Zh\u014dnghu\u00e1 R\u00e9nm\u00edn G\u00f2ngh\u00e9gu\u00f3"", ""Modern day China"", ""Peoples Republic of China"", ""PROC"", ""\u4e2d\u534e"", ""Chaina"", ""Zhongguo"", ""Homes in china"", ""People's republic of China"", ""Zh\u014dnggu\u00f3"", ""Sinic"", ""China PR"", ""PRC (China)"", ""\u4e2d\u570b"", ""Jhonggu\u00f3"", ""Red Chinese"", ""(The People's Republic of) China"", ""The People\u2019s Republic of China"", ""China (Republic : 1949- )"", ""CHINA"", ""China People's Republic"", ""Pr china"", ""P.r. of china"", ""Chungkuo"", ""ISO 3166-1:CN"", ""Land of China"", ""Zhonghua renmin gongheguo"", ""P.R. China"", ""Zhonggu\u00f3"", ""\u4e2d\u534e\u4eba\u6c11\u5171\u548c\u56fd"", ""PRChina"", ""\u4e2d\u83ef"", ""PR of China"", ""\u4e2d\u83ef\u4eba\u6c11\u5171\u548c\u570b"", ""Pr of c"", ""Cihna"", ""Communist China (modern)"", ""P. R. China"", ""People's Republic of China (PRC)"", ""Peoples' Republic of China"", ""The Peoples Republic of China"", ""People's Republic of China"", ""Pr of china"", ""PR China"", ""P.R. of CHINA"", ""China""]"
tc_1921,Who designed the dress which made the most at Diana's dress auction?,Catherine Walker,60,0,"[""Victor Edelstein"", ""Victor Edelstein""]"
tc_1924,Which Palestinian co-founded al Fatah in 1957?,Yasser Arafat,90,1,"[""Yasir Arafat"", ""Yasir 'Arafat"", ""Jassir Arafat"", ""Abu Ammar"", ""Yasser 'Arafat"", ""\u0645\u062d\u0645\u062f \u0639\u0628\u062f \u0627\u0644\u0631\u062d\u0645\u0646 \u0639\u0628\u062f \u0627\u0644\u0631\u0624\u0648\u0641 \u0639\u0631\u0641\u0627\u062a \u0627\u0644\u0642\u062f\u0648\u0629 \u0627\u0644\u062d\u0633\u064a\u0646\u064a"", ""Ab\u016b %60amm\u0101r"", ""Mohammed Abdel Rahman Abdel Raouf Arafat Al Qudua Al Husseini"", ""Yaser Arafat"", ""Mohammed Abdel Rahman Abdel Raouf Arafat al-Qudwa al-Husseini"", ""Ashraf al-Kurdi"", ""Muhammad Abd ar-Rauf al-Qudwah al-Husayni"", ""Abu Amar"", ""Mohammed Abdel-Raouf Arafat As Qudwa al-Hussaeini"", ""Death of yasser arafat"", ""Yasser Arafet"", ""Yasser Arafat"", ""Death Of Yasser Arafat"", ""Yassir Arafat"", ""Death of Arafat"", ""Muhammed al-Qudwa al-Husseini"", ""Yasir Arafat (Disambiguation)"", ""Illness of Yasser Arafat"", ""Yassar Arafat"", ""Yasser Arafat""]"
tc_1938,In which country was Earl Spencer's acrimonious divorce settlement heard?,England,60,0,"[""South africa"", ""South Africa's"", ""Southafrica"", ""Third Republic (South Africa)"", ""Republiek van Suid-Afrika"", ""Sou'frica"", ""Zuid Afrika"", ""Zuid-Afrika"", ""ISO 3166-1:ZA"", ""South-African"", ""S Africa"", ""Zuid Africa"", ""Mzansi"", ""Afrique du sud"", ""Zuidafrika"", ""Ningizimu Afrika"", ""Capital of South Africa"", ""Suid-Afrika"", ""South-Africa"", ""Rep. of SOUTH AFRICA"", ""The Republic of South Africa"", ""Suid Africa"", ""Azania/South Africa"", ""S Afr"", ""Saffa"", ""South African"", ""Seth efrika"", ""South Africa"", ""Soufrica"", ""Republic of south africa"", ""South Africa\u00e0"", ""The Beloved Country"", ""S. Africa"", ""Rep. of South Africa"", ""South Africans"", ""Republic of South Africa"", ""South Africa""]"
tc_1943,"In which North African country was Mohammed Al-Fayed, owner of Harrods department store in London, born?",Egypt,60,1,"[""EGY"", ""Arab Republic of Egypt"", ""A .R . EGYPT"", ""The Arab Republic of Egypt"", ""Eygpt"", ""Etymology of Egypt"", ""\u0645\u0635\u0631"", ""Kemmet"", ""Gift of the Nile"", ""Arab Republic Of Egypt"", ""Names of Egypt"", ""Mi\u1e63r"", ""A .R . Egypt"", ""Eytp"", ""National identity of Egyptians"", ""Jumhuriyat Misr al'Arabiyah"", ""Eypt"", ""Egyptian Republic"", ""Ejipt"", ""Name of Egypt"", ""Egipto"", ""Kimet"", ""\u062c\u0645\u0647\u0648\u0631\u064a\u0651\u0629 \u0645\u0635\u0631\u0627\u0644\u0639\u0631\u0628\u064a\u0651\u0629"", ""Egypte"", ""Egypt (name)"", ""Egypt"", ""\u062c\u0645\u0647\u0648\u0631\u064a\u0629 \u0645\u0635\u0631\u0627\u0644\u0639\u0631\u0628\u064a\u0629"", ""A.R. Egypt"", ""Republic of Eygpt"", ""\u00c9gypte"", ""Second Egyptian Republic"", ""Egipt"", ""ISO 3166-1:EG"", ""Egypt info"", ""Egypt""]"
tc_1944,Aung San Suu Kyi is a controversial leader in which country?,Myanmar,90,1,"[""Economic sanctions against Myanmar"", ""Economic sanctions against Burma"", ""ISO 3166-1:MM"", ""Birman Empire"", ""Etymology of Burma"", ""Republic of The Union of Myanmar"", ""Pyidaunzu Thanm\u0103da My\u0103ma Nainngandaw"", ""Mianmar"", ""Borders of Burma"", ""Myanmar (Burma)"", ""Mayanmar"", ""\u1019\u103c\u1014\u103a\u1019\u102c\u1015\u103c\u100a\u103a"", ""Pyi-daung-zu Myan-ma Naing-ngan-daw"", ""Myammar"", ""Burma/Myanmar"", ""Burmese Republic"", ""Burma-Myanmar"", ""Burma (Myanmar)"", ""Union of Myanmar"", ""\u1015\u103c\u100a\u103a\u1011\u1031\u102c\u1004\u103a\u1005\u102f \u101e\u1019\u1039\u1019\u1010 \u1019\u103c\u1014\u103a\u1019\u102c\u1014\u102d\u102f\u1004\u103a\u1004\u1036\u1010\u1031\u102c\u103a"", ""Sanctions against Burma"", ""Myanmar (formerly Burma)"", ""Birma"", ""\u1015\u103c\u100a\u103a\u1011\u1031\u102c\u1004\u103a\u1005\u102f \u101e\u1019\u1039\u1019\u1010 \u1019\u103c\u1014\u103a\u1019\u102c\u1014\u102d\u102f\u1004\u103a\u1004\u1036\u1010\u1031\u102c"", ""Birmanie"", ""Myanmar/(Burma)"", ""Burma"", ""Myanmar/Burma"", ""Myanmar"", ""Myanmer"", ""Socialist Republic of the Union of Burma"", ""Republic of the Union of Myanmar"", ""Eastern Burma"", ""Union of burma"", ""Myanma"", ""Birmania"", ""Myanmar""]"
tc_1945,Which of the founders of United Artists had the last name nearest the beginning of the alphabet?,Douglas Fairbanks,60,0,"[""Chaplin"", ""Chaplin (disambiguation)"", ""Chaplin (musical)"", ""Chaplin""]"
tc_1968,"In La Cage Aux Folles, what was La Cage Aux Folles?",A nightclub,90,1,"[""Discotheque"", ""Night clubs"", ""Diskotek"", ""Dance club"", ""Clubbers"", ""Night club"", ""Discoth\u00e8que"", ""Nightclubs"", ""Clubber"", ""Theque"", ""Discoteck"", ""Dance Club"", ""Discotech"", ""Discoth\u00e8ques"", ""Clubgoer"", ""Nightclub culture"", ""List of nightclubs"", ""Nightclub"", ""Discoteque"", ""Discotheques"", ""Discothek"", ""History of discotheques"", ""Disco Bar"", ""Dance clubs"", ""Night Clubs"", ""Disco pub"", ""Discotek"", ""Discotheke"", ""Club scene"", ""Night-club"", ""Club night"", ""History of nightclubs"", ""Nightclub""]"
tc_1973,Where was the Fiddler in the musical's title?,On the roof,95,1,"[""Sur les toits (cambrioleurs et gendarmes)"", ""On the Roof"", ""Sur les toits"", ""On the Roofs"", ""On the Roof""]"
tc_1977,South Pacific was set during which war?,World War II,90,1,"[""The Second world war"", ""WorldWar2"", ""WW2"", ""Second World war"", ""WwII"", ""War World Two"", ""World War II"", ""Second Great War"", ""The 2nd World War"", ""WW-II"", ""2nd world war"", ""World War two"", ""The second world war"", ""The second great war"", ""World war 2"", ""Ww2"", ""The Origins and Commencement of World War II"", ""World War ll"", ""WW II"", ""Second World War"", ""World-War II"", ""W.W.2"", ""WarII"", ""War World II"", ""War World 2"", ""World War 2"", ""World War II countries and Leaders"", ""The Second World War"", ""World war ii"", ""Countries in the Second World War"", ""Second World War: The History and the Events"", ""World war II"", ""WWII"", ""Second world War"", ""Ww2'"", ""Wwii"", ""Nazi occupation"", ""World War, 1939-1945"", ""Second World Wars"", ""WWTWO"", ""2nd World War"", ""II World War"", ""W.W. II"", ""World War ii"", ""World War \u2161"", ""WW-2"", ""2w2"", ""Second world war"", ""World war two"", ""IIWW"", ""W.W.II"", ""World War II/Infobox"", ""Segunda Guerra Mundial"", ""WW 2"", ""WW@"", ""Word war II"", ""Guerre mondiale II"", ""2nd World war"", ""World War II/Edited Text"", ""World War Two"", ""WWII""]"
tc_2020,What percentage of the earth's surface is covered by Europe?,6.8%,60,1,"[""eight  %"", ""8 %"", ""8%"", ""8%""]"
tc_2031,Which European town gave its name to a Treaty which symbolizes closer economic links between European countries?,Maastricht,90,1,"[""Maastricht, the Netherlands"", ""Maasthrict"", ""Mestreech"", ""Mastericht"", ""Maestricht"", ""Maastrict"", ""Maastricht"", ""Maastricht, Netherlands"", ""Vrijthof"", ""UN/LOCODE:NLMST"", ""Limmel"", ""Maastricht""]"
tc_2032,Which home of champagne in France was also where the German High Command surrendered in WWII?,Reims,60,1,"[""Reims"", ""Reims, France"", ""Saint Remi Basilica"", ""Rheims"", ""Rheims, France"", ""Durocortorum"", ""Saint-Remi Cathedral"", ""Reims""]"
tc_2063,Which was the first European city this century to open an underground railway system?,London,95,0,"[""Pa\u0159\u00ed\u017e"", ""FRPAR"", ""Paris"", ""Name of paris and its inhabitants"", ""Paname"", ""Paris France"", ""Ville Lumi\u00e8re"", ""Leucetia"", ""Rue de M\u00e9nilmontant"", ""Paris agglomeration"", ""France Paris"", ""Sports in Paris"", ""Departement de Paris"", ""Paris, Ile-De-France"", ""Rue de Menilmontant"", ""UN/LOCODE:FRPAR"", ""Pa\u0159\u00ed\u017ei"", ""Ville Lumiere"", ""Paris, France"", ""Paris, \u00cele-de-France"", ""Paris, \u00cele-de-France, France"", ""Parijs"", ""Parisien"", ""Cuisine of Paris"", ""Suburbs of Paris"", ""Sport in Paris"", ""The weather in Paris"", ""Parisian (person)"", ""Parizi"", ""Par\u00eds"", ""Name of Paris and its inhabitants"", ""Paree"", ""Paris, Europe"", ""Paris, Banks of the Seine"", ""Paris (etymology)"", ""Paris (France)"", ""The City of Love (city)"", ""D\u00e9partement de Paris"", ""Paris""]"
tc_2090,Who first drew Mickey Mouse when ?Disney first supplied the voice?,Ub Iwerks,60,1,"[""Iwerks, Ub"", ""Ub Iwerks"", ""Ub Iwerks Studio"", ""Celebrity Productions"", ""Ubbe Ert Iwwerks"", ""Ub Iwerks""]"
tc_2097,Which actress wrote the novel The Last of the Really Great Whangdoodles?,Julie Andrews,60,1,"[""Julia Elizabeth Wells"", ""Julie Elizabeth Andrews, DBE"", ""Julie Andrews Edwards"", ""Julie Wells"", ""Julie Elizabeth Wells"", ""Julie Elizabeth Andrews"", ""Dame Julie Andrews"", ""Julie Elizabeth Andrews DBE"", ""Julie andrews"", ""Julie Andrews"", ""Julie Andrews""]"
tc_2111,Who was the star of the film based on the record Harper Valley PTA by Jeannie C Riley?,Barbara Eden,60,1,"[""Barbara Morehead"", ""Barbara Jean Morehead"", ""Barbara Eden"", ""Barbara Eden""]"
tc_2114,What color golf balls are used on the golf course in Antarctica?,I don't know,10,0,"[""Orange (album)"", ""Orangeishness"", ""Orange (film)"", ""Orangishness"", ""Orangeishly"", ""Orangishly"", ""Orange"", ""Oranfe"", ""Orange (disambiguation)"", ""Orange""]"
tc_2116,Throughout the 80s and 90s Phil Collins recorded on which record label?,Atlantic,60,1,"[""Sea of Atlas"", ""The Pond"", ""Ethiopic Ocean"", ""Across the pond"", ""North Atlantic"", ""The Atlantic Ocean"", ""North Atlantic ocean"", ""Northern Atlantic"", ""Altantic Ocean"", ""Atlantis Thalassa"", ""Atlantic basic"", ""The pond"", ""Atlantic basin"", ""Atlantic"", ""Atlantic Oceans"", ""Occidental Ocean"", ""Ethiopian Ocean"", ""North Atlantic fisheries"", ""Atlantic Basic"", ""North-East Atlantic"", ""Atlantic Basin"", ""Atlantic ocean"", ""Atlantic (ocean)"", ""Antlantic Ocean"", ""South Atlantic Ocean"", ""Oceanvs Occidentalis"", ""Atlantic Ocean"", ""Central Atlantic"", ""South Atlantic"", ""East Atlantic"", ""North Atlantic Ocean"", ""Altantic ocean"", ""Atlantic coast"", ""Atlantic""]"
tc_2128,On which label did Chuck Berry record in the 1950s and 1960s?,Chess Records,60,1,"[""Chess match"", ""\u0160achmatai"", ""Sjakk"", ""Ajedrez"", ""Ahedres"", ""Ficheall"", ""Rank and file (chess)"", ""Chess Revers"", ""Chess"", ""Xadrez"", ""Chess publications"", ""Satran\u00e7"", ""Western chess"", ""\u0160achy"", ""\u0428\u0430\u0445\u0438"", ""Chess game"", ""European chess"", ""Chess psychology"", ""ChesS"", ""\u015cako"", ""\u0a38\u0a3c\u0a24\u0a30\u0a70\u0a1c"", ""Chess games"", ""\u0936\u0924\u0930\u0902\u091c"", ""Play chess"", ""Skaak"", ""Western Chess"", ""Orthochess"", ""Chesss"", ""Game of chess"", ""\u0160ach"", ""Echedo\u00f9"", ""\u00c9checs"", ""\u05e9\u05d7\u05de\u05d8"", ""Chesse"", ""Scacci"", ""\u0428\u0430\u0445\u043c\u0430\u0442"", ""Escacs"", ""C\u00f6g"", ""\u015eah"", ""C\u1edd vua"", ""International Chess"", ""Chess board game"", ""Chess Board Game"", ""\u0428\u0430\u0445\u043c\u0430\u0442\u044b"", ""Game of Chess"", ""Skak"", ""\u0634\u0637\u0631\u0646\u062c"", ""\u0428\u0430\u0442\u0430\u0440"", ""Chess career"", ""\u03a3\u03ba\u03ac\u03ba\u03b9"", ""\u0160ahs"", ""Cheess"", ""Chess srategy and tactics"", ""Chess (game)"", ""Sk\u00e1k"", ""International chess"", ""Chess""]"
tc_2145,What was the name of Michael Jackson's second wife?,Lisa Marie Presley,60,0,"[""Deborah Jeanne Rowe"", ""Deborah Rowe Jackson"", ""Debbie Jackson"", ""Deborah Rowe"", ""Debbie Rowe"", ""Debbie Rowe""]"
tc_2167,Which US city was named after a British Prime Minister?,Pittsburgh,60,1,"[""Smoky City"", ""Pittsburgh (Pa.)"", ""Pittsburgh, Pennsylvania."", ""Frick International Studies Academy Middle School"", ""Pitsburgh"", ""The Burgh"", ""Pittsbrugh"", ""Pittsburgh, Pa"", ""Pittsburgh, USA"", ""Glenwood, Pennsylvania"", ""Pittsburgh (PA)"", ""The Pittsburgh Style of Literature"", ""Pittsburgh, Pennsylvania, U.S."", ""Pittsburgh, United States of America"", ""Pittsburgh Pennsyvania"", ""UN/LOCODE:USPIT"", ""Da burgh"", ""Pittsburgh (pgh)"", ""Climate of Pittsburgh, Pennsylvania"", ""Pittsburgh"", ""City of Bridges"", ""Pittsburgh Frick 6\u20138 Middle School"", ""Pittsburgh, PA"", ""St. Justin's High School"", ""East End (Pittsburgh)"", ""Pittsburgh, Pennsylvania, USA"", ""Pittsburgh, Allegheny County, Pennsylvania"", ""The City of Bridges"", ""Pittsburgh, Pennsylvania, US"", ""Fort du Quesne"", ""Pittsburgh Frick 6-8 Middle School"", ""City of Pittsburgh"", ""The Steel City"", ""Pittsburgh, PA."", ""Pittsburgh Style"", ""Pittsburgh, Pa."", ""Education in pittsburgh"", ""Pittsburg, PA"", ""Pittsburgh, Pennsylvania, U.S.A."", ""Education in Pittsburgh"", ""Pittsburg, Pennsylvania"", ""Pittsburgh, Pennsylvania"", ""Pittsburgh""]"
tc_2182,"""Who said, To err is human but it feels divine?""""""",Mae West,60,1,"[""Mae West"", ""Mae west"", ""Is that a gun in your pocket, or are you just happy to see me%3F"", ""When I'm Bad, I'm Better"", ""Jane Mast"", ""When I'm good, I'm very good..."", ""Mae West filmography"", ""Mae West""]"
tc_2191,Which singer had a big 60s No 1 with Roses Are Red?,Bobby Vinton,60,1,"[""Bobby Vinton"", ""Bobby Vinton""]"
tc_2202,What are the international registration letters of a vehicle from Iceland?,IS,95,1,"[""I S"", ""I.s."", ""IS"", ""I.S."", ""Is."", ""IS (disambiguation)"", ""Is"", ""IS""]"
tc_2208,Where was the American venue of the Live Aid concert?,Philadelphia,60,1,"[""Philedelphia"", ""City of brotherly love"", ""City of Brotherly Love"", ""The Quaker City"", ""Philadelphia"", ""Philadelphia, Pennsylvania"", ""Philadelphia, Pennsylvania, U.S.A."", ""Philadelphia, Pa."", ""List of nicknames for Philadelphia"", ""Philidalphia"", ""Philadelphia, United States"", ""Philadelphia, Pennsylvania, U.S."", ""Philadelphia PA"", ""Philadelphia Suburban Rail"", ""Philadelphi"", ""Philadelphia, U.S."", ""Philadelphia Regional Rail"", ""The City of Brotherly Love"", ""City of Philadelphia"", ""Philadelphia (Pennsylvania)"", ""Wiccacoa"", ""Philadelpia, Pennsylvania"", ""Philadelphia, USA"", ""Philadelphia, Philadelphia County, Pennsylvania"", ""Government of Philadelphia"", ""Philadelphia (PA)"", ""Philadelphia, Pennsylvania, USA"", ""Philadelphia (City)"", ""UN/LOCODE:USPHL"", ""The City That Loves You Back"", ""Philadelphia (Pa.)"", ""Phila."", ""The Cradle of Liberty"", ""The city of brotherly love"", ""Philadelphia (city, Pennsylvania)"", ""Philidelphia"", ""Philadelphia, Pennsylvania, US"", ""Philadelphia Commuter Rail"", ""The City and County of Philadelphia, Pennsylvania"", ""Philadephia, Pennsylvania"", ""Philadelphia City"", ""Philadelphia Pennsylvania"", ""Philadelphia City Controller"", ""Philladelphia"", ""Political families of Philadelphia"", ""Philadelphia, Pa"", ""Philadelphia, PA"", ""The Birthplace of America"", ""Philadelpia, PA"", ""Philadelphia""]"
tc_2218,Which was the longest moon landing?,Apollo 17,60,1,"[""Apollo 17"", ""Apollo XVII"", ""Apollo17"", ""Apollo 17""]"
tc_2222,Who had the most expensive presidential inauguration ceremony of the 20th century?,George W. Bush,60,1,"[""George Walker Bush"", ""Dubya"", ""Bush, George W."", ""Bush Jr."", ""George W. Bush (painter)"", ""W Bush"", ""Bushian"", ""Gorge w bush"", ""Bush the younger"", ""George w"", ""Bush 43"", ""Bush II"", ""George the Younger"", ""George W. Bussh"", ""George W. Bush Street"", ""George Bush (43rd U.S. President)"", ""G W Bush"", ""Dubyuh"", ""George Bush jr."", ""G.W. Bush"", ""W. bush"", ""Dubya Bush"", ""G. W. Bush"", ""George W Bush"", ""US President George W. Bush"", ""G.w.bush"", ""Bush Junior"", ""George W. Bush, 43rd President of the United States"", ""George Bush (2000)"", ""George w."", ""George W"", ""Gorge W. Bush"", ""G. Walker Bush"", ""GEORGE W. BUSH"", ""George Dubya Bush"", ""Geroge W Bush"", ""2004 Republican Presidential Nominee"", ""George w Bush"", ""George Bush II"", ""George Bush Jr."", ""Baby Bush"", ""W. Bush"", ""2000 Republican Presidential Nominee"", ""Junior Bush"", ""George W."", ""President Bush (2000)"", ""Goerge W. Bush"", ""George Bush Jr"", ""George W. Budh"", ""43rd President of the United States"", ""George W. Buah"", ""G Dub"", ""George W Bush Jr"", ""43rd Pesident of the United States"", ""Jorge W. Bush"", ""Bush the Younger"", ""International perception of george W. Bush"", ""GeorgeWBush"", ""George w bush"", ""George bush 43"", ""Bush (43)"", ""George Bush 2"", ""George Bush (43)"", ""Bush-43"", ""George Bush Junior"", ""W bush"", ""George W\u0430lker Bush"", ""Gw bush"", ""George w. bush"", ""G. W. B."", ""George W. bush"", ""Bushists"", ""Religious faith of George W. Bush"", ""President Bush (43)"", ""George W. Bush"", ""George W.Bush"", ""George W bush"", ""George Bush, Jr."", ""G. Dub"", ""GW Bush"", ""President George W Bush"", ""Former President George W. Bush"", ""President George Walker Bush"", ""George W. Bush""]"
tc_2229,Who became Israel's head of state in 1993?,Ezer Weizman,60,1,"[""\u05e2\u05d6\u05e8 \u05d5\u05d9\u05e6\u05de\u05df"", ""Ezer Weizmann"", ""Ezer Weizman"", ""Ezer Weizman""]"
tc_2236,"In WWII, who was the head of the Nazi party's security service?",Reinhard Heydrich,60,1,"[""Reinhard Heidrich"", ""Rinehardt Heydrich"", ""Himmler's Evil Genius"", ""ReinhardHeydrich"", ""Heidrich, Rinehardt"", ""Reinhard Hydrich"", ""Reinhard Hydrick"", ""The Young Evil God of Death"", ""Rinehardt Heidrich"", ""Heydrich"", ""Heydrich Reinhard"", ""Reinhard Hidrich"", ""Reinhard Hidrick"", ""Rhinehardt Heidrich"", ""Reinhard Heydrick"", ""The Butcher of Prague"", ""Heidrich, Reinhardt"", ""Heidrich, Rhinehardt"", ""Reinhardt Heydrich"", ""Rhinehardt Heydrich"", ""Reinhard Heydrich"", ""Rhinehart Heidrich"", ""Reihnard Heidrich"", ""Rhinehard Heydrich"", ""Heydrich Reinhart"", ""Rheinhard Heydrich"", ""Heydrich, Reinhard"", ""Rinehard Heidrich"", ""Butcher of Prague"", ""HeydrichReinhardt"", ""Rhinehart Heydrich"", ""Heidrich, Rhinehart"", ""Reinhart heidrich"", ""ReinhardtHeydrich"", ""Heydrich, Reinhart"", ""Heydrich, Reinhardt"", ""Heydrich,Reinhardt"", ""Rinehard Heydrich"", ""Heydrich Reinhardt"", ""Reinhart Heydrich"", ""Heidrich, Rinehart"", ""Young Evil God of Death"", ""Heidrich, Reinhart"", ""Rinehart Heydrich"", ""HeydrichReinhard"", ""Heydrich,Reinhard"", ""Reinhard Tristan Eugen Heydrich"", ""Rhinehard Heidrich"", ""Heidrich, Rhinehard"", ""Heidrich, Rinehard"", ""Heydrich,Reinhart"", ""Heidrich, Reinhard"", ""Rinehart Heidrich"", ""Himler's Evil Genius"", ""Reinhard Heidrich""]"
tc_2244,Which President of the Philippines was deposed in 1986?,Ferdinand Marcos,90,1,"[""Marcos"", ""Marcos (disambiguation)"", ""Markos"", ""Marcos""]"
tc_2250,"What kind of disaster claimed some 100,000 lives in Armenia in 1988?",Earthquake,60,1,"[""Seism"", ""Earthquake"", ""Seismic event"", ""The kinds of earthquakes"", ""Seismically active"", ""Low-magnitude earthquake"", ""Earth tremor"", ""Causes of earthquakes"", ""Seismic movement"", ""Earth quakes"", ""Earthshake"", ""Seismic activity"", ""Quake weapons"", ""Seismicity"", ""\u5730\u9707"", ""Earth quake"", ""Main shock"", ""Site effects (earthquake)"", ""Earthquakes"", ""Speedjump"", ""Tectonic earthquake"", ""Earthquake""]"
tc_2252,Which state on the Gulf of Mexico is nearest the end of the alphabet?,Texas,95,1,"[""Texas (U.S. State)"", ""US-TX"", ""Texos"", ""Texas"", ""Lone Star State"", ""Texas, USA"", ""Religion in Texas"", ""Texas (state)"", ""Lake Ozark, Texas"", ""Christianity in Texas"", ""The State of Texas"", ""Twenty-eighth State"", ""Texas-sized"", ""Texas (State)"", ""28th State"", ""The Lone Star State"", ""Twenty-Eighth State"", ""Texas, United States"", ""Texas (U.S. state)"", ""Texass"", ""State of Texas"", ""Everything is bigger in Texas"", ""28th state"", ""Texas""]"
tc_2256,Truax Field international airport is in which US state?,Wisconsin,60,1,"[""Badger State"", ""State of Wisconsin"", ""Wis."", ""Transportation in Wisconsin"", ""Government of Wisconsin"", ""Climate of Wisconsin"", ""Wisconsin, USA"", ""Wiscosin, USA"", ""Wisconsin"", ""30th State"", ""Wisconson"", ""Politics of Wisconsin"", ""Demographics of Wisconsin"", ""America's Dairyland"", ""Winconsin"", ""Religion in Wisconsin"", ""Transport in Wisconsin"", ""US-WI"", ""Wisconsin state"", ""Economy of Wisconsin"", ""The Badger State"", ""Wisconsin (state)"", ""Education in Wisconsin"", ""Geography of Wisconsin"", ""Wiskonsin"", ""Wisconsin (U.S. state)"", ""Thirtieth State"", ""Film industry in Wisconsin"", ""Wisc."", ""Badger state"", ""Wisconsin, United States"", ""Wisconsin""]"
tc_2257,In what month was the attack on Pearl Harbor?,December,95,1,"[""December"", ""\u32cb"", ""Xber"", ""Dec."", ""Decembre"", ""December""]"
tc_2265,Who did Dr. Crippen murder?,Cora Crippen,60,0,"[""His wife"", ""His wife""]"
tc_2270,"In the 1904 Olympics, how many of the 23 track and field titles were won by Americans?",16,60,0,"[""21"", ""twenty-one"", ""21""]"
tc_2280,The Black Hills lie between which two rivers?,Cheyenne and Belle Fourche,60,0,"[""Belle Fourche and Cheyenne"", ""Belle Fourche and Cheyenne""]"
tc_2287,In what year was the first in-flight movie shown on an internal flight in the USA.,1961,60,0,"[""1929"", ""one thousand, nine hundred and twenty-nine"", ""1929""]"
tc_2295,In which city was John Lennon murdered?,New York City,95,1,"[""New Yourk State"", ""State of N.Y."", ""US-NY"", ""N Y"", ""The state of NY"", ""NewYork"", ""NYS"", ""Neo York"", ""NY state"", ""Nova York"", ""State of new york"", ""Ny"", ""New york"", ""Nueva York (estado)"", ""N Y state"", ""New York (state)"", ""U.S. state of New York"", ""New York state"", ""New York, U.S."", ""State New York"", ""N\u00fdja-J\u00f3rv\u00edk"", ""Newyork"", ""NEW YORK"", ""State of N. Y."", ""N. Y. state"", ""NY"", ""The state of N.Y."", ""NY (state)"", ""New York's"", ""N.Y. (U.S. state)"", ""State of new yourk"", ""New York State"", ""New York (U.S. state)"", ""New york state"", ""New Yrok"", ""11th State"", ""New York (USA State)"", ""State of N Y"", ""New-York"", ""The State of New York"", ""State of New York"", ""US state of New York"", ""N Y (U.S. state)"", ""N.Y. state"", ""N.Y."", ""The state of N. Y."", ""N. Y. (state)"", ""The state of N Y"", ""New York, US"", ""N.Y. (state)"", ""Nyja-Jorvik"", ""Religion in New York"", ""New Yourk"", ""N. Y."", ""New York State's"", ""Estado Nueva York"", ""New York (USA state)"", ""New york population"", ""New York, U.S.A"", ""New York"", ""NY (U.S. state)"", ""Estado de Nueva York"", ""N. Y. (U.S. state)"", ""Eleventh State"", ""N Y (state)"", ""State of NY"", ""New York (State)"", ""New York (U.S. state"", ""New York""]"
tc_2299,How was President Kennedy assassinated?,Shot,95,1,"[""Shot (unit)"", ""Shot"", ""Shot (drink)"", ""Shot (beverage)"", ""Shot (disambiguation)"", ""Shot (alcohol)"", ""SHOT"", ""Shot""]"
tc_2300,Which caped crusader operated in Gotham City?,Batman,95,1,"[""BatMan"", ""Batman: War on Crime"", ""Bat-man"", ""The Bat-Man"", ""Fictional history of Batman"", ""Bruce Wayne / Batman"", ""Bat-Embargo"", ""Batmarine"", ""History of Batman"", ""Brucewayne"", ""The Caped Crusader"", ""Batman/Bruce Wayne"", ""Batman"", ""Batsy"", ""Bruce Wayne (Batman)"", ""Bat man"", ""Skills and abilities of Batman"", ""Bat-Man"", ""The Bat-man"", ""New Look Batman"", ""Batman (Bruce Wayne)"", ""Matches Malone"", ""Silver Age Batman"", ""Batman (DC Comics)"", ""Bruno Diaz"", ""The bat-man"", ""Batman (comics)"", ""Bat Man"", ""Bruce Wayne"", ""Golden Age Batman"", ""Batdude"", ""Na na na na na na na na"", ""Batman Emblem"", ""THE BAT-MAN"", ""Skills, abilities, resources and equipment of Batman"", ""THE BATMAN"", ""Caped Crusader"", ""BAT-MAN"", ""Batman / Bruce Wayne"", ""The batman"", ""Batman emblem"", ""The Batman Handbook: The Ultimate Training Manual"", ""Batman""]"
tc_2306,Who did Jack Ruby shoot in November 1963?,Lee Harvey Oswald,95,1,"[""Oswald the Lone Assassin"", ""Lone Nut Theory"", ""Lone gunman"", ""Lee Oswald"", ""Lee H. Oswald"", ""A.J. Hidell"", ""L.H.O."", ""L. H. Oswald"", ""L.H.O"", ""Alek J. Hidell"", ""Maria Oswald Porter"", ""Lee harvey oswald"", ""Lee Harvey Oswald (photo)"", ""Lee Harvey Oswald's"", ""Lee Harvey Oswald"", ""Lee harvy oswald"", ""Lone gunman theory"", ""Alek James Hidell"", ""Lee Harvey Ostwald"", ""Lee Harvey Oswald""]"
tc_2317,Who was the first American to travel faster than the speed of sound?,Chuck Yeager,95,1,"[""Glennis Faye Dickhouse"", ""Chuck Yaeger"", ""Glennis Dickhouse"", ""Glennis Yeager"", ""Charles Elwood Yeager"", ""Chuck yeager"", ""Charles Yeager"", ""Victoria Scott D'Angelo"", ""Chuck Yeager"", ""Charles Elwood %22Chuck%22 Yeager"", ""Charles E. Yeager"", ""Chuck yager"", ""Chuck yeagar"", ""Chuck Jaeger"", ""Chuck Yeagar"", ""Chuck Yeager""]"
tc_2331,Who was the first US president Barbara Walters interviewed?,Richard Nixon,60,1,"[""I'm not a crook"", ""Richard nixon"", ""Nixson"", ""Richard Milhouse Nixon"", ""Richard Milhous Nixon"", ""Nixonian"", ""Richard Nixon"", ""Dick Nixon"", ""Nixonite"", ""Nixon, Richard"", ""37th President of the United States"", ""Resignation of Richard Nixon"", ""Richard Nickson"", ""Tricky Dick Nixon"", ""Nixon's"", ""Arthur Burdg Nixon"", ""Richard M. Nixon"", ""Tricky Dick"", ""Arthur Nixon"", ""Nixon"", ""Harold Samuel Nixon"", ""Richard M Nixon"", ""Harold Nixon"", ""Nixon, Richard Milhous"", ""Nixon, Richard M."", ""Nichard rixon"", ""Nixon""]"
tc_2350,Which orchestral conductor was married to one of the subjects of the film Hillary and Jackie?,Daniel Barenboim,60,1,"[""Daniel Barenboim and Wagner"", ""Daniel barenboim"", ""Daniel Barenboim"", ""Daniel Barenboim""]"
tc_2359,Which writer and politician became Lord Tweedsmuir?,John Buchan,60,1,"[""John Scantlebury Blenkiron"", ""Buchan, John, Sir"", ""Buchanesque"", ""John Blenkiron"", ""John Buchan, Baron Tweedsmuir"", ""John Buchan"", ""John, Sir Buchan"", ""Sir John Buchan"", ""Buchan, John"", ""Lord Tweedsmuir"", ""John Buchan, 1st Baron Tweedsmuir"", ""Baron Tweedsmuir of Elsfield"", ""John S. Blenkiron"", ""John Buchan""]"
tc_2380,In what year was the first Tarzan novel published?,1912,60,0,"[""one thousand, nine hundred and fourteen"", ""1914"", ""1914""]"
tc_2400,In which country were motorized ambulances first used?,France,60,1,"[""La Republique francaise"", ""Franciaorsz\u00e1g"", ""La Republique fran\u00e7aise"", ""Belle France"", ""FRANCE"", ""Republique fran\u00e7aise"", ""France"", ""Ranska"", ""Franciaorszag"", ""French Republic"", ""R\u00e9publique francaise"", ""R\u00e9publique fran\u00e7aise"", ""ISO 3166-1:FR"", ""Frankreich"", ""France (country)"", ""Etymology of France"", ""FrancE"", ""La R\u00e9publique fran\u00e7aise"", ""People of France"", ""Republic of France"", ""Fracne"", ""Le France"", ""The French Republic"", ""Republique francaise"", ""The Republic of France"", ""La R\u00e9publique francaise"", ""La France"", ""Rain in France"", ""Republic of france"", ""FRance"", ""Frakkland"", ""Climate of France"", ""Franse"", ""France""]"
tc_2417,What is the Pacific terminus of the Trans Siberian Railway?,Vladivostok,95,1,"[""\ube14\ub77c\uc9c0\ubcf4\uc2a4\ub610\ud06c"", ""Port may city"", ""Wladivostok"", ""Vladivostok"", ""Haishenwei"", ""Vladivostoksky Urban Okrug"", ""Vladivostokskaya"", ""Wladiwostok"", ""Vladivostokskoye"", ""Vladivistok"", ""Vladisvostok"", ""\u6d77\u53c2\u5d34"", ""Vladivostoksky"", ""Vladivostok, Russia"", ""\u6d66\u5869\u65af\u5fb3"", ""UN/LOCODE:RUVVO"", ""\ube14\ub77c\ub514\ubcf4\uc2a4\ud1a0\ud06c"", ""\u6d66\u5869"", ""Vladivostok Urban Okrug"", ""Vladvostok"", ""\uc6b8\ub77c\uc9c0\ubcf4\uc2a4\ub610\ud06c"", ""\u0412\u043b\u0430\u0434\u0438\u0432\u043e\u0441\u0442\u043e\u043a"", ""Haishenwai"", ""\u30a6\u30e9\u30b8\u30aa\u30b9\u30c8\u30c3\u30af"", ""Vladivostock"", ""\u0412\u043b\u0430\u0434\u0438\u0432\u043e\u0441\u0442\u043e\u0301\u043a"", ""\u7b26\u62c9\u8fea\u6c83\u65af\u6258\u514b"", ""\u30a6\u30e9\u30b8\u30aa"", ""Vladivostok""]"
tc_2454,What is the name of the mountain pass which lies between Pakistan and Afghanistan?,Khyber Pass,60,1,"[""Kyber pass"", ""Khyber Pass"", ""Khyber pass"", ""Kaiber pass"", ""Khyber Gate"", ""Khaibar Pass"", ""\u062f\u0631\u06c1 \u062e\u06cc\u0628\u0631"", ""Khaiber Pass"", ""Khyber pass""]"
tc_2457,"What is the name of the group of 1,196 islands in the North Indian Ocean, none bigger than five square miles?",Maldives,60,1,"[""Religion in the Maldives"", ""Maldivian Republic"", ""The Republic of the Maldives"", ""Iru fushi"", ""Republic of Maldives"", ""Sultanate of Maldives"", ""Largest cities in the Maldives"", ""ISO 3166-1:MV"", ""Maldive islands"", ""Maldives island"", ""\u078b\u07a8\u0788\u07ac\u0780\u07a8\u0783\u07a7\u0787\u07b0\u0796\u07ad\u078e\u07ac \u0796\u07aa\u0789\u07aa\u0780\u07ab\u0783\u07a8\u0787\u07b0\u0794\u07a7"", ""Dehevi Jumhuriyya"", ""Sultanate of the Maldives"", ""The Maldives"", ""The Maldivies"", ""Maldives/History"", ""Maldivas"", ""Maldives"", ""Environmental issues in the Maldives"", ""Rep Of Maldives"", ""Indian/Maldives"", ""Irufushi"", ""Employment & Labour in Maldives"", ""Maledives"", ""Islamic Republic of the Maldives"", ""Government of Maldives"", ""Rep of Maldives"", ""Republic of the Maldive Islands"", ""The Republic of Maldives"", ""Maldive"", ""Etymology of Maldives"", ""\u078b\u07a8\u0788\u07ac\u0780\u07a8\u0783\u07a7\u0787\u07b0\u0796\u07ac"", ""Republic of the Maldives"", ""Maldives""]"
tc_2481,Which Syrian city is said to be the oldest continually inhabited city in the world?,Damascus,95,1,"[""Damascuc"", ""Damascos"", ""Emirate of Damascus"", ""Damascus"", ""City of jasmin"", ""Asia/Damascus"", ""Damaskos"", ""City of Jasmin"", ""Al Shamie"", ""Ash-Sh\u0101m"", ""\u062f\u0645\u0634\u0642"", ""\u0627\u0644\u0634\u0627\u0645"", ""Sultanate of Damascus"", ""Demographics of Damascus"", ""History of Damascus"", ""Ancient City of Damascus"", ""Al-Shami"", ""Damascus, SY"", ""Damascus in the middle ages"", ""Dimashq"", ""Damascus, Syria"", ""Ancient damascus"", ""Medieval damascus"", ""Classical damascus"", ""Capital of Syria"", ""Damaskus"", ""Damascus""]"
tc_2496,Who was king of France at the time of the French Revolution?,Louis XVI,95,1,"[""Louis Seize"", ""Louis 16"", ""Louis-Seize"", ""Louis-Auguste, Duke of Berry"", ""Louis Auguste de France"", ""Louis 16 of France"", ""Louis XVI of France"", ""Louis XVI, King of the French"", ""King Louis XVI of France"", ""Louis Vi. of France"", ""Louis xvi"", ""Louis-Auguste de France"", ""Louis the XVI"", ""Louis Xvi"", ""Louis XVI of france"", ""Louis Bourbon"", ""Louis-Auguste (Louis XVI)"", ""King Louis 16"", ""Louis \u2169\u2164\u2160"", ""Louis the Sixteenth"", ""King Louis XVI"", ""Sophie-Beatrix"", ""Citoyen Louis Capet"", ""Louis Capet"", ""Louis The Sixteenth"", ""Louis XVI"", ""Louis XVI""]"
tc_2499,What is the principal language of Bulgaria?,Bulgarian,95,1,"[""Bulgarian"", ""Bulgarian (disambiguation)"", ""Bulgarian""]"
tc_2505,"What is the name of the cathedral in Red Square, Moscow?",Saint Basil's Cathedral,95,1,"[""Cathedral of the Intercession"", ""Pokhrovsky Cathedral"", ""Pokhrovsky cathedral"", ""St. Basil's Cathedral"", ""St. Basil\u2019s Cathedral"", ""Saint Basil's"", ""Cathedral of St Basil"", ""Pokrovsky cathedral"", ""Pokrovsky Cathedral"", ""The Cathedral of Intercession of the Virgin on the Moat"", ""St Basil Cathedral"", ""Saint Basil Cathedral"", ""Pokrovskiy Cathedral (also known as Saint Basil's Cathedral)"", ""St Basil's Cathedral"", ""St. Basil's"", ""Saint Basil's Cathedral"", ""Intercession Cathedral"", ""St. Basil's""]"
tc_2506,Which country is known to its people as Suomen Tasavalta?,Finland,90,1,"[""FinlanD"", ""FINLAND"", ""Suomen tasavalta"", ""Suomen Tasavalta"", ""Republiken Finland"", ""Finlande"", ""Finland"", ""Finland during World War II"", ""Finnland"", ""Finland's"", ""Republic of Finland"", ""Etymology of Finland"", ""Fin land"", ""Name of Finland"", ""Finn Land"", ""ISO 3166-1:FI"", ""Northern Finland"", ""Finland""]"
tc_2524,Which crusade was led by Philip II Augustus of France and Richard I of England?,The Third Crusade,60,1,"[""Third crusade"", ""3rd Crusade"", ""Kings' Crusade"", ""3rd crusade"", ""Kings' crusade"", ""Kings crusade"", ""Third Crusade"", ""Crusade of 1189"", ""The Third Crusade"", ""Third crusade""]"
tc_2544,In which Netherlands city does the United Nations International Court of Justice sit?,The Hague,95,1,"[""The hague"", ""Hague, Netherlands"", ""The Hauge"", ""UN/LOCODE:NLHAG"", ""'s-Gravenhage"", ""The haig"", ""Hague, The"", ""Den hague"", ""S%60Gravenshage"", ""Lahey"", ""S-Gravenhage"", ""'s Gravenhage"", ""Hague"", ""Den Hagg"", ""\u2019s-Gravenhage"", ""Den Haag"", ""The Hague, Netherlands"", ""The Hague"", ""Gravenhage"", ""The Hague, The Netherlands"", ""Municipality of The Hague"", ""Den haag"", ""The Hague""]"
tc_2556,"In which battle did Harold II, the last Saxon king, lose his life?",Battle of Hastings,90,1,"[""Battle at Hastings"", ""Hastings, Battle of"", ""Battle of Senlac"", ""The Battle Of Hastings"", ""The battle of hastings"", ""Hastings battle"", ""Battle of Hastings"", ""Battle of 1066"", ""Battle of harstings"", ""The Battle of Hastings"", ""Battle Of Hastings"", ""Battle of hastings"", ""Battle of Harstings"", ""Battle of Hastings""]"
tc_2564,Who proclaimed the People's Republic of China in 1949?,Mao Zedong,95,1,"[""Mao Ze-dong"", ""Maozedong"", ""Mao Tse-Tung"", ""Genealogy of Mao Zedong"", ""Mao Tse'tung"", ""Mao Tse Tong"", ""Mao Zedang"", ""\u6bdb\u6fa4\u6771"", ""\u6bdb\u4e3b\u5e2d"", ""Chairman Mao Zedong"", ""Mao Tse-Dong"", ""More Ze-dong"", ""Mao tse Tung"", ""Mao Tsedung"", ""\u6bdb\u6cfd\u4e1c"", ""Mao zedung"", ""Mao Yongzhi"", ""Mao Tsedong"", ""Mao Runzhi"", ""Mao Tse Toung"", ""Mao Ze Dong"", ""Mao Zedong (Mao Tse-tung)"", ""Mao Tsetung"", ""Zedong"", ""M\u00e1o Z\u00e9d\u014dng"", ""Mall Zedong"", ""Zedong Mao"", ""\u6f64\u829d"", ""Mao Tse-dong"", ""Jun-Chih"", ""Mao Tse-toung"", ""Mao Dsu Tung"", ""Mao Zadong"", ""Mao Se Tung"", ""R\u00f9nzhi"", ""Mao Tse-tung"", ""Zdong"", ""Mao Zedong"", ""Mao zedong"", ""Junchih"", ""Mao-Tse-tung"", ""Jun-chih"", ""Chairman Mao Tse-tung"", ""Mao-Tse Tung"", ""Mao Tse Tung"", ""Mao Tse-Dung"", ""Mao Tsetong"", ""Poems by Mao Zedong"", ""Mousie Dung"", ""Mau: tsu.tUNG"", ""Mall Ze-dong"", ""Early life of Mao"", ""Mao Ze-Dung"", ""Mao Zhedong"", ""M\u00e1o Z\u00e9dong"", ""Mao Tse-Tounge"", ""Mao tse-tung"", ""Mao Tze-Tung"", ""Mao ZeDong"", ""Mao Ts\u00e9-toung"", ""Political ideas of Mao Zedong"", ""Mao Tse-tong"", ""Runzhi"", ""Chairman Mao"", ""\u6f64\u829d\u00b9"", ""\u6da6\u829d"", ""Mao Tse-dung"", ""Mao tsetong"", ""Tse Tung Mao"", ""First Red Emperor"", ""Tse-tung Mao"", ""Mao"", ""Mao Tze Tung"", ""Poetry by Mao Zedong"", ""Chairman of the Politburo and Secretariat"", ""Mao Tze-tung"", ""R\u00f9nzh\u012b"", ""More Zedong"", ""Mao Zedong""]"
tc_2573,"Which wife of Henry VIII had already married twice before she became queen, and married for a fourth time after Henry's death?",Catherine Parr,60,1,"[""Katheryn Parre"", ""Queen Katherine Parr"", ""Kateryn Parre"", ""Katherine Parr"", ""Katharine Parr"", ""Catherine Parr"", ""Catherine Parre"", ""Lady Latimer"", ""Catherine Borough"", ""Katherine Borough"", ""Katheryn Parr"", ""Kateryn Parr"", ""Anthony Martienssen"", ""Katharine Parre"", ""Katherine Parre"", ""Queen Catherine Parr"", ""Lady Lattimer"", ""Catherine Parr""]"
tc_2580,In which country is the castle that gives the Habsburg dynasty its name?,Switzerland,60,1,"[""ISO 3166-1:CH"", ""Svissland"", ""Etymology of Switzerland"", ""Confederation Helvetia"", ""Swizerland"", ""Confederatio Helvetica"", ""Environmental Integrity Group"", ""Confoederatio Helvetica"", ""Svizra"", ""SWITZERLAND"", ""Conf\u00e9d\u00e9ration suisse"", ""SwissEnergy"", ""Schweitz"", ""\u0160v\u00fdcarsko"", ""Die Schweiz"", ""Schwitzerland"", ""Confederation suisse"", ""Der Schweiz"", ""Swiss Confederated States"", ""Suiza"", ""Switz"", ""Switzeland"", ""Schweiz"", ""Confederation Helvetica"", ""Switserland"", ""Suisse"", ""Schweizerische Eidgenossenschaft"", ""Switzerland information"", ""Confederaziun Svizra"", ""Switzer land"", ""Switzerland"", ""Land of the Switzers"", ""Swiss confederation"", ""Conf\u0153deratio Helvetica"", ""Swiss"", ""Confederation Suisse"", ""Confederation of Helvatia"", ""Land of the Swiss"", ""Confederaziun svizra"", ""Svizzera"", ""Swissland"", ""Swizterland"", ""Conf\u00e9d\u00e9ration Suisse"", ""Confederazione Svizzera"", ""Swiss Confederation"", ""Switzerland""]"
tc_2622,In which parliament has the UK 87 seats for members who are elected for a five0-year term?,European Parliament,60,1,"[""Common Assembly"", ""European parliment"", ""European Union Parliament"", ""Europarliament"", ""Eu parl"", ""Euro Parliament"", ""EU Parliament"", ""Euparl"", ""Assembly of the European Communities"", ""European Parliamentary"", ""Common Assembly of the European Coal and Steel Community"", ""European parliament"", ""EU parliament"", ""European Assembly"", ""Parliament of the European Union"", ""The European Parliament"", ""Parliament of the EU"", ""Parliament of Europe"", ""European Parliament"", ""Europarl"", ""Eu parliament"", ""Strasbourg Parliament"", ""European Parliamentary Assembly"", ""European Parliament's"", ""Parliament of European Union"", ""EuroParl"", ""European Chamber"", ""European Parliament""]"
tc_2644,What was the former name of the British Green Party?,Ecology Party,60,1,"[""Green Party of the United Kingdom"", ""Green Party (1985-90)"", ""Ecology Party"", ""PEOPLE Party (UK 1973 - 75)"", ""The Green Party of Great Britain"", ""Green Parties (UK)"", ""Green parties (United Kingdom)"", ""UK Green Party"", ""British Green Party"", ""Green parties (UK)"", ""Green Party (UK)"", ""People Movement"", ""Green Party of Great Britain"", ""Green Party UK"", ""Green Party (United Kingdom)"", ""Green party UK"", ""Green party (united kingdom)"", ""Green Parties (United Kingdom)"", ""Green Party (1985\u20131990)"", ""Ecology Party""]"
tc_2669,"""What is the more common name of the """"simple plurality"""" system of voting?""",First-past-the-post,90,1,"[""First-past-the-post electoral system"", ""FPTP"", ""First-Past-The-Post"", ""First past the post"", ""First past the post electoral system"", ""Multiple member first-past-the-post voting"", ""First-past-the-post"", ""First Past The Post"", ""First-Past-The-Post Voting"", ""First Past the Post (FPTP)"", ""First Past the Post electoral system"", ""First past the post system"", ""First-Past-The-Post Method"", ""First Past the Post"", ""First-past-the-post election system"", ""First-past-the-post voting"", ""First pass the post"", ""Simple-majority"", ""First past the post""]"
tc_2677,What word for unthinking patriotism is derived from the name of one of Napoleon's admirers?,Chauvinism,60,1,"[""Chauvinist pig"", ""Male chauvinism"", ""Chauvinist"", ""Male chauvinists"", ""Chauvinistic"", ""Male chauvinist pig"", ""Chauvanistic"", ""Chauvenism"", ""Male chauvinist pigs"", ""Female Chauvinism"", ""Female chauvinism"", ""Male chauvinist"", ""Chauvanist"", ""Chauvinism"", ""Chauvanism"", ""Chauvinism""]"
tc_2687,Which builder of steam engines formed a successful partnership with Matthew Boulton?,James Watt,95,1,"[""James Watt (inventor)"", ""James Watt"", ""James Watt of Scotland"", ""James Watt of Scottland"", ""Watt, James"", ""James Watt""]"
tc_2699,What was the nickname of the French singer Edith Piaf?,The Little Sparrow,90,1,"[""Little Sparrow"", ""The Little Sparrow"", ""The Little Sparrow""]"
tc_2701,Whose birthday is celebrated by a public holiday on the third Monday in January in the USA?,Martin Luther King Jr.,95,1,"[""The Reverend Doctor Martin Luther King, Junior"", ""Martin Luther King,Jr."", ""MLK Jr."", ""Luther king jr"", ""Rev. Martin Luther King, Jr."", ""Michael luther king, jr."", ""M. L. K., Junior"", ""Dr. Martin Luther King, Jr."", ""M L K Jr"", ""Michael King II"", ""Mlkj"", ""M.L.K."", ""M. L. K."", ""M.L.K., Junior"", ""Martin Luther, Jr. King"", ""Martin Luther King Jr"", ""King, Martin Luther, Jr."", ""Rev. Dr. Martin Luther King, Jr."", ""Martin Luther King"", ""Michael King, Jr."", ""M L K, Jr."", ""Dr.martin luther king jr."", ""M.L.K., Jr"", ""M. L. K., Jr"", ""Rev. Dr. Martin Luther King, Jr"", ""Martin Luther King, Jr"", ""Rev. Dr. Martin Luther King Jr."", ""Martin Luther King, Junior"", ""Dr King"", ""Dr Martin Luther King"", ""M.L.K.,Jr."", ""DMLKJ"", ""M L K Jr."", ""Martin Luther King Junior"", ""M. L. King"", ""M.L.K. Jr."", ""M. L. K. Jr."", ""Why Jesus Called A Man A Fool"", ""Biography of Martin Luther King"", ""MLK,Jr."", ""Martin Luther-King"", ""Martin Luther King Jr."", ""Kingian"", ""M. L. K. Junior"", ""M.L.K. Junior"", ""Rev. Martin Luther King Jr."", ""Dr. Martin L. King"", ""Doctor Martin Luther King"", ""Dr. King"", ""Martin King, Jr."", ""Martain Luther King"", ""M.L.K.,Jr"", ""Martin Luther King, Jr."", ""Martin Luther King, Jr,"", ""M L K, Junior"", ""MLK,Jr"", ""Doctor King"", ""Martin luther king"", ""Dr. Martin Luther King Jr."", ""Martin Luther King, jr."", ""Martin L. King"", ""MLK, Jr."", ""Doctor Martin Luther King, Jr."", ""M L K, Jr"", ""Martin L. King Jr."", ""Mlk"", ""Martin Luther King, jr"", ""M L K Junior"", ""Martin luther ling"", ""MLK, Junior"", ""M L K"", ""Why Jesus Called Man a Fool"", ""Rev. Dr. Martin Luther King Jr"", ""MLK, Jr"", ""Mlk Jr."", ""M. L. K., Jr."", ""M.L.K., Jr."", ""The Reverend Dr. Martin Luther King, Jr."", ""Reverend Martin Luther King Jr."", ""Reverend Martin Luther King, Jr."", ""Martin Luther King,Jr"", ""Martin Luther King II"", ""Reverend Martin Luther King, Jr"", ""Dr. Martin Luther King"", ""Mlk jr"", ""Martin Luther king"", ""MLK"", ""Luther King"", ""Reverend King"", ""Martin luthur king jr"", ""Martin Luther King Jr. (redirects)"", ""Martin luther king changes the world"", ""MLK Jr"", ""Mlk junior"", ""Mlk jr."", ""Dr. Martin Luther King, Jr"", ""M.L.K. Jr"", ""M. L. K. Jr"", ""Martin luther king jr"", ""Martin Luther King""]"
tc_2718,What type of coal is brown and fibrous?,Lignite,60,1,"[""Xyloid coal"", ""Brown coal"", ""Xyloid lignite"", ""Perfect lignite"", ""Lignite coal"", ""Uses of lignite"", ""Compact lignite"", ""Lignite"", ""Lignite""]"
tc_2728,What raw material is used for making glass?,Sand,95,1,"[""Sandiest"", ""Coversand"", ""Desert sand"", ""Psammophilous"", ""Psammophile"", ""Sand"", ""Floor sugar"", ""Sand-grain"", ""Floor-sugar"", ""Sand grain"", ""Grains of sand"", ""Sand""]"
tc_2736,What kind of an organism is a truffle?,Fungus,95,1,"[""Fungus kingdom"", ""Fungal proteins"", ""Mycetes"", ""Antigens, fungal"", ""Mycetae"", ""Fungus Plants"", ""Fungal growth"", ""Eumycota"", ""Fungus"", ""Funghi"", ""Kingdom fungi"", ""Mycete"", ""Antibodies, fungal"", ""Fugus"", ""Fungi"", ""Mycota"", ""Fungis"", ""Fungii"", ""Multicellular fungi"", ""Fungal"", ""Fungal development"", ""Sexuality of fungi"", ""Fungi kingdom"", ""Eumycetes"", ""Fungus""]"
tc_2740,What is the name of the strong material found in plant cell walls?,Cellulose,95,1,"[""E460"", ""Rosette terminal complex"", ""Cellulosic"", ""Cellulolysis"", ""Cellulose ester"", ""Cellulolytic"", ""Cellulose"", ""Cellulolysys"", ""Tunicin"", ""Tunicine"", ""Cellulose""]"
tc_2744,What name is given to the change of state from liquid to gas?,Evaporation,95,1,"[""Evaporating"", ""Vapourization"", ""Evapouration"", ""Verdunstung"", ""Vaporized"", ""\u00c9vaporation"", ""Evaporates"", ""Evapourate"", ""Evaporation"", ""Vaporizing"", ""Vaporise"", ""Evaporate"", ""Vapourise"", ""Evaporated"", ""Vaporizes"", ""Evaporation""]"
tc_2758,"Which branch of science has four fundamental principles: addition, subtraction, multiplication, and division.",Mathematics,95,0,"[""+-*/"", ""Arithmetic operations"", ""Arithmetics"", ""Multiplicative operator"", ""Arithmetik"", ""Aritmetika"", ""Arithmetic operation"", ""History of arithmetic"", ""Arithmatic"", ""Arithmetic operators"", ""Rithmetic"", ""Arithmetician"", ""+-x/"", ""+\u2212\u00d7\u00f7"", ""Arithmetic operator"", ""Arithmetical operations"", ""Arithmetic"", ""Additive operator"", ""Arithmetic""]"
tc_2767,What is the force that opposes the relative motion of two bodies that are in contact?,Friction,95,1,"[""Frictional Force"", ""Coefficient of sliding friction"", ""Limiting friction"", ""Static friction"", ""Angle of friction"", ""Frictionless"", ""Internal friction"", ""Coefficient of static friction"", ""Kinetic Friction"", ""Frictional force"", ""Friction physics"", ""Sliding Friction"", ""Static Friction"", ""Friction angle"", ""Starting friction"", ""Kinetic friction"", ""Coefficient of kinetic friction"", ""Sliding friction"", ""Starting Friction"", ""Frictional coefficient"", ""Coulomb's law of friction"", ""Friction coefficient"", ""Dry friction"", ""Coefficient of friction"", ""Dynamic friction"", ""Friction"", ""Contact friction"", ""Force of friction"", ""Friction coefficients"", ""Coulomb friction"", ""Friction""]"
tc_2805,What is the fastest animal on two legs?,Ostrich,95,1,"[""Ostrich farms"", ""An Ostrich"", ""Ostrich Egg"", ""Ostriches"", ""Struthio camelus"", ""Ostrage"", ""Common Ostrich"", ""Ostrich farming"", ""Masai Ostrich"", ""Ostritch"", ""Common ostrich"", ""Osterich"", ""Ostrish"", ""Struthious"", ""Osterish"", ""Ostrich"", ""Ostrich farm"", ""Ostridge"", ""Ostrich Racing"", ""Ostrich race"", ""Ostrich meat"", ""Ostrich farmer"", ""An Ostrich""]"
tc_2806,What is the green pigment used by plants to trap sunlight?,Chlorophyll,95,1,"[""C55H70O6N4Mg"", ""Chlorophyll"", ""Chorophyll"", ""C55H72O5N4Mg"", ""Chlorophyl"", ""Chlorophylls"", ""Chlorophyllose"", ""Chlorafil"", ""E140 (E number)"", ""Chlorophyllous"", ""C35H30O5N4Mg"", ""Leaf-green"", ""Clorophyl"", ""C54H70O6N4Mg"", ""Chlorophil"", ""Clorofill"", ""Leafgreen"", ""Cholorophyll"", ""Cholorophyl"", ""Leaf green"", ""C35H28O5N4Mg"", ""Chlorophyll""]"
tc_2814,What id the name given to the study of birds?,Ornithology,95,1,"[""Ornothology"", ""Study of Birds"", ""Ornithology"", ""Science of birds"", ""Ornithologist"", ""Ornithologically"", ""Ornithological"", ""History of ornithology"", ""Birdlore"", ""Ornithologic"", ""Orthinology"", ""Bird watching towers"", ""Ornathology"", ""Ornithology""]"
tc_2816,"Of which reptile are there only two species, one living in the Mississippi and the other in China?",Alligator,95,1,"[""Alligator"", ""Alligators"", ""Aligator"", ""Alligator""]"
tc_2818,"What type of seaweed grows up to 100 meters in length, and is farmed for its alginates?",Kelp,60,1,"[""Laminariales"", ""Kelp"", ""Kelps"", ""Kelp""]"
tc_2829,Where in a vertebrate would you find the protein myoglobin?,In the muscles,95,0,"[""Muscle tissue"", ""Muscle tissue""]"
tc_2833,"What is the most abundant substance in the plant kingdom, which no mammal produces the enzyme to digest?",Cellulose,60,1,"[""E460"", ""Rosette terminal complex"", ""Cellulosic"", ""Cellulolysis"", ""Cellulose ester"", ""Cellulolytic"", ""Cellulose"", ""Cellulolysys"", ""Tunicin"", ""Tunicine"", ""Cellulose""]"
tc_2834,"Which family of insects has species named 'drivers', 'weavers', 'and even individuals called 'soldiers'?",Ants,95,1,"[""History of ants"", ""Giant ant"", ""Ant trail"", ""Worker ant"", ""Drone Ant"", ""Ants"", ""Formicidae"", ""Ant"", ""Ants communication"", ""Ergate"", ""Ant trails"", ""\ud83d\udc1c"", ""Ant""]"
tc_2836,What name is given to the study of animal behavior?,Ethology,95,1,"[""Animal behavior"", ""Behavioural biology"", ""Behavioral Biology"", ""Social ethology"", ""Animal behaviorist"", ""Behavior (biology)"", ""Natural Behavior"", ""Ethological"", ""Animal Learning"", ""Behaviour (biology)"", ""Ethography"", ""Animal behaviour"", ""Animal Behavior"", ""Ethology"", ""Bestial Instinct"", ""Animal Behaviour"", ""Ethologist"", ""History of ethology"", ""Behavioral biology"", ""Behavior, animal"", ""Ethologists"", ""Etology"", ""Ethology""]"
tc_2838,Mosses are classified as belonging to which part of the plant kingdom?,Bryophytes,60,0,"[""Bryophyta (disambiguation)"", ""Bryophyta"", ""Bryophyta""]"
tc_2841,"Which rodent rears its young, called kittens, in a nest called a drey?",Squirrel,95,1,"[""Skiouros"", ""Squirrell"", ""Squirell"", ""Squirel"", ""Scuridae"", ""Eichhornchen"", ""Squirl"", ""Squirrels"", ""Eichhoernchen"", ""Sciuridae"", ""Eichh\u00f6rnchen"", ""Rats with bushy tails"", ""Scuiridae"", ""Squirrel"", ""Bushy tailed tree rat"", ""Bigtail rat"", ""Sciurid"", ""Squirrl"", ""Squirrel""]"
tc_2849,What has a central vein called a midrib?,A leaf,95,1,"[""Adaxial"", ""Leaf"", ""Venatious"", ""Leavedly"", ""Midrib"", ""Veinlets"", ""Leafiness"", ""Opposite (botany)"", ""Leaf margin"", ""Leaf axils"", ""Leafedly"", ""Leaf veins"", ""Vein in Plants"", ""True leaves"", ""Mucro"", ""Basal leaf"", ""Spongy layer"", ""Abaxial"", ""Simple leaf"", ""Complex leaves"", ""Leaf margins"", ""Foilage"", ""Lepidote"", ""Parallel venation"", ""Leaf axil"", ""Hysteranthy"", ""Foliar"", ""Crenate"", ""Leaf sheath"", ""Compound leaves"", ""Complex leaf"", ""Leaf (botany)"", ""Dentate leaf"", ""Compound leaf"", ""Big-leafed"", ""Oblanceolate"", ""Elepidote"", ""Foliages"", ""Leaves"", ""Pinnately compound"", ""Megaphylls"", ""Simple (leaf)"", ""Leaves (botany)"", ""Mesophyll tissue"", ""Vein (botany)"", ""Elepidotes"", ""Foliage"", ""Axils"", ""Opposite (leaf)"", ""Axil"", ""Alternate (leaf)"", ""Leafily"", ""Plant leaves"", ""Alternate leaf"", ""Clasping"", ""Leafage"", ""Reticulate venation"", ""Leaf vein"", ""Alternate (botany)"", ""Mesophyll cell"", ""Simple leaves"", ""Leaf anatomy"", ""Simple (botany)"", ""Leaf""]"
tc_2850,"Which mammal constructs a lodge in which to store food, rear young, and pass the winter?",Beaver,95,1,"[""Beaverdams"", ""Beaver house"", ""Beavers"", ""Beaver pelt"", ""Beever"", ""Salt water beavers"", ""Beaverdam (habitat)"", ""Beaver"", ""Castor (zoology)"", ""Castor (genus)"", ""Beaver lodge"", ""Beaver houses"", ""Beaver""]"
tc_2861,What is the generic word for plants that grow in water or water-logged conditions?,Hydrophytes,60,1,"[""Hydrophyte"", ""Submersed aquatic vegetation"", ""Submerged aquatic vegetation"", ""Aquatic plant"", ""Submerged Aquatic Vegetation"", ""Hydrophytes"", ""Aquatic plants"", ""Water plant"", ""Aquatic vegetation"", ""Aquatic weed"", ""Hydrophytic plant"", ""Hydrophytes""]"
tc_2900,"Which teeth are the third molars, and are always the last to0 erupt?",Wisdom teeth,95,1,"[""Wisdom-tooth"", ""Wisdom teeth"", ""Third maxillary molar"", ""Wisdom Teeth"", ""3rd molar"", ""Molar, third"", ""Impaction (dental)"", ""Third mandibular molar"", ""Wisdom Tooth"", ""Maxillary third molar"", ""Impacted molar"", ""Third molar"", ""Wisdom tooth"", ""Third molar tooth"", ""Mandibular third molar"", ""Wisdom teeth""]"
tc_2901,What is secreted by the pancreas to regulate blood sugar levels?,Insulin,95,1,"[""Insulin antagonists"", ""Human Mixtard"", ""Insulin recombinant purified human"", ""INS (gene)"", ""Insulin Human"", ""C65R"", ""Insulin recombinant human"", ""C257H383N65O77S6"", ""Insulin purified pork"", ""Actraphane"", ""Insulin zinc susp recombinant human"", ""Insuline"", ""Insulin zinc susp prompt beef"", ""Insullin"", ""Insulin zinc susp semisynthetic purified human"", ""Insulin aspart recombinant"", ""B10H"", ""Insulin purified beef"", ""Insulin gene"", ""Insulin zinc susp extended recombinant human"", ""Aktrapid"", ""Oral insulin"", ""Insulin zinc susp purified pork"", ""Human mixtard"", ""Insulin zinc susp extended beef"", ""Insulin zinc susp extended purified beef"", ""Insulin release"", ""Insulin zinc susp purified beef"", ""Actrapid"", ""Insulin glargine recombinant"", ""Insulin zinc susp prompt purified pork"", ""Insulin pork"", ""Iletin i (beef-pork)"", ""Iletin II"", ""Insulin zinc susp beef"", ""Mixtard"", ""Insulin, porcine"", ""Insulin"", ""Insulin""]"
